-- phpMyAdmin SQL Dump
-- version 5.1.1
-- https://www.phpmyadmin.net/
--
-- Máy chủ: localhost
-- Thời gian đã tạo: Th8 18, 2023 lúc 04:02 AM
-- Phiên bản máy phục vụ: 10.2.43-MariaDB
-- Phiên bản PHP: 7.2.30

SET SQL_MODE = "NO_AUTO_VALUE_ON_ZERO";
START TRANSACTION;
SET time_zone = "+00:00";


/*!40101 SET @OLD_CHARACTER_SET_CLIENT=@@CHARACTER_SET_CLIENT */;
/*!40101 SET @OLD_CHARACTER_SET_RESULTS=@@CHARACTER_SET_RESULTS */;
/*!40101 SET @OLD_COLLATION_CONNECTION=@@COLLATION_CONNECTION */;
/*!40101 SET NAMES utf8mb4 */;

--
-- Cơ sở dữ liệu: `hoplucca_db`
--

-- --------------------------------------------------------

--
-- Cấu trúc bảng cho bảng `admin`
--

CREATE TABLE `admin` (
  `admin_id` int(11) NOT NULL,
  `admin_name` varchar(255) COLLATE utf8_unicode_ci DEFAULT NULL,
  `admin_login` varchar(255) COLLATE utf8_unicode_ci DEFAULT NULL,
  `admin_password` text COLLATE utf8_unicode_ci DEFAULT NULL,
  `admin_phone` varchar(255) COLLATE utf8_unicode_ci DEFAULT NULL,
  `admin_email` varchar(255) COLLATE utf8_unicode_ci DEFAULT NULL,
  `admin_note` text COLLATE utf8_unicode_ci DEFAULT NULL,
  `admin_state` int(11) DEFAULT 1,
  `admin_role` int(11) DEFAULT NULL
) ENGINE=InnoDB DEFAULT CHARSET=utf8 COLLATE=utf8_unicode_ci;

--
-- Đang đổ dữ liệu cho bảng `admin`
--

INSERT INTO `admin` (`admin_id`, `admin_name`, `admin_login`, `admin_password`, `admin_phone`, `admin_email`, `admin_note`, `admin_state`, `admin_role`) VALUES
(4, NULL, NULL, '$2y$10$02.uMGB26ln3fgNk8MyarOf8hnuaF/hWlukTDKk99Kb9TluOarctq', NULL, NULL, NULL, 1, NULL),
(5, 'cms', 'cms', '$2y$10$FtjsErf.CxMYTl3zt3xOpuvWvPOAHfdCxo/9apf.tw8Aky/udFN6i', '135778', '', '', 1, 1),
(6, 'Nguyễn Việt Hưng', 'viethung', '$2y$10$9ycMx54Hq3xeuIm.3hrSve8Un9BDloazth9wiZx0bA20wKLCHmqKy', '01672523165', 'viethung95cute@gmail.com', '', 1, 1),
(10, 'Admin', 'admin', '$2y$10$pQnLZDsdZKJVbgWbB598yen77tXDj1ekMCk6FJKk7B8YIrHXKPGmG', '', '', '', 1, 1),
(15, 'thuy thu', 'marketing', '$2y$10$dRGjdo8Y3ePp2PJmCrEF8eY7ak3OyuiNEjLkZUGbtaJ6FEDxKDqR2', '', '', '', 1, 1);

-- --------------------------------------------------------

--
-- Cấu trúc bảng cho bảng `admin_role`
--

CREATE TABLE `admin_role` (
  `admin_role_id` int(11) NOT NULL,
  `admin_role_name` varchar(255) COLLATE utf8_unicode_ci DEFAULT NULL
) ENGINE=InnoDB DEFAULT CHARSET=utf8 COLLATE=utf8_unicode_ci;

--
-- Đang đổ dữ liệu cho bảng `admin_role`
--

INSERT INTO `admin_role` (`admin_role_id`, `admin_role_name`) VALUES
(1, 'Admin'),
(2, 'Mod');

-- --------------------------------------------------------

--
-- Cấu trúc bảng cho bảng `cart`
--

CREATE TABLE `cart` (
  `id_cart` int(11) NOT NULL,
  `id_account` int(11) DEFAULT NULL,
  `session_id` varchar(255) COLLATE utf8_unicode_ci DEFAULT NULL,
  `total_price` double DEFAULT NULL,
  `total_cart` int(11) DEFAULT NULL,
  `date_cart` date DEFAULT NULL,
  `id_orderState` int(11) DEFAULT NULL,
  `note_cart` text COLLATE utf8_unicode_ci DEFAULT NULL,
  `name_buyer` varchar(255) COLLATE utf8_unicode_ci DEFAULT NULL,
  `mail_buyer` varchar(255) COLLATE utf8_unicode_ci DEFAULT NULL,
  `phone_buyer` varchar(255) COLLATE utf8_unicode_ci DEFAULT NULL,
  `address_buyer` text COLLATE utf8_unicode_ci DEFAULT NULL,
  `note_buyer` text COLLATE utf8_unicode_ci DEFAULT NULL
) ENGINE=InnoDB DEFAULT CHARSET=utf8 COLLATE=utf8_unicode_ci;

--
-- Đang đổ dữ liệu cho bảng `cart`
--

INSERT INTO `cart` (`id_cart`, `id_account`, `session_id`, `total_price`, `total_cart`, `date_cart`, `id_orderState`, `note_cart`, `name_buyer`, `mail_buyer`, `phone_buyer`, `address_buyer`, `note_buyer`) VALUES
(1, NULL, 'ialdc6erfkv2l1qioo161bvgs5', 790000, NULL, '2018-12-04', NULL, NULL, '2', '2@t.com', '2', '2', ''),
(2, NULL, 'g245rhsldlnkbhjjq39f24r1r1', -16431510000, NULL, '2019-06-29', NULL, NULL, 'Nguyễn Văn Sơn', 'son.nguyen@sig.biz', '0908326999', '129 Đường 12, KDC Cityland, Phường 10, Gò Vấp', 'Giao sớm dùm'),
(3, NULL, 'ru1mke9bd0qj9f5db7i8sk26m3', 620000, NULL, '2020-08-04', NULL, NULL, 'Phong', '', '0849888843', '288 pasteur, phường 8, quận 3', '');

-- --------------------------------------------------------

--
-- Cấu trúc bảng cho bảng `cartdetail`
--

CREATE TABLE `cartdetail` (
  `id_cartDetail` int(11) NOT NULL,
  `id_product` int(11) DEFAULT NULL,
  `session_id` varchar(255) COLLATE utf8_unicode_ci DEFAULT NULL,
  `price_product` double DEFAULT NULL,
  `qyt_product` int(11) DEFAULT NULL,
  `totalprice_product` double DEFAULT NULL,
  `subInfo1` text COLLATE utf8_unicode_ci DEFAULT NULL,
  `id_color` int(11) DEFAULT NULL,
  `id_size` int(11) DEFAULT NULL,
  `color` varchar(255) COLLATE utf8_unicode_ci DEFAULT NULL,
  `size` varchar(255) COLLATE utf8_unicode_ci DEFAULT NULL,
  `id_cart` int(11) NOT NULL
) ENGINE=InnoDB DEFAULT CHARSET=utf8 COLLATE=utf8_unicode_ci;

--
-- Đang đổ dữ liệu cho bảng `cartdetail`
--

INSERT INTO `cartdetail` (`id_cartDetail`, `id_product`, `session_id`, `price_product`, `qyt_product`, `totalprice_product`, `subInfo1`, `id_color`, `id_size`, `color`, `size`, `id_cart`) VALUES
(1, 1298, 'ialdc6erfkv2l1qioo161bvgs5', 790000, 1, 790000, NULL, 0, 0, '', '', 1),
(2, 1986, 'g245rhsldlnkbhjjq39f24r1r1', -5477170000, 3, -16431510000, NULL, 0, 0, '', '', 2),
(3, 2132, 'ru1mke9bd0qj9f5db7i8sk26m3', 620000, 1, 620000, NULL, 0, 0, '', '', 3);

-- --------------------------------------------------------

--
-- Cấu trúc bảng cho bảng `color`
--

CREATE TABLE `color` (
  `color_id` bigint(20) NOT NULL,
  `color_name` varchar(255) COLLATE utf8_unicode_ci DEFAULT NULL,
  `color_price` double DEFAULT NULL,
  `color_stock` int(11) DEFAULT NULL,
  `color_img` text COLLATE utf8_unicode_ci DEFAULT NULL,
  `product_id` int(11) DEFAULT NULL
) ENGINE=InnoDB DEFAULT CHARSET=utf8 COLLATE=utf8_unicode_ci;

-- --------------------------------------------------------

--
-- Cấu trúc bảng cho bảng `config`
--

CREATE TABLE `config` (
  `config_id` int(11) NOT NULL,
  `web_name` text COLLATE utf8_unicode_ci DEFAULT NULL,
  `web_meta` text COLLATE utf8_unicode_ci DEFAULT NULL,
  `web_des` text COLLATE utf8_unicode_ci DEFAULT NULL,
  `web_keyword` text COLLATE utf8_unicode_ci DEFAULT NULL,
  `web_logo` text COLLATE utf8_unicode_ci DEFAULT NULL,
  `web_hotline` text COLLATE utf8_unicode_ci DEFAULT NULL,
  `web_phone` text COLLATE utf8_unicode_ci DEFAULT NULL,
  `web_email` text COLLATE utf8_unicode_ci DEFAULT NULL,
  `content_home1` text COLLATE utf8_unicode_ci DEFAULT NULL,
  `content_home2` text COLLATE utf8_unicode_ci DEFAULT NULL,
  `content_home3` text COLLATE utf8_unicode_ci DEFAULT NULL,
  `content_home4` text COLLATE utf8_unicode_ci DEFAULT NULL,
  `content_home5` text COLLATE utf8_unicode_ci DEFAULT NULL,
  `content_home6` text COLLATE utf8_unicode_ci DEFAULT NULL,
  `content_home7` text COLLATE utf8_unicode_ci DEFAULT NULL,
  `content_home8` text COLLATE utf8_unicode_ci DEFAULT NULL,
  `content_home9` text COLLATE utf8_unicode_ci DEFAULT NULL,
  `content_home10` text COLLATE utf8_unicode_ci DEFAULT NULL,
  `facebook` varchar(200) COLLATE utf8_unicode_ci DEFAULT NULL,
  `google` varchar(200) COLLATE utf8_unicode_ci DEFAULT NULL,
  `twitter` varchar(200) COLLATE utf8_unicode_ci DEFAULT NULL,
  `google_map` varchar(200) COLLATE utf8_unicode_ci DEFAULT NULL,
  `youtube` varchar(200) COLLATE utf8_unicode_ci DEFAULT NULL,
  `icon_web` varchar(200) COLLATE utf8_unicode_ci DEFAULT NULL,
  `slideshow_home` text COLLATE utf8_unicode_ci DEFAULT NULL,
  `banner1` varchar(300) COLLATE utf8_unicode_ci DEFAULT NULL,
  `banner2` varchar(300) COLLATE utf8_unicode_ci DEFAULT NULL,
  `link_slide1` text COLLATE utf8_unicode_ci DEFAULT NULL,
  `link_slide2` text COLLATE utf8_unicode_ci DEFAULT NULL,
  `link_slide3` text COLLATE utf8_unicode_ci DEFAULT NULL,
  `link_banner` text COLLATE utf8_unicode_ci DEFAULT NULL
) ENGINE=InnoDB DEFAULT CHARSET=utf8 COLLATE=utf8_unicode_ci;

--
-- Đang đổ dữ liệu cho bảng `config`
--

INSERT INTO `config` (`config_id`, `web_name`, `web_meta`, `web_des`, `web_keyword`, `web_logo`, `web_hotline`, `web_phone`, `web_email`, `content_home1`, `content_home2`, `content_home3`, `content_home4`, `content_home5`, `content_home6`, `content_home7`, `content_home8`, `content_home9`, `content_home10`, `facebook`, `google`, `twitter`, `google_map`, `youtube`, `icon_web`, `slideshow_home`, `banner1`, `banner2`, `link_slide1`, `link_slide2`, `link_slide3`, `link_banner`) VALUES
(1, 'HỢP LỰC CẢNG VIỆT', '', ' Công ty TNHH Hợp Lực Cảng Việt - chuyên cung cấp các sản phẩm máy công nghiệp như máy phát điện, máy xát gạo, máy xới đất, máy tuốt lúa,... Các loại máy của chúng tôi là hàng nhập khẩu chính hãng với mức giá cả phù hợp với chất lượng sản phẩm.', 'HỢP LỰC CẢNG VIỆT', 'logo-hopluc.png', '', '', ' Công ty TNHH Hợp Lực Cảng Việt - chuyên cung cấp các sản phẩm máy công nghiệp như máy phát điện, máy xát gạo, máy xới đất, máy tuốt lúa,... Các loại máy của chúng tôi là hàng nhập khẩu chính hãng với mức giá cả phù hợp với chất lượng sản phẩm.', 'Km39+300 - X. Cẩm Phúc - H. Cẩm Giàng - Hải Dương', 'hopluccangviet@gmail.com', '0986 838 538', 'Km39+300 - X. Cẩm Phúc - H. Cẩm Giàng - Hải Dương', '', '0982 566 358', '', '', '', '', '', '', '', '', '', 'logo-hopluc.png', '[\"{\\\"image\\\":\\\"t01-fixSize880.jpg\\\"}\",\"{\\\"image\\\":\\\"t02-fixSize880.jpg\\\"}\",\"{\\\"image\\\":\\\"t04-fixSize880.jpg\\\"}\"]', '211.jpg', '', '', '', '', '');

-- --------------------------------------------------------

--
-- Cấu trúc bảng cho bảng `config_languages`
--

CREATE TABLE `config_languages` (
  `id` int(11) NOT NULL,
  `config_id` int(11) DEFAULT NULL,
  `languages_code` varchar(255) COLLATE utf8_unicode_ci DEFAULT NULL,
  `lang_web_name` text COLLATE utf8_unicode_ci DEFAULT NULL,
  `lang_web_meta` text COLLATE utf8_unicode_ci DEFAULT NULL,
  `lang_web_des` text COLLATE utf8_unicode_ci DEFAULT NULL,
  `lang_web_keyword` text COLLATE utf8_unicode_ci DEFAULT NULL,
  `lang_web_hotline` text COLLATE utf8_unicode_ci DEFAULT NULL,
  `lang_web_phone` text COLLATE utf8_unicode_ci DEFAULT NULL,
  `lang_web_email` text COLLATE utf8_unicode_ci DEFAULT NULL,
  `lang_content_home1` text COLLATE utf8_unicode_ci DEFAULT NULL,
  `lang_content_home2` text COLLATE utf8_unicode_ci DEFAULT NULL,
  `lang_content_home3` text COLLATE utf8_unicode_ci DEFAULT NULL,
  `lang_content_home4` text COLLATE utf8_unicode_ci DEFAULT NULL,
  `lang_content_home5` text COLLATE utf8_unicode_ci DEFAULT NULL,
  `lang_content_home6` text COLLATE utf8_unicode_ci DEFAULT NULL,
  `lang_content_home7` text COLLATE utf8_unicode_ci DEFAULT NULL,
  `lang_content_home8` text COLLATE utf8_unicode_ci DEFAULT NULL,
  `lang_content_home9` text COLLATE utf8_unicode_ci DEFAULT NULL,
  `lang_content_home10` text COLLATE utf8_unicode_ci DEFAULT NULL,
  `facebook` varchar(200) COLLATE utf8_unicode_ci NOT NULL,
  `google` varchar(200) COLLATE utf8_unicode_ci NOT NULL,
  `twitter` varchar(200) COLLATE utf8_unicode_ci NOT NULL,
  `google_map` text COLLATE utf8_unicode_ci NOT NULL,
  `youtube` varchar(20000) COLLATE utf8_unicode_ci NOT NULL,
  `icon_web` varchar(200) COLLATE utf8_unicode_ci NOT NULL,
  `edit_state` int(11) DEFAULT 0
) ENGINE=InnoDB DEFAULT CHARSET=utf8 COLLATE=utf8_unicode_ci;

--
-- Đang đổ dữ liệu cho bảng `config_languages`
--

INSERT INTO `config_languages` (`id`, `config_id`, `languages_code`, `lang_web_name`, `lang_web_meta`, `lang_web_des`, `lang_web_keyword`, `lang_web_hotline`, `lang_web_phone`, `lang_web_email`, `lang_content_home1`, `lang_content_home2`, `lang_content_home3`, `lang_content_home4`, `lang_content_home5`, `lang_content_home6`, `lang_content_home7`, `lang_content_home8`, `lang_content_home9`, `lang_content_home10`, `facebook`, `google`, `twitter`, `google_map`, `youtube`, `icon_web`, `edit_state`) VALUES
(1, 1, 'vn', 'HỢP LỰC CẢNG VIỆT', '', ' Công ty TNHH Hợp Lực Cảng Việt - chuyên cung cấp các sản phẩm máy công nghiệp như máy phát điện, máy xát gạo, máy xới đất, máy tuốt lúa,... Các loại máy của chúng tôi là hàng nhập khẩu chính hãng với mức giá cả phù hợp với chất lượng sản phẩm.', 'HỢP LỰC CẢNG VIỆT', '', '', ' Công ty TNHH Hợp Lực Cảng Việt - chuyên cung cấp các sản phẩm máy công nghiệp như máy phát điện, máy xát gạo, máy xới đất, máy tuốt lúa,... Các loại máy của chúng tôi là hàng nhập khẩu chính hãng với mức giá cả phù hợp với chất lượng sản phẩm.', 'Km39+300 - X. Cẩm Phúc - H. Cẩm Giàng - Hải Dương', 'hopluccangviet@gmail.com', '0986 838 538', 'Km39+300 - X. Cẩm Phúc - H. Cẩm Giàng - Hải Dương', '', '0982 566 358', '', '', '', '', '', '', '', '<p><iframe frameborder=\"0\" height=\"450\" src=\"https://www.google.com/maps/embed?pb=!1m18!1m12!1m3!1d59587.97785448771!2d105.80194413492788!3d21.02273601629448!2m3!1f0!2f0!3f0!3m2!1i1024!2i768!4f13.1!3m3!1m2!1s0x3135ab9bd9861ca1%3A0xe7887f7b72ca17a9!2zSGFub2ksIEhvw6BuIEtp4bq_bSwgSGFub2k!5e0!3m2!1sen!2s!4v1513235284242\" style=\"border:0\" width=\"600\"></iframe></p>\r\n', '', '', 1),
(2, 1, 'en', '', '', '', '', '', '', '', 'V-ONION Organic for your family', 'banhang@rio.net.vn', '+84 971 765 775', 'Số 12 ngõ 5, Tân Mỹ, P.Mỹ Đình 1, Q.Nam Từ Liêm, Hà Nội', 'Our factory start to operate in 2012, selling to trading companies to bring cargo to foreign countries. And in 2015, we establish our own company to export to customer directly. \r\nOur plywood is exported to Thailand, Indonesia, Korea, Malaysia, Taiwan and other countries.\r\n', 'MAIN PRODUCTS', 'Plywood, Core Veneer, Film faced plywood, Finger Joint , Sawn timber', 'CLIENTS - PARTNERS', 'TIMBER RELATED STORIES', '', '', '', '', '', '', '', 1);

-- --------------------------------------------------------

--
-- Cấu trúc bảng cho bảng `currency`
--

CREATE TABLE `currency` (
  `currency_id` int(11) NOT NULL,
  `currency_code` varchar(255) COLLATE utf8_unicode_ci DEFAULT NULL,
  `currency_name` text COLLATE utf8_unicode_ci DEFAULT NULL,
  `currency_exchange_rate` float DEFAULT NULL
) ENGINE=InnoDB DEFAULT CHARSET=utf8 COLLATE=utf8_unicode_ci;

-- --------------------------------------------------------

--
-- Cấu trúc bảng cho bảng `khoang_gia`
--

CREATE TABLE `khoang_gia` (
  `id` int(11) NOT NULL,
  `name` text COLLATE utf8_unicode_ci DEFAULT NULL
) ENGINE=InnoDB DEFAULT CHARSET=utf8 COLLATE=utf8_unicode_ci;

-- --------------------------------------------------------

--
-- Cấu trúc bảng cho bảng `languages`
--

CREATE TABLE `languages` (
  `languages_id` int(11) NOT NULL,
  `languages_code` varchar(255) COLLATE utf8_unicode_ci DEFAULT NULL,
  `languages_name` text COLLATE utf8_unicode_ci DEFAULT NULL
) ENGINE=InnoDB DEFAULT CHARSET=utf8 COLLATE=utf8_unicode_ci;

--
-- Đang đổ dữ liệu cho bảng `languages`
--

INSERT INTO `languages` (`languages_id`, `languages_code`, `languages_name`) VALUES
(1, 'vn', 'Tiếng Việt'),
(2, 'en', 'English');

-- --------------------------------------------------------

--
-- Cấu trúc bảng cho bảng `lien_he`
--

CREATE TABLE `lien_he` (
  `id` int(11) NOT NULL,
  `name` varchar(200) CHARACTER SET utf8 NOT NULL,
  `email` varchar(200) NOT NULL,
  `phone` varchar(100) NOT NULL,
  `address` varchar(500) CHARACTER SET utf8 NOT NULL,
  `comment` mediumtext CHARACTER SET utf8 NOT NULL,
  `time` timestamp NOT NULL DEFAULT current_timestamp() ON UPDATE current_timestamp()
) ENGINE=InnoDB DEFAULT CHARSET=latin1;

--
-- Đang đổ dữ liệu cho bảng `lien_he`
--

INSERT INTO `lien_he` (`id`, `name`, `email`, `phone`, `address`, `comment`, `time`) VALUES
(18, 'Nguyễn Việt Hưng', 'viethung95cute@gmail.com', '', '', 'sdfgsdfg', '2018-05-02 12:01:44'),
(19, 'Việt Hưng', 'viethung95cute@gmail.com', '1672523165', '', 'Tesst  Liên hệ lần 1 ^_^ -_- :D :v :))', '2018-05-07 02:40:46');

-- --------------------------------------------------------

--
-- Cấu trúc bảng cho bảng `menu`
--

CREATE TABLE `menu` (
  `menu_id` int(11) NOT NULL,
  `menu_name` text COLLATE utf8_unicode_ci DEFAULT NULL,
  `menu_sort_order` int(11) DEFAULT 0,
  `menu_type_id` int(11) DEFAULT NULL,
  `menu_url` text COLLATE utf8_unicode_ci DEFAULT NULL,
  `productcat_id` int(11) DEFAULT NULL,
  `newscat_id` int(11) DEFAULT NULL,
  `product_id` int(11) DEFAULT NULL,
  `page_id` int(11) DEFAULT NULL,
  `news_id` int(11) DEFAULT NULL,
  `state` int(11) DEFAULT NULL,
  `menu_parent` int(11) NOT NULL DEFAULT 0,
  `servicecat_id` int(11) DEFAULT NULL,
  `service_id` int(11) DEFAULT NULL,
  `state_menuHeader` int(11) DEFAULT NULL
) ENGINE=InnoDB DEFAULT CHARSET=utf8 COLLATE=utf8_unicode_ci;

--
-- Đang đổ dữ liệu cho bảng `menu`
--

INSERT INTO `menu` (`menu_id`, `menu_name`, `menu_sort_order`, `menu_type_id`, `menu_url`, `productcat_id`, `newscat_id`, `product_id`, `page_id`, `news_id`, `state`, `menu_parent`, `servicecat_id`, `service_id`, `state_menuHeader`) VALUES
(225, 'Trang chủ', 0, 1, '', 0, 0, 0, 0, 0, 1, 0, 0, 0, NULL),
(227, 'Sản phẩm', 2, 2, '', 0, 0, 0, 0, 0, 1, 0, 0, 0, NULL),
(236, 'Tin tức', 8, 6, '', 0, 0, 0, 0, 0, 1, 0, 0, 0, NULL),
(237, 'Liên hệ', 8, 9, '', 0, 0, 0, 0, 0, 1, 0, 0, 0, NULL),
(243, 'Giới thiệu', 1, 13, '', 0, 0, 0, 57, 0, 1, 0, 0, 0, NULL),
(244, 'Video', 7, 8, 'video', 0, 0, 0, 0, 0, 1, 0, 0, 0, NULL);

-- --------------------------------------------------------

--
-- Cấu trúc bảng cho bảng `menu_languages`
--

CREATE TABLE `menu_languages` (
  `id` bigint(20) NOT NULL,
  `languages_code` varchar(255) COLLATE utf8_unicode_ci NOT NULL,
  `lang_menu_name` text COLLATE utf8_unicode_ci DEFAULT NULL,
  `edit_state` int(11) NOT NULL DEFAULT 0,
  `urlFriendly_menu` varchar(255) COLLATE utf8_unicode_ci DEFAULT NULL,
  `menu_id` int(11) DEFAULT NULL
) ENGINE=InnoDB DEFAULT CHARSET=utf8 COLLATE=utf8_unicode_ci;

--
-- Đang đổ dữ liệu cho bảng `menu_languages`
--

INSERT INTO `menu_languages` (`id`, `languages_code`, `lang_menu_name`, `edit_state`, `urlFriendly_menu`, `menu_id`) VALUES
(427, 'vn', 'Trang chủ', 0, '', 225),
(428, 'en', 'Trang chủ', 0, '', 225),
(431, 'vn', 'Sản phẩm', 0, '', 227),
(432, 'en', 'Sản phẩm', 0, '', 227),
(449, 'vn', 'Tin tức', 0, '', 236),
(450, 'en', 'Tin tức', 0, '', 236),
(451, 'vn', 'Liên hệ', 0, '', 237),
(452, 'en', 'Liên hệ', 0, '', 237),
(463, 'vn', 'Giới thiệu', 0, '', 243),
(464, 'en', 'Giới thiệu', 0, '', 243),
(465, 'vn', 'Video', 0, 'video', 244),
(466, 'en', 'Video', 0, '', 244);

-- --------------------------------------------------------

--
-- Cấu trúc bảng cho bảng `menu_type`
--

CREATE TABLE `menu_type` (
  `menu_type_id` int(11) NOT NULL,
  `menu_type_name` varchar(255) COLLATE utf8_unicode_ci DEFAULT NULL,
  `first_url` varchar(255) COLLATE utf8_unicode_ci DEFAULT NULL
) ENGINE=InnoDB DEFAULT CHARSET=utf8 COLLATE=utf8_unicode_ci;

--
-- Đang đổ dữ liệu cho bảng `menu_type`
--

INSERT INTO `menu_type` (`menu_type_id`, `menu_type_name`, `first_url`) VALUES
(1, 'Trang chủ', ''),
(2, 'Tất cả sản phẩm', 'san-pham'),
(3, 'Danh mục sản phẩm', NULL),
(4, 'Sản phẩm cụ thể', NULL),
(5, 'Danh mục tin tức', NULL),
(6, 'Tất cả bài tin tức', ''),
(7, 'Bài viết tin tức', NULL),
(8, 'Địa chỉ web', NULL),
(9, 'Liên hệ', NULL),
(10, 'Tất cả dịch vụ', NULL),
(11, 'Bài viết dịch vụ', NULL),
(12, 'Danh mục dịch vụ', NULL),
(13, 'Page', NULL),
(14, 'Đăng ký', NULL),
(15, 'Đăng nhập', NULL);

-- --------------------------------------------------------

--
-- Cấu trúc bảng cho bảng `menu_type_languages`
--

CREATE TABLE `menu_type_languages` (
  `id` int(11) NOT NULL,
  `languages_code` varchar(255) COLLATE utf8_unicode_ci DEFAULT NULL,
  `menu_type_id` int(11) DEFAULT NULL,
  `menu_type_name` varchar(255) COLLATE utf8_unicode_ci DEFAULT NULL,
  `friendly_url` varchar(255) COLLATE utf8_unicode_ci DEFAULT NULL
) ENGINE=InnoDB DEFAULT CHARSET=utf8 COLLATE=utf8_unicode_ci;

--
-- Đang đổ dữ liệu cho bảng `menu_type_languages`
--

INSERT INTO `menu_type_languages` (`id`, `languages_code`, `menu_type_id`, `menu_type_name`, `friendly_url`) VALUES
(1, 'vn', 1, 'Trang chủ', ''),
(2, 'en', 1, 'Home', ''),
(3, 'vn', 2, 'Tất cả sản phẩm', 'san-pham'),
(4, 'en', 2, 'All products', 'products'),
(5, 'vn', 3, 'Danh mục sản phẩm', ''),
(6, 'en', 3, 'Catalog product', ''),
(7, 'vn', 4, 'Sản phẩm cụ thể', ''),
(8, 'en', 4, 'Product detail', ''),
(9, 'vn', 5, 'Danh mục tin tức', ''),
(10, 'en', 5, 'Catalog news', ''),
(11, 'vn', 6, 'Tất cả bài tin tức', 'tin-tuc'),
(12, 'en', 6, 'All News', 'news'),
(13, 'vn', 7, 'Bài viết tin tức', ''),
(14, 'en', 7, 'News detail', ''),
(15, 'vn', 8, 'Địa chỉ website', ''),
(16, 'en', 8, 'Website Address', ''),
(17, 'vn', 9, 'Liên hệ', 'lien-he'),
(18, 'en', 9, 'Contact', 'contact'),
(19, 'vn', 10, 'Tất cả dịch vụ', 'dich-vu'),
(20, 'en', 10, 'All Services', 'services'),
(21, 'vn', 11, 'Bài viết dịch vụ', ''),
(22, 'en', 11, 'Service detail', ''),
(23, 'vn', 12, 'Danh mục dịch vụ', ''),
(24, 'en', 12, 'Catalog service', ''),
(25, 'vn', 13, 'Trang nội dung', ''),
(26, 'en', 13, 'Page', ''),
(27, 'vn', 14, 'Đăng ký', 'dang-ky'),
(28, 'en', 14, 'Sign in', 'sign-in'),
(29, 'vn', 15, 'Đăng nhập', 'dang-nhap'),
(30, 'en', 15, 'Log in', 'log-in');

-- --------------------------------------------------------

--
-- Cấu trúc bảng cho bảng `news`
--

CREATE TABLE `news` (
  `news_id` int(11) NOT NULL,
  `news_name` text COLLATE utf8_unicode_ci DEFAULT NULL,
  `news_des` text COLLATE utf8_unicode_ci DEFAULT NULL,
  `news_content` text COLLATE utf8_unicode_ci DEFAULT NULL,
  `news_img` text COLLATE utf8_unicode_ci DEFAULT NULL,
  `news_views` int(11) DEFAULT NULL,
  `newscat_id` int(11) DEFAULT NULL,
  `news_author` text COLLATE utf8_unicode_ci DEFAULT NULL,
  `news_created_date` datetime DEFAULT NULL,
  `news_update_date` datetime DEFAULT NULL,
  `state` int(11) NOT NULL DEFAULT 0,
  `news_sub_info1` text COLLATE utf8_unicode_ci DEFAULT NULL,
  `news_sub_info2` text COLLATE utf8_unicode_ci DEFAULT NULL,
  `news_sub_info3` text COLLATE utf8_unicode_ci DEFAULT NULL,
  `news_sub_info4` text COLLATE utf8_unicode_ci DEFAULT NULL,
  `news_sub_info5` text COLLATE utf8_unicode_ci DEFAULT NULL,
  `title_seo` text COLLATE utf8_unicode_ci DEFAULT NULL,
  `des_seo` text COLLATE utf8_unicode_ci DEFAULT NULL,
  `friendly_url` text COLLATE utf8_unicode_ci DEFAULT NULL,
  `keyword` text COLLATE utf8_unicode_ci DEFAULT NULL,
  `created_id` int(11) DEFAULT NULL,
  `newstag_arr` varchar(10000) COLLATE utf8_unicode_ci DEFAULT NULL
) ENGINE=InnoDB DEFAULT CHARSET=utf8 COLLATE=utf8_unicode_ci;

--
-- Đang đổ dữ liệu cho bảng `news`
--

INSERT INTO `news` (`news_id`, `news_name`, `news_des`, `news_content`, `news_img`, `news_views`, `newscat_id`, `news_author`, `news_created_date`, `news_update_date`, `state`, `news_sub_info1`, `news_sub_info2`, `news_sub_info3`, `news_sub_info4`, `news_sub_info5`, `title_seo`, `des_seo`, `friendly_url`, `keyword`, `created_id`, `newstag_arr`) VALUES
(5, '5+ LÝ DO BẠN NÊN MUA MÁY PHÁT ĐIỆN', 'Thời tiết nóng bức nhưng tình trạng mất điện thường xuyên xảy ra khiến nhiều gia đình cảm thấy khó chịu. Chính vì thế, nhiều khách hàng đã tìm đến Hợp Lực Cảng Việt để có thể sở hữu cho riêng mình một chiếc máy phát điện chất lượng, bảo hành tốt.', '<p>Thời tiết n&oacute;ng bức nhưng t&igrave;nh trạng mất điện thường xuy&ecirc;n xảy ra khiến nhiều gia đ&igrave;nh cảm thấy kh&oacute; chịu. Ch&iacute;nh v&igrave; thế, nhiều kh&aacute;ch h&agrave;ng đ&atilde; t&igrave;m đến Hợp Lực Cảng Việt để c&oacute; thể sở hữu cho ri&ecirc;ng m&igrave;nh một chiếc m&aacute;y ph&aacute;t điện chất lượng, bảo h&agrave;nh tốt.</p>\r\n\r\n<p>Chủ động ph&ograve;ng tr&aacute;nh c&aacute;c sự cố về điện</p>\r\n\r\n<p>Cung cấp nguồn điện dự ph&ograve;ng cho hoạt động sinh hoạt, sản xuất khi sự cố xảy ra</p>\r\n\r\n<p>Bảo vệ sức khỏe của bạn v&agrave; người th&acirc;n</p>\r\n\r\n<p>Giữ thực phẩm lu&ocirc;n tươi v&agrave; an to&agrave;n</p>\r\n\r\n<p>Gi&uacute;p giữ li&ecirc;n lạc xuy&ecirc;n suốt</p>\r\n\r\n<p>M&aacute;y ph&aacute;t điện của Hợp Lực Cảng Việt được thiết kế với c&ocirc;ng nghệ hiện đại v&agrave; độ bền cao. Chất liệu chắc chắn m&aacute;y ph&aacute;t điện c&oacute; thể chịu được lực tải lớn. Với hiệu suất cao, được trang bị c&aacute;c t&iacute;nh năng an to&agrave;n, m&aacute;y ph&aacute;t điện &hellip;.. c&oacute; gi&aacute; cả rất hợp l&yacute;, ph&ugrave; hợp với nhiều ph&acirc;n kh&uacute;c kh&aacute;ch h&agrave;ng.</p>\r\n\r\n<p>H&atilde;y để Hợp Lực Cảng Việt chăm s&oacute;c gia đ&igrave;nh bạn!</p>\r\n', '356622214_126092713845818_6119941634826628100_n.jpg', 0, 10, '', '2023-07-01 15:07:32', '2023-07-01 15:07:40', 0, '', '', '', '', '', '5+ LÝ DO BẠN NÊN MUA MÁY PHÁT ĐIỆN', '', '5-ly-do-ban-nen-mua-may-phat-dien', '', 10, NULL),
(6, 'MÁY XÁT GẠO NHẬP KHẨU CHÍNH HÃNG - GIÁ THÀNH PHẢI CHĂNG', 'Hạt gạo trắng ngần và thơm ngon chính là chìa khóa cho những bữa ăn hạnh phúc.', '<p>Hạt gạo trắng ngần v&agrave; thơm ngon ch&iacute;nh l&agrave; ch&igrave;a kh&oacute;a cho những bữa ăn hạnh ph&uacute;c.</p>\r\n\r\n<p>C&ocirc;ng ty TNHH Hợp lực Cảng Việt tự h&agrave;o mang đến cho qu&yacute; kh&aacute;ch c&aacute;c d&ograve;ng m&aacute;y x&aacute;t gạo nhập khẩu ch&iacute;nh h&atilde;ng với gi&aacute; cả tối ưu.</p>\r\n\r\n<p>M&aacute;y c&oacute; nhiều ưu điểm vượt trội:</p>\r\n\r\n<p>- Quy tr&igrave;nh tự động v&agrave; được tối ưu h&oacute;a để giữ lại chất dinh dưỡng quan trọng</p>\r\n\r\n<p>- Hệ thống vận h&agrave;nh tiết kiệm điện v&agrave; sử dụng năng lượng hiệu quả</p>\r\n\r\n<p>- An to&agrave;n với hệ thống chống qu&aacute; tải, tự động tắt nguồn khi c&oacute; sự cố</p>\r\n\r\n<p>- Gi&aacute; th&agrave;nh phải chăng, tối ưu chi ph&iacute;</p>\r\n\r\n<p>- Giữ lại sự tinh khiết v&agrave; trắng s&aacute;ng cho hạt gạo</p>\r\n\r\n<p>&ldquo;Tr&acirc;n trọng từng hạt ngọc trời&rdquo; - c&aacute;c d&ograve;ng m&aacute;y x&aacute;t gạo nhập khẩu từ C&ocirc;ng ty TNHH Hợp lực Cảng Việt sẽ c&ugrave;ng bạn mang đến những bữa ăn hạnh ph&uacute;c cho mọi gia đ&igrave;nh Việt.</p>\r\n', '356622913_124438177344605_132024658939756322_n.jpg', 0, 10, '', '2023-07-01 15:07:28', '2023-07-01 15:07:34', 0, '', '', '', '', '', 'MÁY XÁT GẠO NHẬP KHẨU CHÍNH HÃNG - GIÁ THÀNH PHẢI CHĂNG', '', 'may-xat-gao-nhap-khau-chinh-hang-gia-thanh-phai-chang', '', 10, NULL),
(7, 'THÔNG MINH, GỌN NHẸ - HIỆU SUẤT CAO', 'Để phát triển nền nông nghiệp và sản xuất ngày càng tiên tiến và hiện đại, chắc chắn không thể thiếu được sự hỗ trợ của máy móc.', '<p>Để ph&aacute;t triển nền n&ocirc;ng nghiệp v&agrave; sản xuất ng&agrave;y c&agrave;ng ti&ecirc;n tiến v&agrave; hiện đại, chắc chắn kh&ocirc;ng thể thiếu được sự hỗ trợ của m&aacute;y m&oacute;c.</p>\r\n\r\n<p>L&yacute; tưởng cho việc chọn lựa một thiết bị c&agrave;y xới đất trong c&aacute;c n&ocirc;ng trại, vườn ươm. Hợp Lực Cảng Việt đưa tới những người n&ocirc;ng d&acirc;n một giải ph&aacute;p tối ưu nhất: M&aacute;y xới đất Kadowaki HV186D MINI TILLER&rdquo; với nhiều ưu điểm vượt trội:</p>\r\n\r\n<p>K&iacute;ch thước nhỏ gọn, trọng lượng nhẹ, dễ d&agrave;ng di chuyển</p>\r\n\r\n<p>4 lưỡi dao bố tr&iacute; xen kẽ nhau gi&uacute;p đất tơi xốp</p>\r\n\r\n<p>C&ocirc;ng suất động cơ lớn, với độ s&acirc;u xới tới 100mm</p>\r\n\r\n<p>Thiết kế tinh tế, an to&agrave;n trong từng chi tiết nhằm mang đến những trải nghiệm th&uacute; vị cho người d&ugrave;ng.</p>\r\n\r\n<p>M&aacute;y xới đất mini - c&ocirc;ng nghệ thay sức người, h&atilde;y để Hợp Lực Cảng Việt đồng h&agrave;nh tr&ecirc;n con đường l&agrave;m n&ocirc;ng của bạn!</p>\r\n', '356246816_123204314134658_1194942844560878872_n.png', 0, 10, '', '2023-07-01 15:07:27', '2023-07-01 15:07:04', 0, '', '', '', '', '', 'THÔNG MINH, GỌN NHẸ - HIỆU SUẤT CAO', '', 'thong-minh-gon-nhe-hieu-suat-cao', '', 10, NULL),
(10, 'ĐẤT CỨNG KHÓ LÀM - KADOWAKI ỨNG CỨU', 'Máy xới đất hiện nay là chiếc máy rất quan trọng, phổ biến và không thể thiếu trong xây dựng và nông nghiệp.', '<p>M&aacute;y xới đất hiện nay l&agrave; chiếc m&aacute;y rất quan trọng, phổ biến v&agrave; kh&ocirc;ng thể thiếu trong x&acirc;y dựng v&agrave; n&ocirc;ng nghiệp.</p>\r\n\r\n<p>Một m&aacute;y xới đất c&oacute; c&ocirc;ng suất bằng sức lao động của 10 người trong 1 giờ l&agrave;m việc.</p>\r\n\r\n<p>Đa t&aacute;c dụng: l&ecirc;n luống, tạo r&atilde;nh, phay, xới đất.</p>\r\n\r\n<p>Động cơ mạnh mẽ bất chấp khu vực đồi rừng hoặc đất vườn địa chất (c&aacute;c khu vực n&agrave;y rất kh&oacute; c&oacute; thể l&agrave;m đất bằng tay).</p>\r\n\r\n<p>Gọn nhẹ c&oacute; thể vận h&agrave;nh trong mọi điều kiện địa h&igrave;nh thời tiết khắc nghiệt.</p>\r\n\r\n<p>H&atilde;y để Kadowaki v&agrave; Hợp lực Cảng Việt đồng h&agrave;nh c&ugrave;ng bạn.</p>\r\n', '356998522_126123170509439_4566836457726996487_n.png', 0, 10, '', '2023-07-01 17:07:21', NULL, 0, '', '', '', '', '', 'ĐẤT CỨNG KHÓ LÀM - KADOWAKI ỨNG CỨU', '', 'dat-cung-kho-lam-kadowaki-ung-cuu', '', 10, NULL),
(11, 'Máy phát điện có thật sự cần thiết trong đời sống?', 'Bạn có bao giờ cảm thấy khó chịu khi mất điện và không thể sử dụng các thiết bị điện tử trong gia đình hoặc công ty của mình?', '<p>Bạn c&oacute; bao giờ cảm thấy kh&oacute; chịu khi mất điện v&agrave; kh&ocirc;ng thể sử dụng c&aacute;c thiết bị điện tử trong gia đ&igrave;nh hoặc c&ocirc;ng ty của m&igrave;nh?</p>\r\n\r\n<p>Điều đ&oacute; c&oacute; thể xảy ra bất cứ l&uacute;c n&agrave;o v&agrave; g&acirc;y ra nhiều phiền to&aacute;i cho ch&uacute;ng ta. Đ&oacute; l&agrave; l&yacute; do tại sao m&aacute;y ph&aacute;t điện trở th&agrave;nh một phần quan trọng trong đời sống của ch&uacute;ng ta.</p>\r\n\r\n<p>M&aacute;y ph&aacute;t điện l&agrave; một thiết bị kh&ocirc;ng thể thiếu trong c&aacute;c c&ocirc;ng tr&igrave;nh x&acirc;y dựng, khu c&ocirc;ng nghiệp, bệnh viện, trường học v&agrave; gia đ&igrave;nh. Đối với c&aacute;c doanh nghiệp, việc mất điện c&oacute; thể g&acirc;y ra mất m&aacute;t về thời gian v&agrave; tiền bạc.</p>\r\n\r\n<p>Với m&aacute;y ph&aacute;t điện của HỢP LỰC CẢNG VIỆT, bạn c&oacute; thể y&ecirc;n t&acirc;m sử dụng thiết bị của m&igrave;nh m&agrave; kh&ocirc;ng cần lo lắng về sự cố mất điện.</p>\r\n\r\n<p>Ngo&agrave;i ra, việc sử dụng m&aacute;y ph&aacute;t điện cũng gi&uacute;p bảo vệ thiết bị của bạn khỏi những sự cố mất điện bất ngờ. Điều n&agrave;y gi&uacute;p k&eacute;o d&agrave;i tuổi thọ của thiết bị v&agrave; giảm thiểu chi ph&iacute; sửa chữa v&agrave; bảo tr&igrave;.</p>\r\n\r\n<p>H&atilde;y li&ecirc;n hệ với ch&uacute;ng t&ocirc;i để được tư vấn v&agrave; đặt h&agrave;ng m&aacute;y ph&aacute;t điện chất lượng cao của HỢP LỰC CẢNG VIỆT.</p>\r\n', '355635854_121644064290683_4526620650392685838_n.jpg', 0, 10, '', '2023-07-01 17:07:31', '2023-07-03 09:07:29', 0, '', '', '', '', '', 'Máy phát điện có thật sự cần thiết trong đời sống?', '', 'may-phat-dien-co-that-su-can-thiet-trong-doi-song', '', 10, NULL);

-- --------------------------------------------------------

--
-- Cấu trúc bảng cho bảng `newscat`
--

CREATE TABLE `newscat` (
  `newscat_id` int(11) NOT NULL,
  `newscat_name` text COLLATE utf8_unicode_ci DEFAULT NULL,
  `newscat_des` text COLLATE utf8_unicode_ci DEFAULT NULL,
  `newscat_content` text COLLATE utf8_unicode_ci DEFAULT NULL,
  `newscat_parent` int(11) DEFAULT NULL,
  `newscat_sort_order` int(11) DEFAULT NULL,
  `newscat_created_date` datetime DEFAULT NULL,
  `newscat_update_date` datetime DEFAULT NULL,
  `state` int(11) DEFAULT 0,
  `newscat_img` text COLLATE utf8_unicode_ci DEFAULT NULL,
  `newscat_sub_info1` text COLLATE utf8_unicode_ci DEFAULT NULL,
  `newscat_sub_info2` text COLLATE utf8_unicode_ci DEFAULT NULL,
  `newscat_sub_info3` text COLLATE utf8_unicode_ci DEFAULT NULL,
  `newscat_sub_info4` text COLLATE utf8_unicode_ci DEFAULT NULL,
  `newscat_sub_info5` text COLLATE utf8_unicode_ci DEFAULT NULL,
  `title_seo` text COLLATE utf8_unicode_ci DEFAULT NULL,
  `des_seo` text COLLATE utf8_unicode_ci DEFAULT NULL,
  `friendly_url` text COLLATE utf8_unicode_ci DEFAULT NULL,
  `keyword` text COLLATE utf8_unicode_ci DEFAULT NULL,
  `created_id` int(11) DEFAULT NULL
) ENGINE=InnoDB DEFAULT CHARSET=utf8 COLLATE=utf8_unicode_ci;

--
-- Đang đổ dữ liệu cho bảng `newscat`
--

INSERT INTO `newscat` (`newscat_id`, `newscat_name`, `newscat_des`, `newscat_content`, `newscat_parent`, `newscat_sort_order`, `newscat_created_date`, `newscat_update_date`, `state`, `newscat_img`, `newscat_sub_info1`, `newscat_sub_info2`, `newscat_sub_info3`, `newscat_sub_info4`, `newscat_sub_info5`, `title_seo`, `des_seo`, `friendly_url`, `keyword`, `created_id`) VALUES
(10, 'Tin tức', '', '', 0, 0, '2023-07-01 15:07:48', NULL, 1, NULL, '', '', '', '', '', 'Tin tức', '', 'tin-tuc', '', 10);

-- --------------------------------------------------------

--
-- Cấu trúc bảng cho bảng `newscat_languages`
--

CREATE TABLE `newscat_languages` (
  `id` int(11) NOT NULL,
  `newscat_id` int(11) DEFAULT NULL,
  `languages_code` varchar(255) COLLATE utf8_unicode_ci DEFAULT NULL,
  `lang_newscat_name` text COLLATE utf8_unicode_ci DEFAULT NULL,
  `lang_newscat_des` text COLLATE utf8_unicode_ci DEFAULT NULL,
  `lang_newscat_content` text COLLATE utf8_unicode_ci DEFAULT NULL,
  `lang_newscat_sub_info1` text COLLATE utf8_unicode_ci DEFAULT NULL,
  `lang_newscat_sub_info2` text COLLATE utf8_unicode_ci DEFAULT NULL,
  `lang_newscat_sub_info3` text COLLATE utf8_unicode_ci DEFAULT NULL,
  `lang_newscat_sub_info4` text COLLATE utf8_unicode_ci DEFAULT NULL,
  `lang_newscat_sub_info5` text COLLATE utf8_unicode_ci DEFAULT NULL,
  `edit_state` int(11) NOT NULL DEFAULT 0,
  `friendly_url` varchar(255) COLLATE utf8_unicode_ci DEFAULT NULL,
  `keyword` text COLLATE utf8_unicode_ci DEFAULT NULL,
  `title_seo` varchar(255) COLLATE utf8_unicode_ci DEFAULT NULL,
  `des_seo` text COLLATE utf8_unicode_ci DEFAULT NULL
) ENGINE=InnoDB DEFAULT CHARSET=utf8 COLLATE=utf8_unicode_ci;

--
-- Đang đổ dữ liệu cho bảng `newscat_languages`
--

INSERT INTO `newscat_languages` (`id`, `newscat_id`, `languages_code`, `lang_newscat_name`, `lang_newscat_des`, `lang_newscat_content`, `lang_newscat_sub_info1`, `lang_newscat_sub_info2`, `lang_newscat_sub_info3`, `lang_newscat_sub_info4`, `lang_newscat_sub_info5`, `edit_state`, `friendly_url`, `keyword`, `title_seo`, `des_seo`) VALUES
(19, 10, 'vn', 'Tin tức', '', NULL, '', '', '', '', '', 0, 'tin-tuc', '', 'Tin tức', ''),
(20, 10, 'en', 'english version Máy chế biến nông sản', 'english version ', 'english version ', '', '', '', '', '', 0, 'en-may-che-bien-nong-san', '', 'Máy chế biến nông sản', '');

-- --------------------------------------------------------

--
-- Cấu trúc bảng cho bảng `newstag`
--

CREATE TABLE `newstag` (
  `newstag_id` int(11) NOT NULL,
  `newstag_name` text CHARACTER SET utf8 COLLATE utf8_unicode_ci NOT NULL,
  `newstag_des` text CHARACTER SET utf8 COLLATE utf8_unicode_ci NOT NULL,
  `newstag_content` text CHARACTER SET utf8 COLLATE utf8_unicode_ci NOT NULL,
  `newstag_sort_order` int(11) NOT NULL,
  `newstag_created_date` datetime NOT NULL,
  `newstag_update_date` datetime NOT NULL,
  `state` int(11) NOT NULL,
  `newstag_img` text CHARACTER SET utf8 COLLATE utf8_unicode_ci NOT NULL,
  `newstag_sub_info1` text CHARACTER SET utf8 COLLATE utf8_unicode_ci NOT NULL,
  `newstag_sub_info2` text CHARACTER SET utf8 COLLATE utf8_unicode_ci NOT NULL,
  `newstag_sub_info3` text CHARACTER SET utf8 COLLATE utf8_unicode_ci NOT NULL,
  `newstag_sub_info4` text CHARACTER SET utf8 COLLATE utf8_unicode_ci NOT NULL,
  `newstag_sub_info5` text CHARACTER SET utf8 COLLATE utf8_unicode_ci NOT NULL,
  `title_seo` text CHARACTER SET utf8 COLLATE utf8_unicode_ci NOT NULL,
  `des_seo` text CHARACTER SET utf8 COLLATE utf8_unicode_ci NOT NULL,
  `friendly_url` text CHARACTER SET utf8 COLLATE utf8_unicode_ci NOT NULL,
  `keyword` text CHARACTER SET utf8 COLLATE utf8_unicode_ci NOT NULL,
  `created_id` int(11) NOT NULL
) ENGINE=InnoDB DEFAULT CHARSET=latin1;

--
-- Đang đổ dữ liệu cho bảng `newstag`
--

INSERT INTO `newstag` (`newstag_id`, `newstag_name`, `newstag_des`, `newstag_content`, `newstag_sort_order`, `newstag_created_date`, `newstag_update_date`, `state`, `newstag_img`, `newstag_sub_info1`, `newstag_sub_info2`, `newstag_sub_info3`, `newstag_sub_info4`, `newstag_sub_info5`, `title_seo`, `des_seo`, `friendly_url`, `keyword`, `created_id`) VALUES
(2, 'sách hot', '<p>M&ocirc; tả s&aacute;ch</p>\r\n', '', 0, '0000-00-00 00:00:00', '0000-00-00 00:00:00', 1, '', '', '', '', '', '', 'sách hot', 'chuyên sách', 'sach-hot', 'sach', 1),
(3, 'Vở đẹp', '', '', 0, '0000-00-00 00:00:00', '0000-00-00 00:00:00', 1, '', '', '', '', '', '', 'Vở đẹp', '', 'vo-dep', '', 1),
(4, 'Butb', '<p>bb</p>\r\n', '', 0, '2017-12-13 11:12:54', '2017-12-13 11:12:11', 1, '', '', '', '', '', '', 'Butb', 'bb', 'butb', 'bb', 1);

-- --------------------------------------------------------

--
-- Cấu trúc bảng cho bảng `newstag_languages`
--

CREATE TABLE `newstag_languages` (
  `id` int(11) NOT NULL,
  `newstag_id` int(11) NOT NULL,
  `languages_code` varchar(255) CHARACTER SET utf8 COLLATE utf8_unicode_ci NOT NULL,
  `lang_newstag_name` text CHARACTER SET utf8 COLLATE utf8_unicode_ci NOT NULL,
  `lang_newstag_des` text CHARACTER SET utf8 COLLATE utf8_unicode_ci NOT NULL,
  `lang_newstag_content` text CHARACTER SET utf16 COLLATE utf16_unicode_ci NOT NULL,
  `lang_newstag_sub_info1` text CHARACTER SET utf8 COLLATE utf8_unicode_ci NOT NULL,
  `lang_newstag_sub_info2` text CHARACTER SET utf8 COLLATE utf8_unicode_ci NOT NULL,
  `lang_newstag_sub_info3` text CHARACTER SET utf8 COLLATE utf8_unicode_ci NOT NULL,
  `lang_newstag_sub_info4` text CHARACTER SET utf8 COLLATE utf8_unicode_ci NOT NULL,
  `lang_newstag_sub_info5` text CHARACTER SET utf32 COLLATE utf32_unicode_ci NOT NULL,
  `edit_state` int(11) NOT NULL,
  `friendly_url` varchar(255) CHARACTER SET utf8 COLLATE utf8_unicode_ci NOT NULL,
  `keyword` text CHARACTER SET utf8 COLLATE utf8_unicode_ci NOT NULL,
  `title_seo` varchar(255) CHARACTER SET utf8 COLLATE utf8_unicode_ci NOT NULL,
  `des_seo` text CHARACTER SET utf8 COLLATE utf8_unicode_ci NOT NULL
) ENGINE=InnoDB DEFAULT CHARSET=latin1;

--
-- Đang đổ dữ liệu cho bảng `newstag_languages`
--

INSERT INTO `newstag_languages` (`id`, `newstag_id`, `languages_code`, `lang_newstag_name`, `lang_newstag_des`, `lang_newstag_content`, `lang_newstag_sub_info1`, `lang_newstag_sub_info2`, `lang_newstag_sub_info3`, `lang_newstag_sub_info4`, `lang_newstag_sub_info5`, `edit_state`, `friendly_url`, `keyword`, `title_seo`, `des_seo`) VALUES
(3, 2, 'vn', 'sách hot', '<p>M&ocirc; tả s&aacute;ch</p>\r\n', '', '', '', '', '', '', 1, 'sach-hot', 'sach', 'sách hot', 'chuyên sách'),
(4, 2, 'en', 'sách en', '<p>M&ocirc; tả s&aacute;ch</p>\r\n', '', '', '', '', '', '', 1, 'sach', 'sach', 'sách', 'chuyên sách'),
(5, 3, 'vn', 'Vở đẹp', '', '', '', '', '', '', '', 1, 'vo-dep', '', 'Vở đẹp', ''),
(6, 3, 'en', 'Vở đẹp', '', '', '', '', '', '', '', 1, 'vo-dep', '', 'Vở đẹp', ''),
(7, 4, 'vn', 'But', '<p>but</p>\r\n', '', '', '', '', '', '', 1, 'butb', 'bb', 'Butb', 'bb'),
(8, 4, 'en', 'pen', '<p>pen</p>\r\n', '', '', '', '', '', '', 1, 'but', 'b', 'But', 'b');

-- --------------------------------------------------------

--
-- Cấu trúc bảng cho bảng `news_languages`
--

CREATE TABLE `news_languages` (
  `id` bigint(20) NOT NULL,
  `news_id` int(11) DEFAULT NULL,
  `languages_code` varchar(255) COLLATE utf8_unicode_ci DEFAULT NULL,
  `lang_news_name` text COLLATE utf8_unicode_ci DEFAULT NULL,
  `lang_news_des` text COLLATE utf8_unicode_ci DEFAULT NULL,
  `lang_news_content` text COLLATE utf8_unicode_ci DEFAULT NULL,
  `lang_news_sub_info1` text COLLATE utf8_unicode_ci DEFAULT NULL,
  `lang_news_sub_info2` text COLLATE utf8_unicode_ci DEFAULT NULL,
  `lang_news_sub_info3` text COLLATE utf8_unicode_ci DEFAULT NULL,
  `lang_news_sub_info4` text COLLATE utf8_unicode_ci DEFAULT NULL,
  `lang_news_sub_info5` text COLLATE utf8_unicode_ci DEFAULT NULL,
  `edit_state` int(11) NOT NULL DEFAULT 0,
  `friendly_url` varchar(255) COLLATE utf8_unicode_ci DEFAULT NULL,
  `title_seo` varchar(255) COLLATE utf8_unicode_ci DEFAULT NULL,
  `des_seo` text COLLATE utf8_unicode_ci DEFAULT NULL,
  `keyword` text COLLATE utf8_unicode_ci DEFAULT NULL
) ENGINE=InnoDB DEFAULT CHARSET=utf8 COLLATE=utf8_unicode_ci;

--
-- Đang đổ dữ liệu cho bảng `news_languages`
--

INSERT INTO `news_languages` (`id`, `news_id`, `languages_code`, `lang_news_name`, `lang_news_des`, `lang_news_content`, `lang_news_sub_info1`, `lang_news_sub_info2`, `lang_news_sub_info3`, `lang_news_sub_info4`, `lang_news_sub_info5`, `edit_state`, `friendly_url`, `title_seo`, `des_seo`, `keyword`) VALUES
(9, 5, 'vn', '5+ LÝ DO BẠN NÊN MUA MÁY PHÁT ĐIỆN', 'Thời tiết nóng bức nhưng tình trạng mất điện thường xuyên xảy ra khiến nhiều gia đình cảm thấy khó chịu. Chính vì thế, nhiều khách hàng đã tìm đến Hợp Lực Cảng Việt để có thể sở hữu cho riêng mình một chiếc máy phát điện chất lượng, bảo hành tốt.', '<p>Thời tiết n&oacute;ng bức nhưng t&igrave;nh trạng mất điện thường xuy&ecirc;n xảy ra khiến nhiều gia đ&igrave;nh cảm thấy kh&oacute; chịu. Ch&iacute;nh v&igrave; thế, nhiều kh&aacute;ch h&agrave;ng đ&atilde; t&igrave;m đến Hợp Lực Cảng Việt để c&oacute; thể sở hữu cho ri&ecirc;ng m&igrave;nh một chiếc m&aacute;y ph&aacute;t điện chất lượng, bảo h&agrave;nh tốt.</p>\r\n\r\n<p>Chủ động ph&ograve;ng tr&aacute;nh c&aacute;c sự cố về điện</p>\r\n\r\n<p>Cung cấp nguồn điện dự ph&ograve;ng cho hoạt động sinh hoạt, sản xuất khi sự cố xảy ra</p>\r\n\r\n<p>Bảo vệ sức khỏe của bạn v&agrave; người th&acirc;n</p>\r\n\r\n<p>Giữ thực phẩm lu&ocirc;n tươi v&agrave; an to&agrave;n</p>\r\n\r\n<p>Gi&uacute;p giữ li&ecirc;n lạc xuy&ecirc;n suốt</p>\r\n\r\n<p>M&aacute;y ph&aacute;t điện của Hợp Lực Cảng Việt được thiết kế với c&ocirc;ng nghệ hiện đại v&agrave; độ bền cao. Chất liệu chắc chắn m&aacute;y ph&aacute;t điện c&oacute; thể chịu được lực tải lớn. Với hiệu suất cao, được trang bị c&aacute;c t&iacute;nh năng an to&agrave;n, m&aacute;y ph&aacute;t điện &hellip;.. c&oacute; gi&aacute; cả rất hợp l&yacute;, ph&ugrave; hợp với nhiều ph&acirc;n kh&uacute;c kh&aacute;ch h&agrave;ng.</p>\r\n\r\n<p>H&atilde;y để Hợp Lực Cảng Việt chăm s&oacute;c gia đ&igrave;nh bạn!</p>\r\n', '', '', '', '', '', 0, '5-ly-do-ban-nen-mua-may-phat-dien', '5+ LÝ DO BẠN NÊN MUA MÁY PHÁT ĐIỆN', '', ''),
(10, 5, 'en', 'english version 5+ LÝ DO BẠN NÊN MUA MÁY PHÁT ĐIỆN', 'english version Thời tiết nóng bức nhưng tình trạng mất điện thường xuyên xảy ra khiến nhiều gia đình cảm thấy khó chịu. Chính vì thế, nhiều khách hàng đã tìm đến Hợp Lực Cảng Việt để có thể sở hữu cho riêng mình một chiếc máy phát điện chất lượng, bảo hành tốt.', 'english version <p>Thời tiết n&oacute;ng bức nhưng t&igrave;nh trạng mất điện thường xuy&ecirc;n xảy ra khiến nhiều gia đ&igrave;nh cảm thấy kh&oacute; chịu. Ch&iacute;nh v&igrave; thế, nhiều kh&aacute;ch h&agrave;ng đ&atilde; t&igrave;m đến Hợp Lực Cảng Việt để c&oacute; thể sở hữu cho ri&ecirc;ng m&igrave;nh một chiếc m&aacute;y ph&aacute;t điện chất lượng, bảo h&agrave;nh tốt.</p>\r\n\r\n<p>Chủ động ph&ograve;ng tr&aacute;nh c&aacute;c sự cố về điện</p>\r\n\r\n<p>Cung cấp nguồn điện dự ph&ograve;ng cho hoạt động sinh hoạt, sản xuất khi sự cố xảy ra</p>\r\n\r\n<p>Bảo vệ sức khỏe của bạn v&agrave; người th&acirc;n</p>\r\n\r\n<p>Giữ thực phẩm lu&ocirc;n tươi v&agrave; an to&agrave;n</p>\r\n\r\n<p>Gi&uacute;p giữ li&ecirc;n lạc xuy&ecirc;n suốt</p>\r\n\r\n<p>M&aacute;y ph&aacute;t điện của Hợp Lực Cảng Việt được thiết kế với c&ocirc;ng nghệ hiện đại v&agrave; độ bền cao. Chất liệu chắc chắn m&aacute;y ph&aacute;t điện c&oacute; thể chịu được lực tải lớn. Với hiệu suất cao, được trang bị c&aacute;c t&iacute;nh năng an to&agrave;n, m&aacute;y ph&aacute;t điện &hellip;.. c&oacute; gi&aacute; cả rất hợp l&yacute;, ph&ugrave; hợp với nhiều ph&acirc;n kh&uacute;c kh&aacute;ch h&agrave;ng.</p>\r\n\r\n<p>H&atilde;y để Hợp Lực Cảng Việt chăm s&oacute;c gia đ&igrave;nh bạn!</p>\r\n', '', '', '', '', '', 0, 'en-5-ly-do-ban-nen-mua-may-phat-dien', '5+ LÝ DO BẠN NÊN MUA MÁY PHÁT ĐIỆN', '', ''),
(11, 6, 'vn', 'MÁY XÁT GẠO NHẬP KHẨU CHÍNH HÃNG - GIÁ THÀNH PHẢI CHĂNG', 'Hạt gạo trắng ngần và thơm ngon chính là chìa khóa cho những bữa ăn hạnh phúc.', '<p>Hạt gạo trắng ngần v&agrave; thơm ngon ch&iacute;nh l&agrave; ch&igrave;a kh&oacute;a cho những bữa ăn hạnh ph&uacute;c.</p>\r\n\r\n<p>C&ocirc;ng ty TNHH Hợp lực Cảng Việt tự h&agrave;o mang đến cho qu&yacute; kh&aacute;ch c&aacute;c d&ograve;ng m&aacute;y x&aacute;t gạo nhập khẩu ch&iacute;nh h&atilde;ng với gi&aacute; cả tối ưu.</p>\r\n\r\n<p>M&aacute;y c&oacute; nhiều ưu điểm vượt trội:</p>\r\n\r\n<p>- Quy tr&igrave;nh tự động v&agrave; được tối ưu h&oacute;a để giữ lại chất dinh dưỡng quan trọng</p>\r\n\r\n<p>- Hệ thống vận h&agrave;nh tiết kiệm điện v&agrave; sử dụng năng lượng hiệu quả</p>\r\n\r\n<p>- An to&agrave;n với hệ thống chống qu&aacute; tải, tự động tắt nguồn khi c&oacute; sự cố</p>\r\n\r\n<p>- Gi&aacute; th&agrave;nh phải chăng, tối ưu chi ph&iacute;</p>\r\n\r\n<p>- Giữ lại sự tinh khiết v&agrave; trắng s&aacute;ng cho hạt gạo</p>\r\n\r\n<p>&ldquo;Tr&acirc;n trọng từng hạt ngọc trời&rdquo; - c&aacute;c d&ograve;ng m&aacute;y x&aacute;t gạo nhập khẩu từ C&ocirc;ng ty TNHH Hợp lực Cảng Việt sẽ c&ugrave;ng bạn mang đến những bữa ăn hạnh ph&uacute;c cho mọi gia đ&igrave;nh Việt.</p>\r\n', '', '', '', '', '', 0, 'may-xat-gao-nhap-khau-chinh-hang-gia-thanh-phai-chang', 'MÁY XÁT GẠO NHẬP KHẨU CHÍNH HÃNG - GIÁ THÀNH PHẢI CHĂNG', '', ''),
(12, 6, 'en', 'english version MÁY XÁT GẠO NHẬP KHẨU CHÍNH HÃNG - GIÁ THÀNH PHẢI CHĂNG', 'english version Hạt gạo trắng ngần và thơm ngon chính là chìa khóa cho những bữa ăn hạnh phúc.', 'english version <p>Hạt gạo trắng ngần v&agrave; thơm ngon ch&iacute;nh l&agrave; ch&igrave;a kh&oacute;a cho những bữa ăn hạnh ph&uacute;c.</p>\r\n\r\n<p>C&ocirc;ng ty TNHH Hợp lực Cảng Việt tự h&agrave;o mang đến cho qu&yacute; kh&aacute;ch c&aacute;c d&ograve;ng m&aacute;y x&aacute;t gạo nhập khẩu ch&iacute;nh h&atilde;ng với gi&aacute; cả tối ưu.</p>\r\n\r\n<p>M&aacute;y c&oacute; nhiều ưu điểm vượt trội:</p>\r\n\r\n<p>- Quy tr&igrave;nh tự động v&agrave; được tối ưu h&oacute;a để giữ lại chất dinh dưỡng quan trọng</p>\r\n\r\n<p>- Hệ thống vận h&agrave;nh tiết kiệm điện v&agrave; sử dụng năng lượng hiệu quả</p>\r\n\r\n<p>- An to&agrave;n với hệ thống chống qu&aacute; tải, tự động tắt nguồn khi c&oacute; sự cố</p>\r\n\r\n<p>- Gi&aacute; th&agrave;nh phải chăng, tối ưu chi ph&iacute;</p>\r\n\r\n<p>- Giữ lại sự tinh khiết v&agrave; trắng s&aacute;ng cho hạt gạo</p>\r\n\r\n<p>&ldquo;Tr&acirc;n trọng từng hạt ngọc trời&rdquo; - c&aacute;c d&ograve;ng m&aacute;y x&aacute;t gạo nhập khẩu từ C&ocirc;ng ty TNHH Hợp lực Cảng Việt sẽ c&ugrave;ng bạn mang đến những bữa ăn hạnh ph&uacute;c cho mọi gia đ&igrave;nh Việt.</p>\r\n', '', '', '', '', '', 0, 'en-may-xat-gao-nhap-khau-chinh-hang-gia-thanh-phai-chang', 'MÁY XÁT GẠO NHẬP KHẨU CHÍNH HÃNG - GIÁ THÀNH PHẢI CHĂNG', '', ''),
(13, 7, 'vn', 'THÔNG MINH, GỌN NHẸ - HIỆU SUẤT CAO', 'Để phát triển nền nông nghiệp và sản xuất ngày càng tiên tiến và hiện đại, chắc chắn không thể thiếu được sự hỗ trợ của máy móc.', '<p>Để ph&aacute;t triển nền n&ocirc;ng nghiệp v&agrave; sản xuất ng&agrave;y c&agrave;ng ti&ecirc;n tiến v&agrave; hiện đại, chắc chắn kh&ocirc;ng thể thiếu được sự hỗ trợ của m&aacute;y m&oacute;c.</p>\r\n\r\n<p>L&yacute; tưởng cho việc chọn lựa một thiết bị c&agrave;y xới đất trong c&aacute;c n&ocirc;ng trại, vườn ươm. Hợp Lực Cảng Việt đưa tới những người n&ocirc;ng d&acirc;n một giải ph&aacute;p tối ưu nhất: M&aacute;y xới đất Kadowaki HV186D MINI TILLER&rdquo; với nhiều ưu điểm vượt trội:</p>\r\n\r\n<p>K&iacute;ch thước nhỏ gọn, trọng lượng nhẹ, dễ d&agrave;ng di chuyển</p>\r\n\r\n<p>4 lưỡi dao bố tr&iacute; xen kẽ nhau gi&uacute;p đất tơi xốp</p>\r\n\r\n<p>C&ocirc;ng suất động cơ lớn, với độ s&acirc;u xới tới 100mm</p>\r\n\r\n<p>Thiết kế tinh tế, an to&agrave;n trong từng chi tiết nhằm mang đến những trải nghiệm th&uacute; vị cho người d&ugrave;ng.</p>\r\n\r\n<p>M&aacute;y xới đất mini - c&ocirc;ng nghệ thay sức người, h&atilde;y để Hợp Lực Cảng Việt đồng h&agrave;nh tr&ecirc;n con đường l&agrave;m n&ocirc;ng của bạn!</p>\r\n', '', '', '', '', '', 0, 'thong-minh-gon-nhe-hieu-suat-cao', 'THÔNG MINH, GỌN NHẸ - HIỆU SUẤT CAO', '', ''),
(14, 7, 'en', 'english version THÔNG MINH, GỌN NHẸ - HIỆU SUẤT CAO', 'english version Để phát triển nền nông nghiệp và sản xuất ngày càng tiên tiến và hiện đại, chắc chắn không thể thiếu được sự hỗ trợ của máy móc.', 'english version <p>Để ph&aacute;t triển nền n&ocirc;ng nghiệp v&agrave; sản xuất ng&agrave;y c&agrave;ng ti&ecirc;n tiến v&agrave; hiện đại, chắc chắn kh&ocirc;ng thể thiếu được sự hỗ trợ của m&aacute;y m&oacute;c.</p>\r\n\r\n<p>L&yacute; tưởng cho việc chọn lựa một thiết bị c&agrave;y xới đất trong c&aacute;c n&ocirc;ng trại, vườn ươm. Hợp Lực Cảng Việt đưa tới những người n&ocirc;ng d&acirc;n một giải ph&aacute;p tối ưu nhất: M&aacute;y xới đất Kadowaki HV186D MINI TILLER&rdquo; với nhiều ưu điểm vượt trội:</p>\r\n\r\n<p>K&iacute;ch thước nhỏ gọn, trọng lượng nhẹ, dễ d&agrave;ng di chuyển</p>\r\n\r\n<p>4 lưỡi dao bố tr&iacute; xen kẽ nhau gi&uacute;p đất tơi xốp</p>\r\n\r\n<p>C&ocirc;ng suất động cơ lớn, với độ s&acirc;u xới tới 100mm</p>\r\n\r\n<p>Thiết kế tinh tế, an to&agrave;n trong từng chi tiết nhằm mang đến những trải nghiệm th&uacute; vị cho người d&ugrave;ng.</p>\r\n\r\n<p>M&aacute;y xới đất mini - c&ocirc;ng nghệ thay sức người, h&atilde;y để Hợp Lực Cảng Việt đồng h&agrave;nh tr&ecirc;n con đường l&agrave;m n&ocirc;ng của bạn!</p>\r\n', '', '', '', '', '', 0, 'en-thong-minh-gon-nhe-hieu-suat-cao', 'THÔNG MINH, GỌN NHẸ - HIỆU SUẤT CAO', '', ''),
(19, 10, 'vn', 'ĐẤT CỨNG KHÓ LÀM - KADOWAKI ỨNG CỨU', 'Máy xới đất hiện nay là chiếc máy rất quan trọng, phổ biến và không thể thiếu trong xây dựng và nông nghiệp.', '<p>M&aacute;y xới đất hiện nay l&agrave; chiếc m&aacute;y rất quan trọng, phổ biến v&agrave; kh&ocirc;ng thể thiếu trong x&acirc;y dựng v&agrave; n&ocirc;ng nghiệp.</p>\r\n\r\n<p>Một m&aacute;y xới đất c&oacute; c&ocirc;ng suất bằng sức lao động của 10 người trong 1 giờ l&agrave;m việc.</p>\r\n\r\n<p>Đa t&aacute;c dụng: l&ecirc;n luống, tạo r&atilde;nh, phay, xới đất.</p>\r\n\r\n<p>Động cơ mạnh mẽ bất chấp khu vực đồi rừng hoặc đất vườn địa chất (c&aacute;c khu vực n&agrave;y rất kh&oacute; c&oacute; thể l&agrave;m đất bằng tay).</p>\r\n\r\n<p>Gọn nhẹ c&oacute; thể vận h&agrave;nh trong mọi điều kiện địa h&igrave;nh thời tiết khắc nghiệt.</p>\r\n\r\n<p>H&atilde;y để Kadowaki v&agrave; Hợp lực Cảng Việt đồng h&agrave;nh c&ugrave;ng bạn.</p>\r\n', '', '', '', '', '', 0, 'dat-cung-kho-lam-kadowaki-ung-cuu', 'ĐẤT CỨNG KHÓ LÀM - KADOWAKI ỨNG CỨU', '', ''),
(20, 10, 'en', 'english version ĐẤT CỨNG KHÓ LÀM - KADOWAKI ỨNG CỨU', 'english version Máy xới đất hiện nay là chiếc máy rất quan trọng, phổ biến và không thể thiếu trong xây dựng và nông nghiệp.', 'english version <p>M&aacute;y xới đất hiện nay l&agrave; chiếc m&aacute;y rất quan trọng, phổ biến v&agrave; kh&ocirc;ng thể thiếu trong x&acirc;y dựng v&agrave; n&ocirc;ng nghiệp.</p>\r\n\r\n<p>Một m&aacute;y xới đất c&oacute; c&ocirc;ng suất bằng sức lao động của 10 người trong 1 giờ l&agrave;m việc.</p>\r\n\r\n<p>Đa t&aacute;c dụng: l&ecirc;n luống, tạo r&atilde;nh, phay, xới đất.</p>\r\n\r\n<p>Động cơ mạnh mẽ bất chấp khu vực đồi rừng hoặc đất vườn địa chất (c&aacute;c khu vực n&agrave;y rất kh&oacute; c&oacute; thể l&agrave;m đất bằng tay).</p>\r\n\r\n<p>Gọn nhẹ c&oacute; thể vận h&agrave;nh trong mọi điều kiện địa h&igrave;nh thời tiết khắc nghiệt.</p>\r\n\r\n<p>H&atilde;y để Kadowaki v&agrave; Hợp lực Cảng Việt đồng h&agrave;nh c&ugrave;ng bạn.</p>\r\n', '', '', '', '', '', 0, 'en-dat-cung-kho-lam-kadowaki-ung-cuu', 'ĐẤT CỨNG KHÓ LÀM - KADOWAKI ỨNG CỨU', '', ''),
(21, 11, 'vn', 'Máy phát điện có thật sự cần thiết trong đời sống?', 'Bạn có bao giờ cảm thấy khó chịu khi mất điện và không thể sử dụng các thiết bị điện tử trong gia đình hoặc công ty của mình?', '<p>Bạn c&oacute; bao giờ cảm thấy kh&oacute; chịu khi mất điện v&agrave; kh&ocirc;ng thể sử dụng c&aacute;c thiết bị điện tử trong gia đ&igrave;nh hoặc c&ocirc;ng ty của m&igrave;nh?</p>\r\n\r\n<p>Điều đ&oacute; c&oacute; thể xảy ra bất cứ l&uacute;c n&agrave;o v&agrave; g&acirc;y ra nhiều phiền to&aacute;i cho ch&uacute;ng ta. Đ&oacute; l&agrave; l&yacute; do tại sao m&aacute;y ph&aacute;t điện trở th&agrave;nh một phần quan trọng trong đời sống của ch&uacute;ng ta.</p>\r\n\r\n<p>M&aacute;y ph&aacute;t điện l&agrave; một thiết bị kh&ocirc;ng thể thiếu trong c&aacute;c c&ocirc;ng tr&igrave;nh x&acirc;y dựng, khu c&ocirc;ng nghiệp, bệnh viện, trường học v&agrave; gia đ&igrave;nh. Đối với c&aacute;c doanh nghiệp, việc mất điện c&oacute; thể g&acirc;y ra mất m&aacute;t về thời gian v&agrave; tiền bạc.</p>\r\n\r\n<p>Với m&aacute;y ph&aacute;t điện của HỢP LỰC CẢNG VIỆT, bạn c&oacute; thể y&ecirc;n t&acirc;m sử dụng thiết bị của m&igrave;nh m&agrave; kh&ocirc;ng cần lo lắng về sự cố mất điện.</p>\r\n\r\n<p>Ngo&agrave;i ra, việc sử dụng m&aacute;y ph&aacute;t điện cũng gi&uacute;p bảo vệ thiết bị của bạn khỏi những sự cố mất điện bất ngờ. Điều n&agrave;y gi&uacute;p k&eacute;o d&agrave;i tuổi thọ của thiết bị v&agrave; giảm thiểu chi ph&iacute; sửa chữa v&agrave; bảo tr&igrave;.</p>\r\n\r\n<p>H&atilde;y li&ecirc;n hệ với ch&uacute;ng t&ocirc;i để được tư vấn v&agrave; đặt h&agrave;ng m&aacute;y ph&aacute;t điện chất lượng cao của HỢP LỰC CẢNG VIỆT.</p>\r\n', '', '', '', '', '', 0, 'may-phat-dien-co-that-su-can-thiet-trong-doi-song', 'Máy phát điện có thật sự cần thiết trong đời sống?', '', ''),
(22, 11, 'en', 'english version Máy phát điện có thật sự cần thiết trong đời sống?', 'english version Bạn có bao giờ cảm thấy khó chịu khi mất điện và không thể sử dụng các thiết bị điện tử trong gia đình hoặc công ty của mình?', 'english version <p>Bạn c&oacute; bao giờ cảm thấy kh&oacute; chịu khi mất điện v&agrave; kh&ocirc;ng thể sử dụng c&aacute;c thiết bị điện tử trong gia đ&igrave;nh hoặc c&ocirc;ng ty của m&igrave;nh?</p>\r\n\r\n<p>Điều đ&oacute; c&oacute; thể xảy ra bất cứ l&uacute;c n&agrave;o v&agrave; g&acirc;y ra nhiều phiền to&aacute;i cho ch&uacute;ng ta. Đ&oacute; l&agrave; l&yacute; do tại sao m&aacute;y ph&aacute;t điện trở th&agrave;nh một phần quan trọng trong đời sống của ch&uacute;ng ta.</p>\r\n\r\n<p>M&aacute;y ph&aacute;t điện l&agrave; một thiết bị kh&ocirc;ng thể thiếu trong c&aacute;c c&ocirc;ng tr&igrave;nh x&acirc;y dựng, khu c&ocirc;ng nghiệp, bệnh viện, trường học v&agrave; gia đ&igrave;nh. Đối với c&aacute;c doanh nghiệp, việc mất điện c&oacute; thể g&acirc;y ra mất m&aacute;t về thời gian v&agrave; tiền bạc.</p>\r\n\r\n<p>Với m&aacute;y ph&aacute;t điện của HỢP LỰC CẢNG VIỆT, bạn c&oacute; thể y&ecirc;n t&acirc;m sử dụng thiết bị của m&igrave;nh m&agrave; kh&ocirc;ng cần lo lắng về sự cố mất điện.</p>\r\n\r\n<p>Ngo&agrave;i ra, việc sử dụng m&aacute;y ph&aacute;t điện cũng gi&uacute;p bảo vệ thiết bị của bạn khỏi những sự cố mất điện bất ngờ. Điều n&agrave;y gi&uacute;p k&eacute;o d&agrave;i tuổi thọ của thiết bị v&agrave; giảm thiểu chi ph&iacute; sửa chữa v&agrave; bảo tr&igrave;.</p>\r\n\r\n<p>H&atilde;y li&ecirc;n hệ với ch&uacute;ng t&ocirc;i để được tư vấn v&agrave; đặt h&agrave;ng m&aacute;y ph&aacute;t điện chất lượng cao của HỢP LỰC CẢNG VIỆT.</p>\r\n', '', '', '', '', '', 0, 'en-may-phat-dien-co-that-su-can-thiet-trong-doi-song', 'Máy phát điện có thật sự cần thiết trong đời sống?', '', '');

-- --------------------------------------------------------

--
-- Cấu trúc bảng cho bảng `nhan_khuyen_mai`
--

CREATE TABLE `nhan_khuyen_mai` (
  `id` int(11) NOT NULL,
  `name` text COLLATE utf8_unicode_ci DEFAULT NULL,
  `phone` text COLLATE utf8_unicode_ci DEFAULT NULL,
  `email` text COLLATE utf8_unicode_ci DEFAULT NULL,
  `ngay` datetime NOT NULL
) ENGINE=InnoDB DEFAULT CHARSET=utf8 COLLATE=utf8_unicode_ci;

--
-- Đang đổ dữ liệu cho bảng `nhan_khuyen_mai`
--

INSERT INTO `nhan_khuyen_mai` (`id`, `name`, `phone`, `email`, `ngay`) VALUES
(1, 'Trương Quang Tuấn', '0987654321', 'tuan@gmail.com', '2023-07-03 08:34:30');

-- --------------------------------------------------------

--
-- Cấu trúc bảng cho bảng `nhan_tin`
--

CREATE TABLE `nhan_tin` (
  `id` int(11) NOT NULL,
  `email` varchar(500) CHARACTER SET utf8 COLLATE utf8_unicode_ci NOT NULL,
  `phone` varchar(100) CHARACTER SET utf8 COLLATE utf8_unicode_ci NOT NULL
) ENGINE=InnoDB DEFAULT CHARSET=latin1;

-- --------------------------------------------------------

--
-- Cấu trúc bảng cho bảng `optionsQ1`
--

CREATE TABLE `optionsQ1` (
  `optionsQ1_id` int(11) NOT NULL,
  `optionsQ1_value` varchar(255) COLLATE utf8_unicode_ci DEFAULT NULL
) ENGINE=InnoDB DEFAULT CHARSET=utf8 COLLATE=utf8_unicode_ci;

--
-- Đang đổ dữ liệu cho bảng `optionsQ1`
--

INSERT INTO `optionsQ1` (`optionsQ1_id`, `optionsQ1_value`) VALUES
(1, 'Đau rát'),
(2, 'Chảy máu khi đi vệ sinh'),
(3, 'Ngứa ngáy, khó chịu, ẩm ướt có mùi khó chịu'),
(4, 'Búi trĩ sa ra ngoài (nhìn hoặc sờ)'),
(5, 'Không có biểu hiện nào như trên');

-- --------------------------------------------------------

--
-- Cấu trúc bảng cho bảng `optionsQ2`
--

CREATE TABLE `optionsQ2` (
  `optionsQ2_id` int(11) NOT NULL,
  `optionsQ2_value` varchar(255) COLLATE utf8_unicode_ci DEFAULT NULL
) ENGINE=InnoDB DEFAULT CHARSET=utf8 COLLATE=utf8_unicode_ci;

--
-- Đang đổ dữ liệu cho bảng `optionsQ2`
--

INSERT INTO `optionsQ2` (`optionsQ2_id`, `optionsQ2_value`) VALUES
(1, 'Có'),
(2, 'Không');

-- --------------------------------------------------------

--
-- Cấu trúc bảng cho bảng `optionsQ3`
--

CREATE TABLE `optionsQ3` (
  `optionsQ3_id` int(11) NOT NULL,
  `optionsQ3_value` varchar(255) COLLATE utf8_unicode_ci DEFAULT NULL
) ENGINE=InnoDB DEFAULT CHARSET=utf8 COLLATE=utf8_unicode_ci;

--
-- Đang đổ dữ liệu cho bảng `optionsQ3`
--

INSERT INTO `optionsQ3` (`optionsQ3_id`, `optionsQ3_value`) VALUES
(1, 'Mới (đang bị)'),
(2, 'Lâu, tái đi tái lại'),
(3, 'Lâu, nhưng giờ đang bình thường');

-- --------------------------------------------------------

--
-- Cấu trúc bảng cho bảng `optionsQ4`
--

CREATE TABLE `optionsQ4` (
  `optionsQ4_id` int(11) NOT NULL,
  `optionsQ4_value` varchar(255) COLLATE utf8_unicode_ci DEFAULT NULL
) ENGINE=InnoDB DEFAULT CHARSET=utf8 COLLATE=utf8_unicode_ci;

--
-- Đang đổ dữ liệu cho bảng `optionsQ4`
--

INSERT INTO `optionsQ4` (`optionsQ4_id`, `optionsQ4_value`) VALUES
(1, 'Máu dính trên giấy vệ sinh'),
(2, 'Máu dính trên phân hoặc nhỏ giọt'),
(3, 'Máu chảy thành tia'),
(4, 'Không thấy máu');

-- --------------------------------------------------------

--
-- Cấu trúc bảng cho bảng `optionsQ5`
--

CREATE TABLE `optionsQ5` (
  `optionsQ5_id` int(11) NOT NULL,
  `optionsQ5_value` varchar(255) COLLATE utf8_unicode_ci DEFAULT NULL
) ENGINE=InnoDB DEFAULT CHARSET=utf8 COLLATE=utf8_unicode_ci;

--
-- Đang đổ dữ liệu cho bảng `optionsQ5`
--

INSERT INTO `optionsQ5` (`optionsQ5_id`, `optionsQ5_value`) VALUES
(1, 'Hơi đau, tức hậu môn, khó chịu'),
(2, 'Đau nhiều, rát. đỡ khi nằm'),
(3, 'Rất đau rát, đứng ngồi, nằm không yên'),
(4, 'Không đau, bình thường');

-- --------------------------------------------------------

--
-- Cấu trúc bảng cho bảng `optionsQ6`
--

CREATE TABLE `optionsQ6` (
  `optionsQ6_id` int(11) NOT NULL,
  `optionsQ6_value` varchar(255) COLLATE utf8_unicode_ci DEFAULT NULL
) ENGINE=InnoDB DEFAULT CHARSET=utf8 COLLATE=utf8_unicode_ci;

--
-- Đang đổ dữ liệu cho bảng `optionsQ6`
--

INSERT INTO `optionsQ6` (`optionsQ6_id`, `optionsQ6_value`) VALUES
(1, 'Ít, lồi ra như hạt ngô'),
(2, 'Nhiều, lồi ra bằng 1/3 đốt ngón tay'),
(3, 'Rất nhiều, dài >2.5cm'),
(4, 'Không sa, bình thường');

-- --------------------------------------------------------

--
-- Cấu trúc bảng cho bảng `optionsQ7`
--

CREATE TABLE `optionsQ7` (
  `optionsQ7_id` int(11) NOT NULL,
  `optionsQ7_value` varchar(255) COLLATE utf8_unicode_ci DEFAULT NULL
) ENGINE=InnoDB DEFAULT CHARSET=utf8 COLLATE=utf8_unicode_ci;

--
-- Đang đổ dữ liệu cho bảng `optionsQ7`
--

INSERT INTO `optionsQ7` (`optionsQ7_id`, `optionsQ7_value`) VALUES
(1, 'Không tự co vào được, ấn vào lại sa ra, hoặc rặn nhẹ là sa ra'),
(2, 'Tự co lên được sau khi ấn vào nhẹ');

-- --------------------------------------------------------

--
-- Cấu trúc bảng cho bảng `optionsQ8`
--

CREATE TABLE `optionsQ8` (
  `optionsQ8_id` int(11) NOT NULL,
  `optionsQ8_value` varchar(255) COLLATE utf8_unicode_ci DEFAULT NULL
) ENGINE=InnoDB DEFAULT CHARSET=utf8 COLLATE=utf8_unicode_ci;

--
-- Đang đổ dữ liệu cho bảng `optionsQ8`
--

INSERT INTO `optionsQ8` (`optionsQ8_id`, `optionsQ8_value`) VALUES
(1, 'Khô, thoáng bình thường, không có dịch'),
(2, 'Hơi ẩm, ít mùi'),
(3, 'Ướt, có dịch vào đồ lót, mùi khó chịu');

-- --------------------------------------------------------

--
-- Cấu trúc bảng cho bảng `optionsQ9`
--

CREATE TABLE `optionsQ9` (
  `optionsQ9_id` int(11) NOT NULL,
  `optionsQ9_value` varchar(255) COLLATE utf8_unicode_ci DEFAULT NULL
) ENGINE=InnoDB DEFAULT CHARSET=utf8 COLLATE=utf8_unicode_ci;

--
-- Đang đổ dữ liệu cho bảng `optionsQ9`
--

INSERT INTO `optionsQ9` (`optionsQ9_id`, `optionsQ9_value`) VALUES
(1, 'Có'),
(2, 'Không'),
(3, 'Có nhưng mức độ 3-4h/ngày');

-- --------------------------------------------------------

--
-- Cấu trúc bảng cho bảng `orders`
--

CREATE TABLE `orders` (
  `orders_id` int(11) NOT NULL,
  `users_id` int(11) DEFAULT NULL,
  `session_id` varchar(255) COLLATE utf8_unicode_ci DEFAULT NULL,
  `orders_receiver_name` text COLLATE utf8_unicode_ci DEFAULT NULL,
  `orders_receiver_email` text COLLATE utf8_unicode_ci DEFAULT NULL,
  `orders_receiver_phone` text COLLATE utf8_unicode_ci DEFAULT NULL,
  `orders_receiver_address` text COLLATE utf8_unicode_ci DEFAULT NULL,
  `orders_receiver_note` text COLLATE utf8_unicode_ci DEFAULT NULL,
  `orders_total_price` float DEFAULT NULL,
  `currency_id` int(11) DEFAULT NULL,
  `orders_created_date` datetime DEFAULT NULL,
  `orders_state` int(11) NOT NULL DEFAULT 1
) ENGINE=InnoDB DEFAULT CHARSET=utf8 COLLATE=utf8_unicode_ci;

-- --------------------------------------------------------

--
-- Cấu trúc bảng cho bảng `order_detail`
--

CREATE TABLE `order_detail` (
  `order_detail_id` int(11) NOT NULL,
  `order_id` int(11) DEFAULT NULL,
  `session_id` varchar(255) COLLATE utf8_unicode_ci DEFAULT NULL,
  `product_id` int(11) DEFAULT NULL,
  `order_detail_quantity` int(11) DEFAULT NULL,
  `order_detail_price` double DEFAULT NULL,
  `order_detail_note` text COLLATE utf8_unicode_ci DEFAULT NULL,
  `state` int(11) NOT NULL DEFAULT 0,
  `product_name` text COLLATE utf8_unicode_ci DEFAULT NULL,
  `currency_id` int(11) DEFAULT NULL
) ENGINE=InnoDB DEFAULT CHARSET=utf8 COLLATE=utf8_unicode_ci;

-- --------------------------------------------------------

--
-- Cấu trúc bảng cho bảng `order_state`
--

CREATE TABLE `order_state` (
  `order_state_id` int(11) NOT NULL,
  `order_state_name` text COLLATE utf8_unicode_ci DEFAULT NULL,
  `state` int(11) NOT NULL
) ENGINE=InnoDB DEFAULT CHARSET=utf8 COLLATE=utf8_unicode_ci;

--
-- Đang đổ dữ liệu cho bảng `order_state`
--

INSERT INTO `order_state` (`order_state_id`, `order_state_name`, `state`) VALUES
(1, 'Chờ xác nhận', 0),
(2, 'Đã xác nhận', 0),
(3, 'Chờ thanh toán', 0),
(4, 'Đã thanh toán', 0),
(5, 'Chờ gửi hàng', 0),
(6, '	\r\nHủy đơn hàng', 0),
(7, '	\r\nĐã chuyển hàng', 0);

-- --------------------------------------------------------

--
-- Cấu trúc bảng cho bảng `page`
--

CREATE TABLE `page` (
  `page_id` int(11) NOT NULL,
  `page_name` text COLLATE utf8_unicode_ci DEFAULT NULL,
  `page_des` text COLLATE utf8_unicode_ci DEFAULT NULL,
  `page_content` text COLLATE utf8_unicode_ci DEFAULT NULL,
  `page_img` text COLLATE utf8_unicode_ci DEFAULT NULL,
  `page_created_date` datetime DEFAULT NULL,
  `page_update_date` datetime DEFAULT NULL,
  `state` int(11) NOT NULL DEFAULT 0,
  `page_sub_info1` text COLLATE utf8_unicode_ci DEFAULT NULL,
  `page_sub_info2` text COLLATE utf8_unicode_ci DEFAULT NULL,
  `page_sub_info3` text COLLATE utf8_unicode_ci DEFAULT NULL,
  `page_sub_info4` text COLLATE utf8_unicode_ci DEFAULT NULL,
  `page_sub_info5` text COLLATE utf8_unicode_ci DEFAULT NULL,
  `keyword` text COLLATE utf8_unicode_ci DEFAULT NULL,
  `title_seo` text COLLATE utf8_unicode_ci DEFAULT NULL,
  `des_seo` text COLLATE utf8_unicode_ci DEFAULT NULL,
  `friendly_url` text COLLATE utf8_unicode_ci DEFAULT NULL,
  `created_id` int(11) DEFAULT NULL
) ENGINE=InnoDB DEFAULT CHARSET=utf8 COLLATE=utf8_unicode_ci;

--
-- Đang đổ dữ liệu cho bảng `page`
--

INSERT INTO `page` (`page_id`, `page_name`, `page_des`, `page_content`, `page_img`, `page_created_date`, `page_update_date`, `state`, `page_sub_info1`, `page_sub_info2`, `page_sub_info3`, `page_sub_info4`, `page_sub_info5`, `keyword`, `title_seo`, `des_seo`, `friendly_url`, `created_id`) VALUES
(57, 'Về chúng tôi', 'Công ty TNHH Hợp Lực Cảng Việt chuyên cung cấp các loại móc công nghiệp như máy phát điện, máy xát gạo, máy xới đất, máy tuốt lúa,... Đây là các loại máy được chúng tôi nhập khẩu chính hãng nguyên chiếc, giúp cho bà con nông dân và các chủ doanh nghiệp có thể tiết kiệm công sức lao độn, nâng cao hiệu suất công việc sản xuất.', '<p>C&Ocirc;NG SUẤT CAO - GI&Aacute; CỰC TỐT</p>\r\n\r\n<p>H&Agrave;NG CH&Iacute;NH H&Atilde;NG - NHẬP KHẨU NGUY&Ecirc;N CHIẾC</p>\r\n\r\n<p>Hiệu suất cao - chất lượng tốt lu&ocirc;n l&agrave; ti&ecirc;u ch&iacute; h&agrave;ng đầu khi kh&aacute;ch h&agrave;ng t&igrave;m kiếm c&aacute;c d&ograve;ng sản phẩm m&aacute;y m&oacute;c c&ocirc;ng nghiệp.</p>\r\n\r\n<p>Thấu hiểu được điều đ&oacute;, Hợp Lực Cảng tự h&agrave;o giới thiệu đến qu&yacute; kh&aacute;ch những d&ograve;ng sản phẩm h&agrave;ng đầu trong ng&agrave;nh, bao gồm m&aacute;y ph&aacute;t điện, m&aacute;y x&aacute;t gạo, m&aacute;y xới đất v&agrave; m&aacute;y tuốt l&uacute;a.</p>\r\n\r\n<p>Tất cả c&aacute;c sản phẩm v&agrave; dịch vụ m&agrave; ch&uacute;ng t&ocirc;i cung cấp đều được kiểm tra v&agrave; đảm bảo tu&acirc;n thủ c&aacute;c ti&ecirc;u chuẩn chất lượng cao nhất</p>\r\n\r\n<p>Li&ecirc;n hệ ngay để được tư vấn v&agrave; nhận th&ocirc;ng tin chi tiết về c&aacute;c sản phẩm c&ocirc;ng nghiệp h&agrave;ng đầu của ch&uacute;ng t&ocirc;i.</p>\r\n\r\n<p>Hợp lực cảng Việt - Đối t&aacute;c đ&aacute;ng tin cậy cho c&aacute;c giải ph&aacute;p c&ocirc;ng nghiệp vượt trội!</p>\r\n', 'c48a789885b465ea3ca5.jpg', '2018-08-14 17:08:56', '2023-07-01 15:07:04', 1, '', '', '', '', '', 'Về chúng tôi', 'Về chúng tôi', '', 've-chung-toi', 1),
(58, 'Giá trị TupperWare', '', '<p><strong>Ch&iacute;nh trực l&agrave; ti&ecirc;u ch&iacute;</strong></p>\r\n\r\n<p>Ch&uacute;ng t&ocirc;i lu&ocirc;n c&ocirc;ng bằng trong những ph&aacute;t ng&ocirc;n v&agrave; trong h&agrave;nh động</p>\r\n\r\n<p><strong>Tr&aacute;ch nhiệm</strong></p>\r\n\r\n<p>Ch&uacute;ng t&ocirc;i lu&ocirc;n đặt tr&aacute;ch nhiệm với cộng đồng, kh&aacute;ch h&agrave;ng v&agrave; đối t&aacute;c kinh doanh l&ecirc;n h&agrave;ng đầu.</p>\r\n\r\n<p><strong>Lu&ocirc;n lu&ocirc;n đổi mới</strong></p>\r\n\r\n<p>Ch&uacute;ng t&ocirc;i cam kết ph&aacute;t triển c&aacute;c cơ hội mới, sản phẩm mới v&agrave; t&igrave;m kiếm c&aacute;c giải ph&aacute;p s&aacute;ng tạo, t&igrave;m kiếm phương hướng cho c&aacute;c th&aacute;ch thức ch&uacute;ng ta phải đối mặt.</p>\r\n', NULL, '2020-05-28 17:05:33', '2020-06-09 10:06:05', 1, '', '', '', '', '', '', 'Giá trị TupperWare', '', 'gia-tri-tupperware', 10),
(59, 'Khuyến mãi HOT', '', '', NULL, '2020-05-28 17:05:40', '2020-09-12 17:09:40', 1, '', '', '', '', '', '', 'Lịch sử TupperWare', '', 'lich-su-tupperware', 10),
(60, 'Chương trình khuyến mãi', '', '', '', '2020-05-28 17:05:08', NULL, 1, '', '', '', '', '', '', 'Chương trình khuyến mãi', '', 'chuong-trinh-khuyen-mai', 10),
(61, 'Thông tin hữu ích', '', '', '', '2020-05-28 17:05:19', NULL, 1, '', '', '', '', '', '', 'Thông tin hữu ích', '', 'thong-tin-huu-ich', 10),
(62, 'Bảo hành', '', '<p style=\"margin-left:0in; margin-right:0in\"><span style=\"font-size:11pt\"><span style=\"background-color:white\"><span style=\"font-family:Calibri,sans-serif\"><span style=\"font-size:37.5pt\"><span style=\"color:black\">Bảo h&agrave;nh</span></span></span></span></span></p>\r\n\r\n<p style=\"margin-left:0in; margin-right:0in\"><span style=\"font-size:11pt\"><span style=\"background-color:white\"><span style=\"font-family:Calibri,sans-serif\"><strong><span style=\"font-size:10.5pt\"><span style=\"color:#999999\">Qui định về phạm vi bảo h&agrave;nh c&aacute;c sản phẩm Tupperware</span></span></strong></span></span></span></p>\r\n\r\n<p style=\"margin-left:0in; margin-right:0in\"><span style=\"font-size:11pt\"><span style=\"background-color:white\"><span style=\"font-family:Calibri,sans-serif\"><a href=\"https://www.tupperware.com.vn/assets/images/mediacenter-images/001416-0666-0003_rdax_1024x506.jpg\" style=\"color:blue; text-decoration:underline\"><span style=\"font-size:10.5pt\"><span style=\"color:#1eb5da\"><img alt=\"https://www.tupperware.com.vn/assets/images/mediacenter-images/001416-0666-0003_rdax_445x220.jpg\" height=\"220\" src=\"https://www.tupperware.com.vn/assets/images/mediacenter-images/001416-0666-0003_rdax_445x220.jpg\" width=\"445\" /></span></span></a></span></span></span></p>\r\n\r\n<p style=\"margin-left:0in; margin-right:0in\"><span style=\"font-size:11pt\"><span style=\"background-color:white\"><span style=\"font-family:Calibri,sans-serif\"><span style=\"font-size:18.0pt\"><span style=\"color:black\">Định nghĩa</span></span></span></span></span></p>\r\n\r\n<p style=\"margin-left:0in; margin-right:0in\"><span style=\"font-size:11pt\"><span style=\"background-color:white\"><span style=\"font-family:Calibri,sans-serif\"><strong><span style=\"font-size:10.5pt\"><span style=\"color:black\">1. Bảo h&agrave;nh trọn v&ograve;ng đời (Lifetime Warranty):</span></span></strong><span style=\"font-size:10.5pt\"><span style=\"color:black\">&nbsp;Bảo h&agrave;nh &aacute;p dụng đối với sản phẩm hoặc bộ phận của sản phẩm c&oacute; cấu tạo bằng nhựa (ngoại trừ silicone). Bảo h&agrave;nh n&agrave;y sẽ được &aacute;p dụng trong suốt qu&aacute; tr&igrave;nh sử dụng th&ocirc;ng thường theo đ&uacute;ng hướng dẫn sử dụng v&agrave; c&ocirc;ng năng của sản phẩm. C&aacute;c trường hợp ngoại lệ sẽ được quy định cụ thể theo ch&iacute;nh s&aacute;ch bảo h&agrave;nh.</span></span></span></span></span><span style=\"font-size:11pt\"><span style=\"background-color:white\"><span style=\"font-family:Calibri,sans-serif\">&nbsp;</span></span></span></p>\r\n\r\n<p style=\"margin-left:0in; margin-right:0in\"><span style=\"font-size:11pt\"><span style=\"background-color:white\"><span style=\"font-family:Calibri,sans-serif\"><strong><span style=\"font-size:10.5pt\"><span style=\"color:black\">2. Bảo h&agrave;nh c&oacute; giới hạn (Q-Warranty):</span></span></strong><span style=\"font-size:10.5pt\"><span style=\"color:black\">&nbsp;Bảo h&agrave;nh &aacute;p dụng đối với sản phẩm hoặc bộ phận của sản phẩm c&oacute; cấu tạo kh&ocirc;ng phải chất liệu nhựa. Thời hạn v&agrave; điều kiện bảo h&agrave;nh sẽ được quy định cho từng sản phẩm cụ thể.</span></span></span></span></span><span style=\"font-size:11pt\"><span style=\"background-color:white\"><span style=\"font-family:Calibri,sans-serif\">&nbsp;</span></span></span></p>\r\n\r\n<p style=\"margin-left:0in; margin-right:0in\"><span style=\"font-size:11pt\"><span style=\"background-color:white\"><span style=\"font-family:Calibri,sans-serif\"><strong><span style=\"font-size:10.5pt\"><span style=\"color:black\">3. Phạm vi bảo h&agrave;nh:</span></span></strong><span style=\"font-size:10.5pt\"><span style=\"color:black\">&nbsp;Ch&iacute;nh s&aacute;ch bảo h&agrave;nh n&agrave;y chỉ &aacute;p dụng đối với c&aacute;c sản phẩm mang thương hiệu Tupperware do Tupperware Việt Nam nhập khẩu v&agrave; ph&acirc;n phối ch&iacute;nh thức tại thị trường Việt Nam th&ocirc;ng qua đại l&yacute; ủy quyền tr&ecirc;n to&agrave;n quốc</span></span><span style=\"font-size:10.5pt\"><span style=\"color:black\">.</span></span></span></span></span><span style=\"font-size:11pt\"><span style=\"background-color:white\"><span style=\"font-family:Calibri,sans-serif\">&nbsp;</span></span></span></p>\r\n\r\n<p style=\"margin-left:0in; margin-right:0in\"><span style=\"font-size:11pt\"><span style=\"background-color:white\"><span style=\"font-family:Calibri,sans-serif\"><strong><span style=\"font-size:10.5pt\"><span style=\"color:black\">4. Quy tắc&nbsp;bảo h&agrave;nh:</span></span></strong><span style=\"font-size:10.5pt\"><span style=\"color:black\">&nbsp;T&ugrave;y v&agrave;o lượng h&agrave;ng ho&aacute; của Tupperware Việt Nam tại thời điểm xử l&yacute; bảo h&agrave;nh. Việc thay thế sản phẩm mới hoặc bộ phận của sản phẩm sẽ tu&acirc;n theo thứ tự ưu ti&ecirc;n sau:</span></span></span></span></span><span style=\"font-size:11pt\"><span style=\"background-color:white\"><span style=\"font-family:Calibri,sans-serif\">&nbsp;</span></span></span></p>\r\n\r\n<p style=\"margin-left:0in; margin-right:0in\"><span style=\"font-size:11pt\"><span style=\"background-color:white\"><span style=\"font-family:Calibri,sans-serif\"><strong><em><span style=\"font-size:10.5pt\"><span style=\"color:black\">Ưu ti&ecirc;n 1:</span></span></em></strong><span style=\"font-size:10.5pt\"><span style=\"color:black\">&nbsp;Sản phẩm thay thế c&oacute; c&ugrave;ng thiết kế v&agrave; c&ugrave;ng m&agrave;u sắc với sản phẩm y&ecirc;u cầu bảo h&agrave;nh.</span></span></span></span></span><br />\r\n<span style=\"font-size:11pt\"><span style=\"background-color:white\"><span style=\"font-family:Calibri,sans-serif\"><span style=\"font-size:10.5pt\"><span style=\"color:black\"><strong><em>Ưu ti&ecirc;n 2:</em></strong>&nbsp;Sản phẩm thay thế c&oacute; c&ugrave;ng thiết kế v&agrave; kh&aacute;c m&agrave;u sắc với sản phẩm y&ecirc;u cầu bảo h&agrave;nh.</span></span></span></span></span><br />\r\n<span style=\"font-size:11pt\"><span style=\"background-color:white\"><span style=\"font-family:Calibri,sans-serif\"><span style=\"font-size:10.5pt\"><span style=\"color:black\"><strong><em>Ưu ti&ecirc;n 3:</em></strong>&nbsp;Tupperware Việt Nam đề xuất danh s&aacute;ch h&agrave;ng thay thế v&agrave; kh&aacute;ch h&agrave;ng lựa chọn sản phẩm thay thế c&oacute; c&ugrave;ng chức năng trong danh mục sản phẩm hiện h&agrave;nh của Tupperware Việt Nam tại thời điểm bảo h&agrave;nh.</span></span></span></span></span></p>\r\n\r\n<p style=\"margin-left:0in; margin-right:0in\"><span style=\"font-size:11pt\"><span style=\"background-color:white\"><span style=\"font-family:Calibri,sans-serif\"><strong><span style=\"font-size:10.5pt\"><span style=\"color:black\">+ Nếu gi&aacute;&nbsp;b&aacute;n lẻ (GBL) của sản phẩm y&ecirc;u cầu bảo h&agrave;nh (YCBH) thấp hơn GBL sản phẩm thay thế kh&aacute;ch h&agrave;ng chọn, kh&aacute;ch h&agrave;ng phải thanh to&aacute;n phần tiền ch&ecirc;nh lệch.</span></span></strong></span></span></span></p>\r\n\r\n<p style=\"margin-left:0in; margin-right:0in\"><span style=\"font-size:11pt\"><span style=\"background-color:white\"><span style=\"font-family:Calibri,sans-serif\"><strong><span style=\"font-size:10.5pt\"><span style=\"color:black\">+ Nếu gi&aacute; b&aacute;n lẻ (GBL) của sản phẩm y&ecirc;u cầu bảo h&agrave;nh (YCBH) cao hơn GBL sản phẩm thay thế kh&aacute;ch h&agrave;ng chọn, Tuppeware Việt Nam sẽ kh&ocirc;ng ho&agrave;n tiền ch&ecirc;nh lệch.</span></span></strong></span></span></span></p>\r\n\r\n<p style=\"margin-left:0in; margin-right:0in\"><span style=\"font-size:11pt\"><span style=\"background-color:white\"><span style=\"font-family:Calibri,sans-serif\"><span style=\"font-size:10.5pt\"><span style=\"color:black\">* Gi&aacute; b&aacute;n lẻ của sản phẩm y&ecirc;u cầu bảo h&agrave;nh sẽ do Tupperware Việt Nam quyết định.</span></span></span></span></span><span style=\"font-size:11pt\"><span style=\"background-color:white\"><span style=\"font-family:Calibri,sans-serif\">&nbsp;</span></span></span></p>\r\n\r\n<p style=\"margin-left:0in; margin-right:0in\"><span style=\"font-size:11pt\"><span style=\"background-color:white\"><span style=\"font-family:Calibri,sans-serif\"><span style=\"font-size:18.0pt\"><span style=\"color:black\">Thời hạn bảo h&agrave;nh</span></span></span></span></span></p>\r\n\r\n<p style=\"margin-left:0in; margin-right:0in\"><span style=\"font-size:11pt\"><span style=\"background-color:white\"><span style=\"font-family:Calibri,sans-serif\"><span style=\"font-size:10.5pt\"><span style=\"color:black\">- Tất cả c&aacute;c sản phẩm của Tupperware Việt Nam sẽ được bảo h&agrave;nh theo thời hạn sau:</span></span></span></span></span></p>\r\n\r\n<p style=\"margin-left:0in; margin-right:0in\"><span style=\"font-size:11pt\"><span style=\"background-color:white\"><span style=\"font-family:Calibri,sans-serif\"><em><span style=\"font-size:10.5pt\"><span style=\"color:black\">(Thời hạn bảo h&agrave;nh được bắt đầu t&iacute;nh từ ng&agrave;y người ti&ecirc;u d&ugrave;ng mua h&agrave;ng)</span></span></em></span></span></span><span style=\"font-size:11pt\"><span style=\"background-color:white\"><span style=\"font-family:Calibri,sans-serif\">&nbsp;</span></span></span></p>\r\n\r\n<table border=\"1\" cellspacing=\"0\" class=\"Table\" style=\"border-collapse:collapse; border:solid windowtext 1.0pt; margin-left:31.25pt; width:463.5pt\">\r\n	<tbody>\r\n		<tr>\r\n			<td style=\"vertical-align:top; width:.5in\">\r\n			<p style=\"margin-left:0in; margin-right:0in\"><span style=\"font-size:11pt\"><span style=\"font-family:Calibri,sans-serif\"><strong><span style=\"font-size:12.0pt\">STT</span></strong></span></span></p>\r\n			</td>\r\n			<td style=\"vertical-align:top; width:102.75pt\">\r\n			<p style=\"margin-left:0in; margin-right:0in\"><span style=\"font-size:11pt\"><span style=\"font-family:Calibri,sans-serif\"><strong><span style=\"font-size:12.0pt\">Sản phẩm</span></strong></span></span></p>\r\n			</td>\r\n			<td style=\"vertical-align:top; width:159.0pt\">\r\n			<p style=\"margin-left:0in; margin-right:0in\"><span style=\"font-size:11pt\"><span style=\"font-family:Calibri,sans-serif\"><strong><span style=\"font-size:12.0pt\">Chế độ bảo h&agrave;nh</span></strong></span></span></p>\r\n			</td>\r\n			<td style=\"vertical-align:top; width:97.5pt\">\r\n			<p style=\"margin-left:0in; margin-right:0in\"><span style=\"font-size:11pt\"><span style=\"font-family:Calibri,sans-serif\"><strong><span style=\"font-size:12.0pt\">Thời hạn bảo h&agrave;nh</span></strong></span></span></p>\r\n			</td>\r\n		</tr>\r\n		<tr>\r\n			<td colspan=\"4\" style=\"vertical-align:top; width:463.5pt\">\r\n			<p style=\"margin-left:0in; margin-right:0in\"><span style=\"font-size:11pt\"><span style=\"font-family:Calibri,sans-serif\"><span style=\"font-size:12.0pt\">I. Sản phẩm gia dụng</span></span></span></p>\r\n			</td>\r\n		</tr>\r\n		<tr>\r\n			<td style=\"vertical-align:top; width:.5in\">\r\n			<p style=\"margin-left:0in; margin-right:0in\"><span style=\"font-size:11pt\"><span style=\"font-family:Calibri,sans-serif\"><span style=\"font-size:12.0pt\">1</span></span></span></p>\r\n			</td>\r\n			<td style=\"vertical-align:top; width:102.75pt\">\r\n			<p style=\"margin-left:0in; margin-right:0in\"><span style=\"font-size:11pt\"><span style=\"font-family:Calibri,sans-serif\"><span style=\"font-size:12.0pt\">Sản phẩm nhựa gia dụng</span></span></span></p>\r\n			</td>\r\n			<td style=\"vertical-align:top; width:159.0pt\">\r\n			<p style=\"margin-left:0in; margin-right:0in\"><span style=\"font-size:11pt\"><span style=\"font-family:Calibri,sans-serif\"><span style=\"font-size:12.0pt\">Bảo h&agrave;nh trọn v&ograve;ng đời</span></span></span></p>\r\n			</td>\r\n			<td style=\"vertical-align:top; width:97.5pt\">\r\n			<p style=\"margin-left:0in; margin-right:0in\"><span style=\"font-size:11pt\"><span style=\"font-family:Calibri,sans-serif\"><span style=\"font-size:12.0pt\">Bảo h&agrave;nh trọn v&ograve;ng đời</span></span></span></p>\r\n			</td>\r\n		</tr>\r\n		<tr>\r\n			<td style=\"vertical-align:top; width:.5in\">\r\n			<p style=\"margin-left:0in; margin-right:0in\"><span style=\"font-size:11pt\"><span style=\"font-family:Calibri,sans-serif\"><span style=\"font-size:12.0pt\">2</span></span></span></p>\r\n			</td>\r\n			<td style=\"vertical-align:top; width:102.75pt\">\r\n			<p style=\"margin-left:0in; margin-right:0in\"><span style=\"font-size:11pt\"><span style=\"font-family:Calibri,sans-serif\"><span style=\"font-size:12.0pt\">B&igrave;nh giữ nhiệt</span></span></span></p>\r\n			</td>\r\n			<td style=\"vertical-align:top; width:159.0pt\">\r\n			<p style=\"margin-left:0in; margin-right:0in\"><span style=\"font-size:11pt\"><span style=\"font-family:Calibri,sans-serif\"><span style=\"font-size:12.0pt\">Bảo h&agrave;nh c&oacute; giới hạn (*)</span></span></span></p>\r\n			</td>\r\n			<td style=\"vertical-align:top; width:97.5pt\">\r\n			<p style=\"margin-left:0in; margin-right:0in\"><span style=\"font-size:11pt\"><span style=\"font-family:Calibri,sans-serif\"><span style=\"font-size:12.0pt\">&nbsp; &nbsp; &nbsp; &nbsp; &nbsp; &nbsp; &nbsp;12 th&aacute;ng</span></span></span></p>\r\n			</td>\r\n		</tr>\r\n		<tr>\r\n			<td colspan=\"4\" style=\"vertical-align:top; width:463.5pt\">\r\n			<p style=\"margin-left:0in; margin-right:0in\"><span style=\"font-size:11pt\"><span style=\"font-family:Calibri,sans-serif\"><span style=\"font-size:12.0pt\">II. Sản phẩm dụng cụ nấu nướng</span></span></span></p>\r\n			</td>\r\n		</tr>\r\n		<tr>\r\n			<td style=\"vertical-align:top; width:.5in\">\r\n			<p style=\"margin-left:0in; margin-right:0in\"><span style=\"font-size:11pt\"><span style=\"font-family:Calibri,sans-serif\"><span style=\"font-size:12.0pt\">1</span></span></span></p>\r\n			</td>\r\n			<td style=\"vertical-align:top; width:102.75pt\">\r\n			<p style=\"margin-left:0in; margin-right:0in\"><span style=\"font-size:11pt\"><span style=\"font-family:Calibri,sans-serif\"><span style=\"font-size:12.0pt\">M&aacute;y xay (Chopper)</span></span></span></p>\r\n			</td>\r\n			<td style=\"vertical-align:top; width:159.0pt\">\r\n			<p style=\"margin-left:0in; margin-right:0in\"><span style=\"font-size:11pt\"><span style=\"font-family:Calibri,sans-serif\"><span style=\"font-size:12.0pt\">Bảo h&agrave;nh trọn v&ograve;ng đời</span></span></span></p>\r\n			</td>\r\n			<td style=\"vertical-align:top; width:97.5pt\">\r\n			<p style=\"margin-left:0in; margin-right:0in\"><span style=\"font-size:11pt\"><span style=\"font-family:Calibri,sans-serif\"><span style=\"font-size:12.0pt\">Bảo h&agrave;nh trọn v&ograve;ng đời cho c&aacute;c bộ phần cấu tạo bằng nhựa</span></span></span></p>\r\n			</td>\r\n		</tr>\r\n		<tr>\r\n			<td style=\"vertical-align:top; width:.5in\">\r\n			<p style=\"margin-left:0in; margin-right:0in\"><span style=\"font-size:11pt\"><span style=\"font-family:Calibri,sans-serif\"><span style=\"font-size:12.0pt\">2</span></span></span></p>\r\n			</td>\r\n			<td style=\"vertical-align:top; width:102.75pt\">\r\n			<p style=\"margin-left:0in; margin-right:0in\"><span style=\"font-size:11pt\"><span style=\"font-family:Calibri,sans-serif\"><span style=\"font-size:12.0pt\">Bộ dao k&eacute;o</span></span></span></p>\r\n			</td>\r\n			<td style=\"vertical-align:top; width:159.0pt\">\r\n			<p style=\"margin-left:0in; margin-right:0in\"><span style=\"font-size:11pt\"><span style=\"font-family:Calibri,sans-serif\"><span style=\"font-size:12.0pt\">Sản phẩm dao, k&eacute;o&nbsp;v&agrave; đồ m&agrave;i dao sẽ kh&ocirc;ng được bảo h&agrave;nh.</span></span></span></p>\r\n\r\n			<p style=\"margin-left:0in; margin-right:0in\"><span style=\"font-size:11pt\"><span style=\"font-family:Calibri,sans-serif\"><span style=\"font-size:12.0pt\">Ngay thời điểm mua, nếu h&agrave;ng c&oacute; khuyết điểm th&igrave; c&oacute; thể đổi ngay, nhưng nếu qua sử dụng th&igrave; sẽ kh&ocirc;ng được bảo h&agrave;nh.</span></span></span></p>\r\n			</td>\r\n			<td style=\"vertical-align:top; width:97.5pt\">\r\n			<p style=\"margin-left:0in; margin-right:0in\"><span style=\"font-size:11pt\"><span style=\"font-family:Calibri,sans-serif\">&nbsp;</span></span></p>\r\n			</td>\r\n		</tr>\r\n		<tr>\r\n			<td style=\"vertical-align:top; width:.5in\">\r\n			<p style=\"margin-left:0in; margin-right:0in\"><span style=\"font-size:11pt\"><span style=\"font-family:Calibri,sans-serif\"><span style=\"font-size:12.0pt\">3</span></span></span></p>\r\n			</td>\r\n			<td style=\"vertical-align:top; width:102.75pt\">\r\n			<p style=\"margin-left:0in; margin-right:0in\"><span style=\"font-size:11pt\"><span style=\"font-family:Calibri,sans-serif\"><span style=\"font-size:12.0pt\">M&aacute;y xay thịt Fusion Master</span></span></span></p>\r\n			</td>\r\n			<td style=\"vertical-align:top; width:159.0pt\">\r\n			<p style=\"margin-left:0in; margin-right:0in\"><span style=\"font-size:11pt\"><span style=\"font-family:Calibri,sans-serif\"><span style=\"font-size:12.0pt\">Bảo h&agrave;nh c&oacute; giới hạn (*)</span></span></span></p>\r\n			</td>\r\n			<td style=\"vertical-align:top; width:97.5pt\">\r\n			<p style=\"margin-left:0in; margin-right:0in\"><span style=\"font-size:11pt\"><span style=\"font-family:Calibri,sans-serif\"><span style=\"font-size:12.0pt\">12 th&aacute;ng</span></span></span></p>\r\n			</td>\r\n		</tr>\r\n		<tr>\r\n			<td style=\"vertical-align:top; width:.5in\">\r\n			<p style=\"margin-left:0in; margin-right:0in\"><span style=\"font-size:11pt\"><span style=\"font-family:Calibri,sans-serif\"><span style=\"font-size:12.0pt\">4</span></span></span></p>\r\n			</td>\r\n			<td style=\"vertical-align:top; width:102.75pt\">\r\n			<p style=\"margin-left:0in; margin-right:0in\"><span style=\"font-size:11pt\"><span style=\"font-family:Calibri,sans-serif\"><span style=\"font-size:12.0pt\">Nồi chảo</span></span></span></p>\r\n			</td>\r\n			<td style=\"vertical-align:top; width:159.0pt\">\r\n			<p style=\"margin-left:0in; margin-right:0in\"><span style=\"font-size:11pt\"><span style=\"font-family:Calibri,sans-serif\"><span style=\"font-size:12.0pt\">Bảo h&agrave;nh c&oacute; giới hạn (*)</span></span></span></p>\r\n			</td>\r\n			<td style=\"vertical-align:top; width:97.5pt\">\r\n			<p style=\"margin-left:0in; margin-right:0in\"><span style=\"font-size:11pt\"><span style=\"font-family:Calibri,sans-serif\"><span style=\"font-size:12.0pt\">&nbsp; &nbsp; &nbsp; &nbsp; &nbsp; &nbsp; &nbsp;36 th&aacute;ng</span></span></span></p>\r\n			</td>\r\n		</tr>\r\n		<tr>\r\n			<td colspan=\"4\" style=\"vertical-align:top; width:463.5pt\">\r\n			<p style=\"margin-left:0in; margin-right:0in\"><span style=\"font-size:11pt\"><span style=\"font-family:Calibri,sans-serif\"><span style=\"font-size:12.0pt\">III. Sản phẩm m&aacute;y lọc nước</span></span></span></p>\r\n			</td>\r\n		</tr>\r\n		<tr>\r\n			<td style=\"vertical-align:top; width:.5in\">\r\n			<p style=\"margin-left:0in; margin-right:0in\"><span style=\"font-size:11pt\"><span style=\"font-family:Calibri,sans-serif\"><span style=\"font-size:12.0pt\">1</span></span></span></p>\r\n			</td>\r\n			<td style=\"vertical-align:top; width:102.75pt\">\r\n			<p style=\"margin-left:0in; margin-right:0in\"><span style=\"font-size:11pt\"><span style=\"font-family:Calibri,sans-serif\"><span style=\"font-size:12.0pt\">M&aacute;y lọc nước Nano Nature</span></span></span></p>\r\n			</td>\r\n			<td style=\"vertical-align:top; width:159.0pt\">\r\n			<p style=\"margin-left:0in; margin-right:0in\"><span style=\"font-size:11pt\"><span style=\"font-family:Calibri,sans-serif\"><span style=\"font-size:12.0pt\">Bảo h&agrave;nh c&oacute; giới hạn (*)</span></span></span></p>\r\n			</td>\r\n			<td style=\"vertical-align:top; width:97.5pt\">\r\n			<p style=\"margin-left:0in; margin-right:0in\"><span style=\"font-size:11pt\"><span style=\"font-family:Calibri,sans-serif\"><span style=\"font-size:12.0pt\">24 th&aacute;ng</span></span></span></p>\r\n			</td>\r\n		</tr>\r\n	</tbody>\r\n</table>\r\n\r\n<p style=\"margin-left:0in; margin-right:0in\"><span style=\"font-size:11pt\"><span style=\"background-color:white\"><span style=\"font-family:Calibri,sans-serif\">&nbsp;</span></span></span><span style=\"font-size:11pt\"><span style=\"background-color:white\"><span style=\"font-family:Calibri,sans-serif\"><em><span style=\"font-size:10.5pt\"><span style=\"color:black\">(*) Tupperware Việt Nam sẽ kh&ocirc;ng giải quyết nếu kh&ocirc;ng c&oacute; phiếu tiếp nhận bảo h&agrave;nh.</span></span></em></span></span></span></p>\r\n\r\n<p style=\"margin-left:0in; margin-right:0in\"><span style=\"font-size:11pt\"><span style=\"background-color:white\"><span style=\"font-family:Calibri,sans-serif\">&nbsp;</span></span></span><span style=\"font-size:11pt\"><span style=\"background-color:white\"><span style=\"font-family:Calibri,sans-serif\"><span style=\"font-size:18.0pt\"><span style=\"color:black\">Địa chỉ tiếp nhận bảo h&agrave;nh</span></span></span></span></span></p>\r\n\r\n<p style=\"margin-left:0in; margin-right:0in\"><span style=\"font-size:11pt\"><span style=\"background-color:white\"><span style=\"font-family:Calibri,sans-serif\"><strong><span style=\"font-size:10.5pt\"><span style=\"color:black\">Tupperware Anna 3 th&aacute;ng 2</span></span></strong></span></span></span></p>\r\n\r\n<p style=\"margin-left:0in; margin-right:0in\"><span style=\"font-size:11pt\"><span style=\"background-color:white\"><span style=\"font-family:Calibri,sans-serif\"><span style=\"font-size:10.5pt\"><span style=\"color:black\">Địa chỉ: 27 đường 3 th&aacute;ng 2, Phường 8, Quận 10 Th&agrave;nh phố Hồ Ch&iacute; Minh</span></span></span></span></span></p>\r\n\r\n<p style=\"margin-left:0in; margin-right:0in\"><span style=\"font-size:11pt\"><span style=\"background-color:white\"><span style=\"font-family:Calibri,sans-serif\"><span style=\"font-size:10.5pt\"><span style=\"color:black\">Điện thoại: 0901383777</span></span></span></span></span></p>\r\n\r\n<p style=\"margin-left:0in; margin-right:0in\"><span style=\"font-size:11pt\"><span style=\"background-color:white\"><span style=\"font-family:Calibri,sans-serif\"><span style=\"font-size:10.5pt\"><span style=\"color:black\">Email:</span></span>&nbsp;<strong><span style=\"font-size:10.5pt\"><span style=\"color:#1eb5da\"><a href=\"mailto:vinatup01@gmail.com\" style=\"color:blue; text-decoration:underline\">vinatup01@gmail.com</a></span></span></strong></span></span></span></p>\r\n\r\n<p style=\"margin-left:0in; margin-right:0in\"><span style=\"font-size:11pt\"><span style=\"background-color:white\"><span style=\"font-family:Calibri,sans-serif\"><span style=\"font-size:10.5pt\"><span style=\"color:black\">Website:<strong>&nbsp;tupshama.com</strong></span></span></span></span></span></p>\r\n\r\n<p style=\"margin-left:0in; margin-right:0in\"><span style=\"font-size:11pt\"><span style=\"background-color:white\"><span style=\"font-family:Calibri,sans-serif\"><span style=\"font-size:10.5pt\"><span style=\"color:black\">Facebook:</span></span> </span></span></span></p>\r\n\r\n<p style=\"margin-left:0in; margin-right:0in\"><span style=\"font-size:11pt\"><span style=\"background-color:white\"><span style=\"font-family:Calibri,sans-serif\"><strong><span style=\"font-size:10.5pt\"><span style=\"color:black\">(*):</span></span></strong><span style=\"font-size:10.5pt\"><span style=\"color:black\">&nbsp;Phiếu tiếp nhận bảo h&agrave;nh được cung cấp miễn ph&iacute; tại c&aacute;c cửa h&agrave;ng Tupperware tr&ecirc;n to&agrave;n quốc. Phiếu tiếp nhận bảo h&agrave;nh bắt buộc đ&iacute;nh k&egrave;m sản phẩm bảo h&agrave;nh khi kh&aacute;ch h&agrave;ng gửi sản phẩm về trung t&acirc;m bảo h&agrave;nh. Phiếu tiếp nhận bảo h&agrave;nh cần dược ghi r&otilde; c&aacute;c th&ocirc;ng tin bao gồm: họ t&ecirc;n, địa chỉ, số điện thoại, m&ocirc; tả lỗi sản phẩm.</span></span></span></span></span></p>\r\n\r\n<p style=\"margin-left:0in; margin-right:0in\"><span style=\"font-size:11pt\"><span style=\"background-color:white\"><span style=\"font-family:Calibri,sans-serif\"><strong><span style=\"font-size:10.5pt\"><span style=\"color:black\">(**):</span></span></strong><span style=\"font-size:10.5pt\"><span style=\"color:black\">&nbsp;Cửa h&agrave;ng tiếp nhận y&ecirc;u cầu bảo h&agrave;nh từ kh&aacute;ch h&agrave;ng l&agrave; th&agrave;nh vi&ecirc;n đ&atilde; đăng k&yacute; v&agrave; mua h&agrave;ng tại cửa h&agrave;ng tiếp nhận. Đối với c&aacute;c trường hợp kh&aacute;ch h&agrave;ng kh&ocirc;ng phải l&agrave; th&agrave;nh vi&ecirc;n v&agrave; đ&atilde; từng mua h&agrave;ng tại cửa h&agrave;ng tiếp nhận, cửa h&agrave;ng c&oacute; quyền quyết định tiếp nhận hoặc từ chối tiếp nhận. Trong trường hợp từ chối tiếp nhận, cửa h&agrave;ng cần th&ocirc;ng b&aacute;o với kh&aacute;ch h&agrave;ng về việc gửi h&agrave;ng bảo h&agrave;nh về nơi đ&atilde; đăng k&iacute; th&agrave;nh vi&ecirc;n v&agrave; mua h&agrave;ng hoặc gửi k&egrave;m phiếu tiếp nhận bảo h&agrave;nh c&ugrave;ng sản phẩm bảo h&agrave;nh về địa chỉ tiếp nhận bảo h&agrave;nh để y&ecirc;u cầu bảo h&agrave;nh.</span></span></span></span></span></p>\r\n\r\n<p style=\"margin-left:0in; margin-right:0in\"><span style=\"font-size:11pt\"><span style=\"background-color:white\"><span style=\"font-family:Calibri,sans-serif\"><span style=\"font-size:18.0pt\"><span style=\"color:black\">C&aacute;c trường hợp &aacute;p dụng bảo h&agrave;nh</span></span></span></span></span></p>\r\n\r\n<p style=\"margin-left:0in; margin-right:0in\"><span style=\"font-size:11pt\"><span style=\"background-color:white\"><span style=\"font-family:Calibri,sans-serif\"><em><span style=\"font-size:10.5pt\"><span style=\"color:black\">&nbsp; &nbsp; &nbsp; &nbsp; &nbsp; &nbsp;&Aacute;p dụng cho c&aacute;c sản phẩm thuộc chế độ bảo h&agrave;nh trọn v&ograve;ng đời</span></span></em></span></span></span></p>\r\n\r\n<ul>\r\n	<li><span style=\"font-size:11pt\"><span style=\"background-color:white\"><span style=\"font-family:Calibri,sans-serif\"><span style=\"font-size:10.5pt\"><span style=\"color:black\">Sản phẩm hoặc bộ phận sản phẩm bị cong vẹo</span></span></span></span></span></li>\r\n	<li><span style=\"font-size:11pt\"><span style=\"background-color:white\"><span style=\"font-family:Calibri,sans-serif\"><span style=\"font-size:10.5pt\"><span style=\"color:black\">Sản phẩm hoặc bộ phận sản phẩm bị bong tr&oacute;c lớp nhựa tr&ecirc;n bề mặt</span></span></span></span></span></li>\r\n	<li><span style=\"font-size:11pt\"><span style=\"background-color:white\"><span style=\"font-family:Calibri,sans-serif\"><span style=\"font-size:10.5pt\"><span style=\"color:black\">Th&acirc;n sản phẩm bị rạn nứt trong qu&aacute; tr&igrave;nh sử dụng th&ocirc;ng thường v&agrave; kh&ocirc;ng c&oacute; dấu hiệu cố &yacute; l&agrave;m hư hỏng sản phẩm</span></span></span></span></span></li>\r\n	<li><span style=\"font-size:11pt\"><span style=\"background-color:white\"><span style=\"font-family:Calibri,sans-serif\"><span style=\"font-size:10.5pt\"><span style=\"color:black\">Nắp sản phẩm bị r&aacute;ch hoặc bị chẻ đ&ocirc;i tại v&agrave;nh nắp</span></span></span></span></span></li>\r\n</ul>\r\n\r\n<p style=\"margin-left:0in; margin-right:0in\"><span style=\"font-size:11pt\"><span style=\"background-color:white\"><span style=\"font-family:Calibri,sans-serif\"><span style=\"font-size:18.0pt\"><span style=\"color:black\">C&aacute;c trường hợp kh&ocirc;ng &aacute;p dụng bảo h&agrave;nh</span></span></span></span></span></p>\r\n\r\n<p style=\"margin-left:0in; margin-right:0in\"><span style=\"font-size:11pt\"><span style=\"background-color:white\"><span style=\"font-family:Calibri,sans-serif\"><em><span style=\"font-size:10.5pt\"><span style=\"color:black\">&nbsp; &nbsp; &nbsp; &nbsp; &nbsp;&Aacute;p dụng cho c&aacute;c sản phẩm thuộc chế độ bảo h&agrave;nh trọn v&ograve;ng đời</span></span></em></span></span></span></p>\r\n\r\n<ul>\r\n	<li><span style=\"font-size:11pt\"><span style=\"background-color:white\"><span style=\"font-family:Calibri,sans-serif\"><span style=\"font-size:10.5pt\"><span style=\"color:black\">Trầy xướt trong qu&aacute; tr&igrave;nh sử dụng th&ocirc;ng thường</span></span></span></span></span></li>\r\n	<li><span style=\"font-size:11pt\"><span style=\"background-color:white\"><span style=\"font-family:Calibri,sans-serif\"><span style=\"font-size:10.5pt\"><span style=\"color:black\">B&aacute;m m&agrave;u thực phẩm</span></span></span></span></span></li>\r\n	<li><span style=\"font-size:11pt\"><span style=\"background-color:white\"><span style=\"font-family:Calibri,sans-serif\"><span style=\"font-size:10.5pt\"><span style=\"color:black\">Ch&aacute;y hoặc bị biến dạng do tiếp x&uacute;c với lửa, nhiệt hoặc vật n&oacute;ng</span></span></span></span></span></li>\r\n	<li><span style=\"font-size:11pt\"><span style=\"background-color:white\"><span style=\"font-family:Calibri,sans-serif\"><span style=\"font-size:10.5pt\"><span style=\"color:black\">Phồng rộp khi sử dụng trong l&ograve; vi s&oacute;ng khi h&acirc;m n&oacute;ng c&aacute;c loại thực phẩm c&oacute; dầu mỡ</span></span></span></span></span></li>\r\n	<li><span style=\"font-size:11pt\"><span style=\"background-color:white\"><span style=\"font-family:Calibri,sans-serif\"><span style=\"font-size:10.5pt\"><span style=\"color:black\">Vỡ n&aacute;t hoặc vỡ ph&acirc;n mảnh khi bị rơi xuống đất hoặc bị t&aacute;c động bởi c&aacute;c vật cứng</span></span></span></span></span></li>\r\n	<li><span style=\"font-size:11pt\"><span style=\"background-color:white\"><span style=\"font-family:Calibri,sans-serif\"><span style=\"font-size:10.5pt\"><span style=\"color:black\">Cắn bởi động vật</span></span></span></span></span></li>\r\n	<li><span style=\"font-size:11pt\"><span style=\"background-color:white\"><span style=\"font-family:Calibri,sans-serif\"><span style=\"font-size:10.5pt\"><span style=\"color:black\">Cắt bởi vật sắc nhọn</span></span></span></span></span></li>\r\n	<li><span style=\"font-size:11pt\"><span style=\"background-color:white\"><span style=\"font-family:Calibri,sans-serif\"><span style=\"font-size:10.5pt\"><span style=\"color:black\">Hư hỏng, mất m&aacute;t do sử dụng v&agrave; vệ sinh kh&ocirc;ng theo hướng dẫn sử dụng</span></span></span></span></span></li>\r\n	<li><span style=\"font-size:11pt\"><span style=\"background-color:white\"><span style=\"font-family:Calibri,sans-serif\"><span style=\"font-size:10.5pt\"><span style=\"color:black\">C&aacute;c h&igrave;nh ảnh trang tr&iacute; hoặc c&aacute;c thang đo dung t&iacute;ch được in ấn tr&ecirc;n bề mặt sản phẩm bị phai mờ</span></span></span></span></span></li>\r\n	<li><span style=\"font-size:11pt\"><span style=\"background-color:white\"><span style=\"font-family:Calibri,sans-serif\"><span style=\"font-size:10.5pt\"><span style=\"color:black\">C&aacute;c phụ kiện đi k&egrave;m sản phẩm như t&uacute;i x&aacute;ch, d&acirc;y đeo, t&uacute;i đựng chống sốc, chống trầy</span></span></span></span></span></li>\r\n</ul>\r\n\r\n<h1><strong><em><span style=\"font-size:10.5pt\"><span style=\"color:black\">** Tất cả c&aacute;c trường hợp bảo h&agrave;nh đều được kiểm tra v&agrave; phản hồi bởi Tupperware Việt Nam</span></span></em></strong></h1>\r\n', NULL, '2020-05-28 17:05:35', '2020-07-17 14:07:18', 1, '', '', '', '', '', '', 'Bảo hành', '', 'bao-hanh-1', 10),
(63, 'Lời khuyên', '', '<p style=\"margin-left:0in; margin-right:0in\"><span style=\"font-size:11pt\"><span style=\"background-color:white\"><span style=\"font-family:Calibri,sans-serif\"><span style=\"font-size:37.5pt\"><span style=\"font-family:&quot;Arial&quot;,sans-serif\"><span style=\"color:black\">Lời khuy&ecirc;n</span></span></span></span></span></span></p>\r\n\r\n<p style=\"margin-left:0in; margin-right:0in\"><span style=\"font-size:11pt\"><span style=\"background-color:white\"><span style=\"font-family:Calibri,sans-serif\"><em><span style=\"font-size:10.5pt\"><span style=\"font-family:&quot;Arial&quot;,sans-serif\"><span style=\"color:#999999\">&ldquo;H&atilde;y bảo quản c&aacute;c sản phẩm Tupperware như c&aacute;ch bạn chăm s&oacute;c đ&ocirc;i b&agrave;n tay của m&igrave;nh&rdquo;</span></span></span></em></span></span></span></p>\r\n\r\n<p style=\"margin-left:0in; margin-right:0in\"><span style=\"font-size:11pt\"><span style=\"background-color:white\"><span style=\"font-family:Calibri,sans-serif\"><strong><span style=\"font-size:10.5pt\"><span style=\"font-family:&quot;Arial&quot;,sans-serif\"><span style=\"color:black\">Hướng dẫn sử dụng</span></span></span></strong></span></span></span></p>\r\n\r\n<ul>\r\n	<li><span style=\"font-size:11pt\"><span style=\"background-color:white\"><span style=\"font-family:Calibri,sans-serif\"><span style=\"font-size:10.5pt\"><span style=\"font-family:&quot;Arial&quot;,sans-serif\"><span style=\"color:black\">Vệ sinh sản phẩm sạch sẽ sau khi sử dụng.</span></span></span></span></span></span></li>\r\n	<li><span style=\"font-size:11pt\"><span style=\"background-color:white\"><span style=\"font-family:Calibri,sans-serif\"><span style=\"font-size:10.5pt\"><span style=\"font-family:&quot;Arial&quot;,sans-serif\"><span style=\"color:black\">D&ugrave;ng miếng m&uacute;t mềm v&agrave; c&aacute;c dung dịch tẩy rửa dịu nhẹ, kh&ocirc;ng c&oacute; t&iacute;nh ăn m&ograve;n cao.</span></span></span></span></span></span></li>\r\n	<li><span style=\"font-size:11pt\"><span style=\"background-color:white\"><span style=\"font-family:Calibri,sans-serif\"><span style=\"font-size:10.5pt\"><span style=\"font-family:&quot;Arial&quot;,sans-serif\"><span style=\"color:black\">Tr&aacute;nh để sản phẩm tiếp x&uacute;c trực tiếp dưới nguồn nhiệt hoặc lửa.</span></span></span></span></span></span></li>\r\n	<li><span style=\"font-size:11pt\"><span style=\"background-color:white\"><span style=\"font-family:Calibri,sans-serif\"><span style=\"font-size:10.5pt\"><span style=\"font-family:&quot;Arial&quot;,sans-serif\"><span style=\"color:black\">Nhiệt độ qu&aacute; cao, dầu mỡ đang s&ocirc;i hoặc thức ăn chứa dầu mỡ đang n&oacute;ng sẽ c&oacute; thể l&agrave;m hư sản phẩm.</span></span></span></span></span></span></li>\r\n	<li><span style=\"font-size:11pt\"><span style=\"background-color:white\"><span style=\"font-family:Calibri,sans-serif\"><span style=\"font-size:10.5pt\"><span style=\"font-family:&quot;Arial&quot;,sans-serif\"><span style=\"color:black\">Tr&aacute;nh cắt hoặc th&aacute;i l&aacute;t thức ăn trực tiếp tr&ecirc;n sản phẩm.</span></span></span></span></span></span></li>\r\n	<li><span style=\"font-size:11pt\"><span style=\"background-color:white\"><span style=\"font-family:Calibri,sans-serif\"><span style=\"font-size:10.5pt\"><span style=\"font-family:&quot;Arial&quot;,sans-serif\"><span style=\"color:black\">Tr&aacute;nh đặt sản phẩm dưới &aacute;nh nắng qu&aacute; l&acirc;u sản phẩm c&oacute; thể bị bạc m&agrave;u hoặc cong v&ecirc;nh</span></span></span></span></span></span></li>\r\n</ul>\r\n\r\n<p style=\"margin-left:0in; margin-right:0in\"><span style=\"font-size:11pt\"><span style=\"background-color:white\"><span style=\"font-family:Calibri,sans-serif\"><strong><span style=\"font-size:10.5pt\"><span style=\"font-family:&quot;Arial&quot;,sans-serif\"><span style=\"color:black\">Bảo quản sản phẩm c&oacute; họa tiết in</span></span></span></strong></span></span></span></p>\r\n\r\n<ul>\r\n	<li><span style=\"font-size:11pt\"><span style=\"background-color:white\"><span style=\"font-family:Calibri,sans-serif\"><span style=\"font-size:10.5pt\"><span style=\"font-family:&quot;Arial&quot;,sans-serif\"><span style=\"color:black\">Chỉ vệ sinh sản phẩm với m&uacute;t mềm hoặc khăn mềm</span></span></span></span></span></span></li>\r\n	<li><span style=\"font-size:11pt\"><span style=\"background-color:white\"><span style=\"font-family:Calibri,sans-serif\"><span style=\"font-size:10.5pt\"><span style=\"font-family:&quot;Arial&quot;,sans-serif\"><span style=\"color:black\">Chỉ sử dụng chất tẩy rửa dịu nhẹ v&agrave; m&uacute;t mềm</span></span></span></span></span></span></li>\r\n	<li><span style=\"font-size:11pt\"><span style=\"background-color:white\"><span style=\"font-family:Calibri,sans-serif\"><span style=\"font-size:10.5pt\"><span style=\"font-family:&quot;Arial&quot;,sans-serif\"><span style=\"color:black\">Tr&aacute;nh ch&agrave; s&aacute;t hoặc chồng s&aacute;t c&aacute;c sản phẩm l&ecirc;n nhau để tr&aacute;nh trầy xước</span></span></span></span></span></span></li>\r\n</ul>\r\n\r\n<p style=\"margin-left:0in; margin-right:0in\"><span style=\"font-size:11pt\"><span style=\"background-color:white\"><span style=\"font-family:Calibri,sans-serif\"><strong><span style=\"font-size:10.5pt\"><span style=\"font-family:&quot;Arial&quot;,sans-serif\"><span style=\"color:black\">C&aacute;c bước để khử m&ugrave;i h&ocirc;i d&iacute;nh v&agrave;o sản phẩm</span></span></span></strong></span></span></span></p>\r\n\r\n<ul>\r\n	<li><span style=\"font-size:11pt\"><span style=\"background-color:white\"><span style=\"font-family:Calibri,sans-serif\"><span style=\"font-size:10.5pt\"><span style=\"font-family:&quot;Arial&quot;,sans-serif\"><span style=\"color:black\">L&agrave;m sạch nắp v&agrave; hộp đựng bằng dung dịch tẩy rửa dịu nhẹ.</span></span></span></span></span></span></li>\r\n	<li><span style=\"font-size:11pt\"><span style=\"background-color:white\"><span style=\"font-family:Calibri,sans-serif\"><span style=\"font-size:10.5pt\"><span style=\"font-family:&quot;Arial&quot;,sans-serif\"><span style=\"color:black\">L&agrave;m sạch mặt trong hộp đựng bằng nước cốt chanh. Chờ v&agrave;i gi&acirc;y trước khi rửa lại với nước.</span></span></span></span></span></span></li>\r\n	<li><span style=\"font-size:11pt\"><span style=\"background-color:white\"><span style=\"font-family:Calibri,sans-serif\"><span style=\"font-size:10.5pt\"><span style=\"font-family:&quot;Arial&quot;,sans-serif\"><span style=\"color:black\">Sau khi l&agrave;m sạch, lau kh&ocirc; v&agrave; đặt giấy b&aacute;o hoặc bột than v&agrave;o b&ecirc;n trong để l&agrave;m sạch m&ugrave;i thức ăn c&ograve;n s&oacute;t lại</span></span></span></span></span></span></li>\r\n	<li><span style=\"font-size:11pt\"><span style=\"background-color:white\"><span style=\"font-family:Calibri,sans-serif\"><span style=\"font-size:10.5pt\"><span style=\"font-family:&quot;Arial&quot;,sans-serif\"><span style=\"color:black\">L&agrave;m sạch với hỗn hợp nước v&agrave; x&agrave; ph&ograve;ng, sau đ&oacute; để kh&ocirc;</span></span></span></span></span></span></li>\r\n	<li><span style=\"font-size:11pt\"><span style=\"background-color:white\"><span style=\"font-family:Calibri,sans-serif\"><span style=\"font-size:10.5pt\"><span style=\"font-family:&quot;Arial&quot;,sans-serif\"><span style=\"color:black\">Th&aacute;o hết nắp đậy khi kh&ocirc;ng sử dụng để tr&aacute;nh c&oacute; m&ugrave;i h&ocirc;i khi sử dụng</span></span></span></span></span></span></li>\r\n</ul>\r\n', '021030-015140-6182-0003_rdax_211x140.jpg', '2020-05-28 17:05:40', '2020-06-09 10:06:25', 1, '', '', '', '', '', '', 'Lời khuyên', '', 'loi-khuyen', 10),
(64, 'Tuyển dụng', '', '', NULL, '2020-05-28 17:05:48', '2020-07-17 14:07:02', 1, '', '', '', '', '', '', 'Tuyển dụng', '', 'tuyen-dung1', 10);
INSERT INTO `page` (`page_id`, `page_name`, `page_des`, `page_content`, `page_img`, `page_created_date`, `page_update_date`, `state`, `page_sub_info1`, `page_sub_info2`, `page_sub_info3`, `page_sub_info4`, `page_sub_info5`, `keyword`, `title_seo`, `des_seo`, `friendly_url`, `created_id`) VALUES
(65, 'Hiểu đúng về nhựa dùng trong bảo quản thực phẩm để bảo vệ sức khỏe gia đình', '', '<h1>Hiểu đ&uacute;ng về nhựa d&ugrave;ng trong bảo quản thực phẩm để bảo vệ sức khỏe gia đ&igrave;nh.</h1>\r\n\r\n<p>Nhựa d&ugrave;ng trong thực phẩm l&agrave; những sản phẩm nhựa được khuyến c&aacute;o bởi cơ quan quản l&yacute; Dược v&agrave; Thực phẩm Hoa Kỳ.Trong những điều kiện nhất định, nhựa v&agrave; thực phẩm khi tiếp x&uacute;c với nhau c&oacute; thể g&acirc;y ra chuyển động của c&aacute;c&nbsp; ph&acirc;n tử h&oacute;a học từ vật liệu nhựa v&agrave;o thực phẩm. Q&uacute;a tr&igrave;nh đ&oacute; được gọi l&agrave; &ldquo;di cư&rdquo;. Sự di cư của c&aacute;c chất h&oacute;a học c&oacute; thể được gia tăng bởi nhiệt độ tiếp x&uacute;c v&agrave; điều kiện lưu trữ.Nhiệt độ c&agrave;ng cao v&agrave; thực phẩm lưu trữ c&agrave;ng l&acirc;u, c&aacute;c chất h&oacute;a học di cư c&agrave;ng dễ d&agrave;ng. Logo An to&agrave;n với thực phẩm đảm bảo sự di cư của h&oacute;a chất ở mức độ an to&agrave;n, kh&ocirc;ng ảnh hưởng đến sức khỏe nếu sử dụng đ&uacute;ng c&aacute;ch. Điều đ&oacute; v&ocirc; c&ugrave;ng quan trọng trong việc nhận biết loại nhựa n&agrave;o an to&agrave;n để bảo quản thực phẩm.</p>\r\n\r\n<p>Một điều nữa cần được ch&uacute; &yacute; về nhựa d&ugrave;ng trong bảo quản thực phẩm l&agrave; sự ph&ugrave; hợp của từng loại nhựa d&ugrave;ng cho thực phẩm được đ&oacute;ng g&oacute;i. Th&ocirc;ng thường c&aacute;c sản phẩm nhựa đều được đ&aacute;nh số nhằm ph&acirc;n biệt loại nhựa k&egrave;m mục đ&iacute;ch sử dụng được đặt trong h&igrave;nh tam gi&aacute;c tạo bởi c&aacute;c mũi t&ecirc;n. C&aacute;c sản phẩm nhựa kh&ocirc;ng c&ograve;n được coi l&agrave; nhựa d&ugrave;ng để bảo quản thực phẩm nếu n&oacute; đ&atilde; được sử dụng để chứa c&aacute;c mặt h&agrave;ng kh&ocirc;ng phải thực phẩm như vật liệu h&oacute;a chất, sơn v&agrave; chất tẩy rửa.</p>\r\n\r\n<h3><strong>Nhựa Số 1 (PET/PETE/POLYESTER):</strong></h3>\r\n\r\n<p>L&agrave; nhựa trong, kh&ocirc;ng đục, v&agrave; kh&aacute; bền, tuy nhi&ecirc;n, khả năng chịu ẩm v&agrave; kh&iacute; gas k&eacute;m. Vật liệu n&agrave;y được sử dụng đa dạng trong cả lĩnh vực thực phẩm v&agrave; phi thực phẩm.&nbsp; Loại nhựa n&agrave;y được xem l&agrave; loại đồ nhựa chỉ n&ecirc;n sử dụng một lần v&agrave; rất dễ t&aacute;i chế. Loại nhựa n&agrave;y thường được ứng dụng trong đ&oacute;ng g&oacute;i, bao gồm l&agrave;m chai đựng thức uống (nước kho&aacute;ng, nước tr&aacute;i&nbsp; c&acirc;y, nước giải kh&aacute;t), bao b&igrave; thức ăn tr&aacute;ng miệng, thức ăn vật nu&ocirc;i...</p>\r\n\r\n<h3><strong>Nhựa Số 2 (HDPE/PE TỶ TRỌNG CAO):</strong></h3>\r\n\r\n<p>HDPE c&oacute; sức chịu đựng tốt với c&aacute;c th&agrave;nh phần h&oacute;a học n&ecirc;n thường được sử dụng cho c&aacute;c sản phẩm gia dụng v&agrave; trong ng&agrave;nh c&ocirc;ng nghiệp h&oacute;a chất. C&aacute;c chai HDPE c&oacute; m&agrave;u&nbsp; bền hơn c&aacute;c chai kh&ocirc;ng m&agrave;u. HDPE thường được sử dụng để sản xuất c&aacute;c loại b&igrave;nh b&aacute;n trong suốt&nbsp; đựng sữa, Nước giải kh&aacute;t, hoặc b&igrave;nh chứa c&aacute;c loại nước tẩy rửa, dầu gội đầu , nước rửa ch&eacute;n, sữa tắm, v&agrave; t&uacute;i nhựa&hellip;</p>\r\n\r\n<h3><strong>Nhựa Số 3 (PVC):&nbsp;</strong></h3>\r\n\r\n<p>PVC l&agrave; loại nhựa c&oacute; độ bền cao với h&oacute;a chất, thời tiết v&agrave; khả năng c&aacute;ch điện tốt. Trong, PVC c&oacute; chất vinyl chloride, thường được gọi l&agrave; VCM, c&oacute; khả năng g&acirc;y hại cao cho sức khỏe nếu tiếp x&uacute;c với thực phẩm trong những điều kiện nhất định. Do đ&oacute;, tại Ch&acirc;u &Acirc;u, d&ugrave; đ&atilde; kh&ocirc;ng chế được dư lượng VCM ở mức an to&agrave;n, nhựa PVC vẫn kh&ocirc;ng được d&ugrave;ng l&agrave;m bao b&igrave; thực phẩm d&ugrave; gi&aacute; th&agrave;nh rẻ hơn bao b&igrave; nhựa kh&aacute;c. Nhựa PVC phần lớn d&ugrave;ng để bao bọc d&acirc;y c&aacute;p điện, l&agrave;m ống tho&aacute;t nước, &aacute;o mưa, m&agrave;ng nhựa gia dụng khăn trải b&agrave;n, &hellip;</p>\r\n\r\n<h3><strong>Nhựa số 4 - LDPE (MẬT ĐỘ POLYETHYLENE THẤP):</strong></h3>\r\n\r\n<p>Đ&acirc;y l&agrave; loại nhựa polyethylene tỉ trọng thấp (LDPE), c&oacute; đặc t&iacute;nh đ&agrave;n hồi, trong suốt. N&oacute; thường được sử dụng để l&agrave;m c&aacute;c loại bao b&igrave;, t&uacute;i nhựa đựng h&agrave;ng tạp h&oacute;a, hoặc g&oacute;i thực phẩm&hellip; Nhựa LDPE cũng được sử dụng l&agrave;m d&acirc;y điện v&agrave; c&aacute;ch nhiệt cho c&aacute;p điện. Ngo&agrave;i ra, nhựaLDPE l&agrave; nhựa đ&agrave;n hồi, bền, v&agrave; trong suốt, n&ecirc;n được d&ugrave;ng phổ biến cho c&aacute;c loại bao b&igrave; c&oacute; nắp c&oacute; khả năng chịu nhiệt cao. Nhựa LDPE được d&ugrave;ng để sản xuất t&uacute;i nhựa mua sắm, nắp nhựa, bao b&igrave; nhựa bảo quản thịt đ&ocirc;ng lạnh, t&uacute;i nhựa giặt ủi, lọ đựng thực phẩm c&oacute; t&iacute;nh đ&agrave;n hồi cao.</p>\r\n\r\n<h3><strong>Nhựa Số 5 (PP/POLYPROPYLENE):</strong></h3>\r\n\r\n<p>PP chịu được h&oacute;a chất v&agrave; nhiệt độ cao, ph&ugrave; hợp để đ&oacute;ng g&oacute;i chất lỏng n&oacute;ng. PP thường được t&igrave;m thấy trong c&aacute;c loại bao b&igrave; c&oacute; t&iacute;nh bền, độ đ&agrave;n hồi cao d&ugrave;ng trong hộ gia đ&igrave;nh. Nhựa số 5 l&agrave; nhựa an to&agrave;n nhất d&ugrave;ng trong thực phẩm. PP được d&ugrave;ng để đ&oacute;ng g&oacute;i nước tương,&nbsp; sữa chua, margarine, thuốc, &hellip;</p>\r\n\r\n<h3><strong>Nhựa Số 6 - PS (POLYSTYRENE)</strong></h3>\r\n\r\n<p>PS l&agrave; nhựa đa năng c&oacute; thể được t&igrave;m thấy ở dạng xốp hoặc dạng rắn. Nhựa n&agrave;y kh&ocirc;ng đục, cứng, dễ vỡ, v&agrave; khả năng chịu nhiệt k&eacute;m. Do đ&oacute;, nhựa số 6 kh&ocirc;ng n&ecirc;n d&ugrave;ng để bảo quản thực phẩm/đồ uống n&oacute;ng. Nhựa PS thường được sử dụng trong c&aacute;c hộp đựng đĩa CD, muỗng v&agrave; nĩa, ly, hộp xốp đựng thực phẩm v&agrave; đồ đựng thực phẩm bằng nhựa trong suốt, v.v&hellip;</p>\r\n\r\n<h3><strong>Nhựa số 7: Loại kh&aacute;c (PC, TRITAN,&hellip;)</strong></h3>\r\n\r\n<p>C&aacute;c loại kh&aacute;c &yacute; chỉ những loại nhựa kh&ocirc;ng&nbsp; thuộc nh&oacute;m&nbsp; từ 1-6. Nhựa số 7 c&oacute; thể bao gồm c&aacute;c vật liệu nhựa cấu th&agrave;nh từ nhiều loại nhựa kh&aacute;c nhau (1 &ndash; 6), hoặc l&agrave; kết hợp với 1 loại nhựa số 7 kh&aacute;c như Polycarbonate (PC). Nhựa số 7 l&agrave; loại nhựa chịu được nhiệt độ cao cũng như c&oacute; độ bền tốt nhất trong c&aacute;c loại nhựa, đồng thời cho ra sản phẩm c&oacute; mẫu m&atilde; đẹp với m&agrave;u sắc trong suốt. Tuy nhi&ecirc;n, nhựa số 7 thuần khiết ( kh&ocirc;ng pha chế chất phụ gia cũng như kh&ocirc;ng lẫn nhựa t&aacute;i chế trong qu&aacute; tr&igrave;nh sản xuất ) c&oacute; gi&aacute; th&agrave;nh kh&aacute; cao. V&igrave; vậy, khi mua sản phẩm từ nhựa số 7, bạn cần lựa chọn thương uy t&iacute;n v&agrave; đảm bảo chất lượng. PC hoặc Polycarbonate thường được sử dụng l&agrave;m b&igrave;nh, chai, nắp chứa thực phẩm cần tiệt tr&ugrave;ng, v.v&hellip;</p>\r\n\r\n<p>Ngo&agrave;i ra, bạn cũng n&ecirc;n đọc kỹ c&aacute;c k&yacute; hiệu đi k&egrave;m trong những sản phẩm nhựa để c&oacute; thể sử dụng đ&uacute;ng c&aacute;ch, bảo vệ to&agrave;n diện sức khỏe gia đ&igrave;nh.</p>\r\n\r\n<p>T&oacute;m lại, khi chọn mua sản phẩm nhựa đựng thực phẩm, ch&uacute;ng ta n&ecirc;n ch&uacute; &yacute; đến c&aacute;c th&ocirc;ng tin tr&ecirc;n sản phẩm nhựa cũng như lựa chọn thương hiệu uy t&iacute;n, ưu ti&ecirc;n lựa chọn c&aacute;c sản phẩm nhựa nguy&ecirc;n sinh chưa qua t&aacute;i chế để bảo vệ sức khỏe cả gia đ&igrave;nh.</p>\r\n', NULL, '2020-05-28 17:05:55', '2020-07-17 14:07:54', 1, '', '', '', '', '', '', 'Hiểu đúng về nhựa dùng trong bảo quản thực phẩm để bảo vệ sức khỏe gia đin', '', 'hieu-dung-ve-nhua-dung-trong-bao-quan-thuc-pham-de-bao-ve-suc-khoe-gia-din1', 10),
(66, 'Lựa chọn máy lọc nước cho gia đình', '', '<p style=\"margin-left:0in; margin-right:0in\"><span style=\"font-size:11pt\"><span style=\"background-color:white\"><span style=\"font-family:Calibri,sans-serif\"><span style=\"font-size:37.5pt\"><span style=\"color:black\">Lựa chọn m&aacute;y lọc nước cho gia đ&igrave;nh</span></span></span></span></span></p>\r\n\r\n<p style=\"margin-left:0in; margin-right:0in\"><span style=\"font-size:11pt\"><span style=\"background-color:white\"><span style=\"font-family:Calibri,sans-serif\"><span style=\"font-size:10.5pt\"><span style=\"color:#999999\">C&ocirc;ng suất lọc nước, c&ocirc;ng nghệ m&agrave;ng lọc, l&otilde;i lọc... l&agrave; những ti&ecirc;u ch&iacute; cần quan t&acirc;m khi chọn mua sản phẩm m&aacute;y lọc nước.</span></span></span></span></span></p>\r\n\r\n<p style=\"margin-left:0in; margin-right:0in\"><span style=\"font-size:11pt\"><span style=\"background-color:white\"><span style=\"font-family:Calibri,sans-serif\"><span style=\"font-size:10.5pt\"><span style=\"color:black\">Sử dụng nguồn nước nhiễm bẩn ảnh hưởng đến sức khỏe, l&agrave;m tăng nguy cơ mắc c&aacute;c loại bệnh. Nhiều hộ gia đ&igrave;nh tại c&aacute;c đ&ocirc; thị lớn như TP HCM, H&agrave; Nội chọn c&aacute;ch lắp đặt m&aacute;y lọc nước để c&oacute; được nguồn nước sạch hơn. Khi chọn mua sản phẩm, người ti&ecirc;u d&ugrave;ng n&ecirc;n lưu &yacute; một số ti&ecirc;u ch&iacute; dưới đ&acirc;y.</span></span></span></span></span></p>\r\n\r\n<p style=\"margin-left:0in; margin-right:0in\"><span style=\"font-size:11pt\"><span style=\"background-color:white\"><span style=\"font-family:Calibri,sans-serif\"><span style=\"font-size:18.0pt\"><span style=\"color:black\">Nhu cầu sử dụng của gia đ&igrave;nh</span></span></span></span></span></p>\r\n\r\n<p style=\"margin-left:0in; margin-right:0in\"><span style=\"font-size:11pt\"><span style=\"background-color:white\"><span style=\"font-family:Calibri,sans-serif\"><span style=\"font-size:10.5pt\"><span style=\"color:black\">T&ugrave;y v&agrave;o nhu cầu sử dụng, gia đ&igrave;nh c&oacute; thể chọn sản phẩm c&oacute; c&ocirc;ng suất nhỏ hoặc lớn, chế độ lọc nhanh hoặc chậm. Hiện c&oacute; nhiều sản phẩm c&oacute; thể lọc 10 l&iacute;t, 15 l&iacute;t hoặc 30 l&iacute;t trong một giờ. Tốc độ lọc nhanh c&oacute; thể đạt khoảng 3,4 l&iacute;t một ph&uacute;t. Thế hệ m&aacute;y lọc hiện đại, c&ocirc;ng suất lớn c&oacute; thể đ&aacute;p ứng cả nhu cầu nước uống v&agrave; nấu nướng h&agrave;ng ng&agrave;y.</span></span></span></span></span></p>\r\n\r\n<p style=\"margin-left:0in; margin-right:0in\"><span style=\"font-size:11pt\"><span style=\"background-color:white\"><span style=\"font-family:Calibri,sans-serif\"><span style=\"font-size:18.0pt\"><span style=\"color:black\">C&ocirc;ng nghệ m&agrave;ng lọc</span></span></span></span></span></p>\r\n\r\n<p style=\"margin-left:0in; margin-right:0in\"><span style=\"font-size:11pt\"><span style=\"background-color:white\"><span style=\"font-family:Calibri,sans-serif\"><span style=\"font-size:10.5pt\"><span style=\"color:black\">C&ocirc;ng nghệ lọc nước gi&uacute;p tạo ra nguồn nước c&oacute; thể d&ugrave;ng để uống kh&ocirc;ng cần qua đun nấu. C&ocirc;ng nghệ Nano, c&ocirc;ng nghệ điện giải v&agrave; c&ocirc;ng nghệ RO l&agrave; những c&ocirc;ng nghệ lọc nước ti&ecirc;n tiến.&nbsp;</span></span></span></span></span></p>\r\n\r\n<p style=\"margin-left:0in; margin-right:0in\"><span style=\"font-size:11pt\"><span style=\"background-color:white\"><span style=\"font-family:Calibri,sans-serif\"><span style=\"font-size:10.5pt\"><span style=\"color:black\">C&ocirc;ng nghệ m&agrave;ng lọc điện giải Nano Pleated được trang bị tr&ecirc;n sản phẩm Tupperware Nano Nature l&agrave; một trong những c&ocirc;ng nghệ ti&ecirc;n tiến tr&ecirc;n thế giới. M&agrave;ng lọc gi&uacute;p loại bỏ 99,9999% vi khuẩn v&agrave; 99,99% virus theo chứng nhận của c&ocirc;ng ty lọc nước Ahlstrom (Anh) c&ocirc;ng bố ng&agrave;y 5/12/2017.</span></span></span></span></span></p>\r\n\r\n<p style=\"margin-left:0in; margin-right:0in\"><span style=\"font-size:11pt\"><span style=\"background-color:white\"><span style=\"font-family:Calibri,sans-serif\"><span style=\"font-size:10.5pt\"><span style=\"color:black\">Sản phẩm c&ograve;n g&oacute;p phần giảm những chất độc c&oacute; hại cho cơ thể như thủy ng&acirc;n, ch&igrave;, độc tố... theo chứng nhận NSF (National Sanitation Foundation) - Tổ chức gi&aacute;m định độc lập về an to&agrave;n thực phẩm v&agrave; nước uống của Tổ chức Y tế thế giới (WHO) v&agrave;o th&aacute;ng 8/2019.</span></span></span></span></span></p>\r\n\r\n<p style=\"margin-left:0in; margin-right:0in\"><span style=\"font-size:11pt\"><span style=\"background-color:white\"><span style=\"font-family:Calibri,sans-serif\"><span style=\"font-size:18.0pt\"><span style=\"color:black\">L&otilde;i lọc</span></span></span></span></span></p>\r\n\r\n<p style=\"margin-left:0in; margin-right:0in\"><span style=\"font-size:11pt\"><span style=\"background-color:white\"><span style=\"font-family:Calibri,sans-serif\"><span style=\"font-size:10.5pt\"><span style=\"color:black\">M&aacute;y lọc chất lượng sẽ cung cấp nước sạch để uống trực tiếp, kh&ocirc;ng chứa tạp chất, kim loại nặng, h&oacute;a chất, vi khuẩn g&acirc;y bệnh. L&otilde;i lọc l&agrave; bộ phận quan trọng, quyết định nước tạo ra c&oacute; đạt chuẩn an to&agrave;n hay kh&ocirc;ng n&ecirc;n cần phải l&agrave;m từ nguy&ecirc;n liệu cao cấp.&nbsp;</span></span></span></span></span></p>\r\n\r\n<p style=\"margin-left:0in; margin-right:0in\"><span style=\"font-size:11pt\"><span style=\"background-color:white\"><span style=\"font-family:Calibri,sans-serif\"><span style=\"font-size:10.5pt\"><span style=\"color:black\">T&ugrave;y theo thương hiệu m&aacute;y lọc nước m&agrave; c&oacute; thể kh&aacute;c nhau về số lượng l&otilde;i lọc. C&aacute;c l&otilde;i chứa than hoạt t&iacute;nh hấp thụ c&aacute;c kim loại nặng, c&aacute;c h&oacute;a chất độc hại c&oacute; trong nước.&nbsp;Một số m&aacute;y lọc c&ograve;n trang bị th&ecirc;m l&otilde;i kho&aacute;ng c&oacute; t&aacute;c dụng bổ sung th&ecirc;m kho&aacute;ng chất c&oacute; lợi cho cơ thể. L&otilde;i kho&aacute;ng c&ograve;n g&oacute;p phần l&agrave;m tăng vị ngọt của nước.&nbsp;</span></span></span></span></span></p>\r\n\r\n<p style=\"margin-left:0in; margin-right:0in\"><span style=\"font-size:11pt\"><span style=\"background-color:white\"><span style=\"font-family:Calibri,sans-serif\"><span style=\"font-size:10.5pt\"><span style=\"color:black\">L&otilde;i lọc thường c&oacute; thời hạn sử dụng. Để thuận tiện cho người d&ugrave;ng, một số sản phẩm c&ograve;n trang bị đ&egrave;n led b&aacute;o hiệu tuổi thọ của l&otilde;i để thay mới. Th&ocirc;ng thường, l&otilde;i lọc tốt c&oacute; tuổi thọ cao hơn, tiết kiệm chi ph&iacute; thay mới cho gia đ&igrave;nh.</span></span></span></span></span></p>\r\n\r\n<p><span style=\"font-size:10.5pt\"><span style=\"color:black\">Người d&ugrave;ng n&ecirc;n mua sản phẩm uy t&iacute;n để c&oacute; được chế độ bảo h&agrave;nh, dịch vụ tư vấn lắp đặt nhanh, c&oacute; thể cam kết đảm bảo ti&ecirc;u chuẩn nước lọc. Chẳng hạn như m&aacute;y lọc Tupperware Nano Nature chỉ cần 5 ph&uacute;t lắp đặt, thiết kế sản phẩm nhỏ gọn, th&acirc;n thiện với m&ocirc;i trường.</span></span></p>\r\n', NULL, '2020-05-28 17:05:01', '2020-07-17 14:07:49', 1, '', '', '', '', '', '', 'Lựa chọn máy lọc nước cho gia đình', '', 'lua-chon-may-loc-nuoc-cho-gia-dinh1', 10),
(67, 'Chính sách bảo hành', '', '<p>Ch&iacute;nh s&aacute;ch một</p>\r\n\r\n<p>&nbsp;</p>\r\n', NULL, '2020-05-29 14:05:14', '2020-09-12 18:09:16', 1, '', '', '', '', '', '', 'Chính sách một', '', 'chinh-sach-mot', 10),
(68, 'Chính sách vận chuyển', 'Chính sách hai', '<p>Ch&iacute;nh s&aacute;ch hai</p>\r\n', NULL, '2020-05-29 14:05:35', '2020-09-12 18:09:23', 1, '', '', '', '', '', '', 'Chính sách hai', '', 'chinh-sach-hai', 10),
(69, 'Chính sách đổi trả', 'Chính sách ba', '<p>Ch&iacute;nh s&aacute;ch ba</p>\r\n', NULL, '2020-05-29 14:05:46', '2020-09-12 18:09:31', 1, '', '', '', '', '', '', 'Chính sách ba', '', 'chinh-sach-ba', 10),
(70, 'Chính sách trả góp', 'Chính sách bốn', '<p>Ch&iacute;nh s&aacute;ch bốn</p>\r\n', NULL, '2020-05-29 14:05:56', '2020-09-12 18:09:41', 1, '', '', '', '', '', '', 'Chính sách bốn', '', 'chinh-sach-bon', 10);

-- --------------------------------------------------------

--
-- Cấu trúc bảng cho bảng `page_languages`
--

CREATE TABLE `page_languages` (
  `id` bigint(20) NOT NULL,
  `page_id` int(11) DEFAULT NULL,
  `languages_code` varchar(255) COLLATE utf8_unicode_ci DEFAULT NULL,
  `lang_page_name` text COLLATE utf8_unicode_ci DEFAULT NULL,
  `lang_page_des` text COLLATE utf8_unicode_ci DEFAULT NULL,
  `lang_page_content` text COLLATE utf8_unicode_ci DEFAULT NULL,
  `lang_page_sub_info1` text COLLATE utf8_unicode_ci DEFAULT NULL,
  `lang_page_sub_info2` text COLLATE utf8_unicode_ci DEFAULT NULL,
  `lang_page_sub_info3` text COLLATE utf8_unicode_ci DEFAULT NULL,
  `lang_page_sub_info4` text COLLATE utf8_unicode_ci DEFAULT NULL,
  `lang_page_sub_info5` text COLLATE utf8_unicode_ci DEFAULT NULL,
  `edit_state` int(11) NOT NULL DEFAULT 0,
  `friendly_url` varchar(255) COLLATE utf8_unicode_ci DEFAULT NULL,
  `title_seo` varchar(255) COLLATE utf8_unicode_ci DEFAULT NULL,
  `keyword` text COLLATE utf8_unicode_ci DEFAULT NULL,
  `des_seo` text COLLATE utf8_unicode_ci DEFAULT NULL
) ENGINE=InnoDB DEFAULT CHARSET=utf8 COLLATE=utf8_unicode_ci;

--
-- Đang đổ dữ liệu cho bảng `page_languages`
--

INSERT INTO `page_languages` (`id`, `page_id`, `languages_code`, `lang_page_name`, `lang_page_des`, `lang_page_content`, `lang_page_sub_info1`, `lang_page_sub_info2`, `lang_page_sub_info3`, `lang_page_sub_info4`, `lang_page_sub_info5`, `edit_state`, `friendly_url`, `title_seo`, `keyword`, `des_seo`) VALUES
(79, 57, 'vn', 'Về chúng tôi', 'Công ty TNHH Hợp Lực Cảng Việt chuyên cung cấp các loại móc công nghiệp như máy phát điện, máy xát gạo, máy xới đất, máy tuốt lúa,... Đây là các loại máy được chúng tôi nhập khẩu chính hãng nguyên chiếc, giúp cho bà con nông dân và các chủ doanh nghiệp có thể tiết kiệm công sức lao độn, nâng cao hiệu suất công việc sản xuất.', '<p>C&Ocirc;NG SUẤT CAO - GI&Aacute; CỰC TỐT</p>\r\n\r\n<p>H&Agrave;NG CH&Iacute;NH H&Atilde;NG - NHẬP KHẨU NGUY&Ecirc;N CHIẾC</p>\r\n\r\n<p>Hiệu suất cao - chất lượng tốt lu&ocirc;n l&agrave; ti&ecirc;u ch&iacute; h&agrave;ng đầu khi kh&aacute;ch h&agrave;ng t&igrave;m kiếm c&aacute;c d&ograve;ng sản phẩm m&aacute;y m&oacute;c c&ocirc;ng nghiệp.</p>\r\n\r\n<p>Thấu hiểu được điều đ&oacute;, Hợp Lực Cảng tự h&agrave;o giới thiệu đến qu&yacute; kh&aacute;ch những d&ograve;ng sản phẩm h&agrave;ng đầu trong ng&agrave;nh, bao gồm m&aacute;y ph&aacute;t điện, m&aacute;y x&aacute;t gạo, m&aacute;y xới đất v&agrave; m&aacute;y tuốt l&uacute;a.</p>\r\n\r\n<p>Tất cả c&aacute;c sản phẩm v&agrave; dịch vụ m&agrave; ch&uacute;ng t&ocirc;i cung cấp đều được kiểm tra v&agrave; đảm bảo tu&acirc;n thủ c&aacute;c ti&ecirc;u chuẩn chất lượng cao nhất</p>\r\n\r\n<p>Li&ecirc;n hệ ngay để được tư vấn v&agrave; nhận th&ocirc;ng tin chi tiết về c&aacute;c sản phẩm c&ocirc;ng nghiệp h&agrave;ng đầu của ch&uacute;ng t&ocirc;i.</p>\r\n\r\n<p>Hợp lực cảng Việt - Đối t&aacute;c đ&aacute;ng tin cậy cho c&aacute;c giải ph&aacute;p c&ocirc;ng nghiệp vượt trội!</p>\r\n', '', '', '', '', '', 0, 've-chung-toi', 'Về chúng tôi', 'Về chúng tôi', ''),
(80, 57, 'en', 'english version CHÀO MỪNG ĐÃ GHÉ THĂM MINHPHUONGTOTO', 'english version That’s why we’ve adopted a new perspective. We wanted to take participation-based wellness one step further. So we created a new strategy we like to call engagement-based wellness. <br>\r\nEngagement-based wellness meets all the standard criteria of a participation-based wellness program, but with better results. That’s because stepping from participation to engagement requires a little bit of investment. It requires your employees to really get involved in their health. ', 'english version ', '', '', '', '', '', 0, 'en-chao-mung-da-ghe-tham-minhphuongtoto', 'CHÀO MỪNG ĐÃ GHÉ THĂM MINHPHUONGTOTO', '', ''),
(81, 58, 'vn', 'Giá trị TupperWare', '', '<p><strong>Ch&iacute;nh trực l&agrave; ti&ecirc;u ch&iacute;</strong></p>\r\n\r\n<p>Ch&uacute;ng t&ocirc;i lu&ocirc;n c&ocirc;ng bằng trong những ph&aacute;t ng&ocirc;n v&agrave; trong h&agrave;nh động</p>\r\n\r\n<p><strong>Tr&aacute;ch nhiệm</strong></p>\r\n\r\n<p>Ch&uacute;ng t&ocirc;i lu&ocirc;n đặt tr&aacute;ch nhiệm với cộng đồng, kh&aacute;ch h&agrave;ng v&agrave; đối t&aacute;c kinh doanh l&ecirc;n h&agrave;ng đầu.</p>\r\n\r\n<p><strong>Lu&ocirc;n lu&ocirc;n đổi mới</strong></p>\r\n\r\n<p>Ch&uacute;ng t&ocirc;i cam kết ph&aacute;t triển c&aacute;c cơ hội mới, sản phẩm mới v&agrave; t&igrave;m kiếm c&aacute;c giải ph&aacute;p s&aacute;ng tạo, t&igrave;m kiếm phương hướng cho c&aacute;c th&aacute;ch thức ch&uacute;ng ta phải đối mặt.</p>\r\n', '', '', '', '', '', 0, 'gia-tri-tupperware', 'Giá trị TupperWare', '', ''),
(82, 58, 'en', 'english version Giá trị TupperWare', 'english version ', 'english version ', '', '', '', '', '', 0, 'en-gia-tri-tupperware', 'Giá trị TupperWare', '', ''),
(83, 59, 'vn', 'Khuyến mãi HOT', '', '', '', '', '', '', '', 0, 'lich-su-tupperware', 'Lịch sử TupperWare', '', ''),
(84, 59, 'en', 'english version Lịch sử TupperWare', 'english version ', 'english version ', '', '', '', '', '', 0, 'en-lich-su-tupperware', 'Lịch sử TupperWare', '', ''),
(85, 60, 'vn', 'Chương trình khuyến mãi', '', '', '', '', '', '', '', 0, 'chuong-trinh-khuyen-mai', 'Chương trình khuyến mãi', '', ''),
(86, 60, 'en', 'english version Chương trình khuyến mãi', 'english version ', 'english version ', '', '', '', '', '', 0, 'en-chuong-trinh-khuyen-mai', 'Chương trình khuyến mãi', '', ''),
(87, 61, 'vn', 'Thông tin hữu ích', '', '', '', '', '', '', '', 0, 'thong-tin-huu-ich', 'Thông tin hữu ích', '', ''),
(88, 61, 'en', 'english version Thông tin hữu ích', 'english version ', 'english version ', '', '', '', '', '', 0, 'en-thong-tin-huu-ich', 'Thông tin hữu ích', '', ''),
(89, 62, 'vn', 'Bảo hành', '', '<p style=\"margin-left:0in; margin-right:0in\"><span style=\"font-size:11pt\"><span style=\"background-color:white\"><span style=\"font-family:Calibri,sans-serif\"><span style=\"font-size:37.5pt\"><span style=\"color:black\">Bảo h&agrave;nh</span></span></span></span></span></p>\r\n\r\n<p style=\"margin-left:0in; margin-right:0in\"><span style=\"font-size:11pt\"><span style=\"background-color:white\"><span style=\"font-family:Calibri,sans-serif\"><strong><span style=\"font-size:10.5pt\"><span style=\"color:#999999\">Qui định về phạm vi bảo h&agrave;nh c&aacute;c sản phẩm Tupperware</span></span></strong></span></span></span></p>\r\n\r\n<p style=\"margin-left:0in; margin-right:0in\"><span style=\"font-size:11pt\"><span style=\"background-color:white\"><span style=\"font-family:Calibri,sans-serif\"><a href=\"https://www.tupperware.com.vn/assets/images/mediacenter-images/001416-0666-0003_rdax_1024x506.jpg\" style=\"color:blue; text-decoration:underline\"><span style=\"font-size:10.5pt\"><span style=\"color:#1eb5da\"><img alt=\"https://www.tupperware.com.vn/assets/images/mediacenter-images/001416-0666-0003_rdax_445x220.jpg\" height=\"220\" src=\"https://www.tupperware.com.vn/assets/images/mediacenter-images/001416-0666-0003_rdax_445x220.jpg\" width=\"445\" /></span></span></a></span></span></span></p>\r\n\r\n<p style=\"margin-left:0in; margin-right:0in\"><span style=\"font-size:11pt\"><span style=\"background-color:white\"><span style=\"font-family:Calibri,sans-serif\"><span style=\"font-size:18.0pt\"><span style=\"color:black\">Định nghĩa</span></span></span></span></span></p>\r\n\r\n<p style=\"margin-left:0in; margin-right:0in\"><span style=\"font-size:11pt\"><span style=\"background-color:white\"><span style=\"font-family:Calibri,sans-serif\"><strong><span style=\"font-size:10.5pt\"><span style=\"color:black\">1. Bảo h&agrave;nh trọn v&ograve;ng đời (Lifetime Warranty):</span></span></strong><span style=\"font-size:10.5pt\"><span style=\"color:black\">&nbsp;Bảo h&agrave;nh &aacute;p dụng đối với sản phẩm hoặc bộ phận của sản phẩm c&oacute; cấu tạo bằng nhựa (ngoại trừ silicone). Bảo h&agrave;nh n&agrave;y sẽ được &aacute;p dụng trong suốt qu&aacute; tr&igrave;nh sử dụng th&ocirc;ng thường theo đ&uacute;ng hướng dẫn sử dụng v&agrave; c&ocirc;ng năng của sản phẩm. C&aacute;c trường hợp ngoại lệ sẽ được quy định cụ thể theo ch&iacute;nh s&aacute;ch bảo h&agrave;nh.</span></span></span></span></span><span style=\"font-size:11pt\"><span style=\"background-color:white\"><span style=\"font-family:Calibri,sans-serif\">&nbsp;</span></span></span></p>\r\n\r\n<p style=\"margin-left:0in; margin-right:0in\"><span style=\"font-size:11pt\"><span style=\"background-color:white\"><span style=\"font-family:Calibri,sans-serif\"><strong><span style=\"font-size:10.5pt\"><span style=\"color:black\">2. Bảo h&agrave;nh c&oacute; giới hạn (Q-Warranty):</span></span></strong><span style=\"font-size:10.5pt\"><span style=\"color:black\">&nbsp;Bảo h&agrave;nh &aacute;p dụng đối với sản phẩm hoặc bộ phận của sản phẩm c&oacute; cấu tạo kh&ocirc;ng phải chất liệu nhựa. Thời hạn v&agrave; điều kiện bảo h&agrave;nh sẽ được quy định cho từng sản phẩm cụ thể.</span></span></span></span></span><span style=\"font-size:11pt\"><span style=\"background-color:white\"><span style=\"font-family:Calibri,sans-serif\">&nbsp;</span></span></span></p>\r\n\r\n<p style=\"margin-left:0in; margin-right:0in\"><span style=\"font-size:11pt\"><span style=\"background-color:white\"><span style=\"font-family:Calibri,sans-serif\"><strong><span style=\"font-size:10.5pt\"><span style=\"color:black\">3. Phạm vi bảo h&agrave;nh:</span></span></strong><span style=\"font-size:10.5pt\"><span style=\"color:black\">&nbsp;Ch&iacute;nh s&aacute;ch bảo h&agrave;nh n&agrave;y chỉ &aacute;p dụng đối với c&aacute;c sản phẩm mang thương hiệu Tupperware do Tupperware Việt Nam nhập khẩu v&agrave; ph&acirc;n phối ch&iacute;nh thức tại thị trường Việt Nam th&ocirc;ng qua đại l&yacute; ủy quyền tr&ecirc;n to&agrave;n quốc</span></span><span style=\"font-size:10.5pt\"><span style=\"color:black\">.</span></span></span></span></span><span style=\"font-size:11pt\"><span style=\"background-color:white\"><span style=\"font-family:Calibri,sans-serif\">&nbsp;</span></span></span></p>\r\n\r\n<p style=\"margin-left:0in; margin-right:0in\"><span style=\"font-size:11pt\"><span style=\"background-color:white\"><span style=\"font-family:Calibri,sans-serif\"><strong><span style=\"font-size:10.5pt\"><span style=\"color:black\">4. Quy tắc&nbsp;bảo h&agrave;nh:</span></span></strong><span style=\"font-size:10.5pt\"><span style=\"color:black\">&nbsp;T&ugrave;y v&agrave;o lượng h&agrave;ng ho&aacute; của Tupperware Việt Nam tại thời điểm xử l&yacute; bảo h&agrave;nh. Việc thay thế sản phẩm mới hoặc bộ phận của sản phẩm sẽ tu&acirc;n theo thứ tự ưu ti&ecirc;n sau:</span></span></span></span></span><span style=\"font-size:11pt\"><span style=\"background-color:white\"><span style=\"font-family:Calibri,sans-serif\">&nbsp;</span></span></span></p>\r\n\r\n<p style=\"margin-left:0in; margin-right:0in\"><span style=\"font-size:11pt\"><span style=\"background-color:white\"><span style=\"font-family:Calibri,sans-serif\"><strong><em><span style=\"font-size:10.5pt\"><span style=\"color:black\">Ưu ti&ecirc;n 1:</span></span></em></strong><span style=\"font-size:10.5pt\"><span style=\"color:black\">&nbsp;Sản phẩm thay thế c&oacute; c&ugrave;ng thiết kế v&agrave; c&ugrave;ng m&agrave;u sắc với sản phẩm y&ecirc;u cầu bảo h&agrave;nh.</span></span></span></span></span><br />\r\n<span style=\"font-size:11pt\"><span style=\"background-color:white\"><span style=\"font-family:Calibri,sans-serif\"><span style=\"font-size:10.5pt\"><span style=\"color:black\"><strong><em>Ưu ti&ecirc;n 2:</em></strong>&nbsp;Sản phẩm thay thế c&oacute; c&ugrave;ng thiết kế v&agrave; kh&aacute;c m&agrave;u sắc với sản phẩm y&ecirc;u cầu bảo h&agrave;nh.</span></span></span></span></span><br />\r\n<span style=\"font-size:11pt\"><span style=\"background-color:white\"><span style=\"font-family:Calibri,sans-serif\"><span style=\"font-size:10.5pt\"><span style=\"color:black\"><strong><em>Ưu ti&ecirc;n 3:</em></strong>&nbsp;Tupperware Việt Nam đề xuất danh s&aacute;ch h&agrave;ng thay thế v&agrave; kh&aacute;ch h&agrave;ng lựa chọn sản phẩm thay thế c&oacute; c&ugrave;ng chức năng trong danh mục sản phẩm hiện h&agrave;nh của Tupperware Việt Nam tại thời điểm bảo h&agrave;nh.</span></span></span></span></span></p>\r\n\r\n<p style=\"margin-left:0in; margin-right:0in\"><span style=\"font-size:11pt\"><span style=\"background-color:white\"><span style=\"font-family:Calibri,sans-serif\"><strong><span style=\"font-size:10.5pt\"><span style=\"color:black\">+ Nếu gi&aacute;&nbsp;b&aacute;n lẻ (GBL) của sản phẩm y&ecirc;u cầu bảo h&agrave;nh (YCBH) thấp hơn GBL sản phẩm thay thế kh&aacute;ch h&agrave;ng chọn, kh&aacute;ch h&agrave;ng phải thanh to&aacute;n phần tiền ch&ecirc;nh lệch.</span></span></strong></span></span></span></p>\r\n\r\n<p style=\"margin-left:0in; margin-right:0in\"><span style=\"font-size:11pt\"><span style=\"background-color:white\"><span style=\"font-family:Calibri,sans-serif\"><strong><span style=\"font-size:10.5pt\"><span style=\"color:black\">+ Nếu gi&aacute; b&aacute;n lẻ (GBL) của sản phẩm y&ecirc;u cầu bảo h&agrave;nh (YCBH) cao hơn GBL sản phẩm thay thế kh&aacute;ch h&agrave;ng chọn, Tuppeware Việt Nam sẽ kh&ocirc;ng ho&agrave;n tiền ch&ecirc;nh lệch.</span></span></strong></span></span></span></p>\r\n\r\n<p style=\"margin-left:0in; margin-right:0in\"><span style=\"font-size:11pt\"><span style=\"background-color:white\"><span style=\"font-family:Calibri,sans-serif\"><span style=\"font-size:10.5pt\"><span style=\"color:black\">* Gi&aacute; b&aacute;n lẻ của sản phẩm y&ecirc;u cầu bảo h&agrave;nh sẽ do Tupperware Việt Nam quyết định.</span></span></span></span></span><span style=\"font-size:11pt\"><span style=\"background-color:white\"><span style=\"font-family:Calibri,sans-serif\">&nbsp;</span></span></span></p>\r\n\r\n<p style=\"margin-left:0in; margin-right:0in\"><span style=\"font-size:11pt\"><span style=\"background-color:white\"><span style=\"font-family:Calibri,sans-serif\"><span style=\"font-size:18.0pt\"><span style=\"color:black\">Thời hạn bảo h&agrave;nh</span></span></span></span></span></p>\r\n\r\n<p style=\"margin-left:0in; margin-right:0in\"><span style=\"font-size:11pt\"><span style=\"background-color:white\"><span style=\"font-family:Calibri,sans-serif\"><span style=\"font-size:10.5pt\"><span style=\"color:black\">- Tất cả c&aacute;c sản phẩm của Tupperware Việt Nam sẽ được bảo h&agrave;nh theo thời hạn sau:</span></span></span></span></span></p>\r\n\r\n<p style=\"margin-left:0in; margin-right:0in\"><span style=\"font-size:11pt\"><span style=\"background-color:white\"><span style=\"font-family:Calibri,sans-serif\"><em><span style=\"font-size:10.5pt\"><span style=\"color:black\">(Thời hạn bảo h&agrave;nh được bắt đầu t&iacute;nh từ ng&agrave;y người ti&ecirc;u d&ugrave;ng mua h&agrave;ng)</span></span></em></span></span></span><span style=\"font-size:11pt\"><span style=\"background-color:white\"><span style=\"font-family:Calibri,sans-serif\">&nbsp;</span></span></span></p>\r\n\r\n<table border=\"1\" cellspacing=\"0\" class=\"Table\" style=\"border-collapse:collapse; border:solid windowtext 1.0pt; margin-left:31.25pt; width:463.5pt\">\r\n	<tbody>\r\n		<tr>\r\n			<td style=\"vertical-align:top; width:.5in\">\r\n			<p style=\"margin-left:0in; margin-right:0in\"><span style=\"font-size:11pt\"><span style=\"font-family:Calibri,sans-serif\"><strong><span style=\"font-size:12.0pt\">STT</span></strong></span></span></p>\r\n			</td>\r\n			<td style=\"vertical-align:top; width:102.75pt\">\r\n			<p style=\"margin-left:0in; margin-right:0in\"><span style=\"font-size:11pt\"><span style=\"font-family:Calibri,sans-serif\"><strong><span style=\"font-size:12.0pt\">Sản phẩm</span></strong></span></span></p>\r\n			</td>\r\n			<td style=\"vertical-align:top; width:159.0pt\">\r\n			<p style=\"margin-left:0in; margin-right:0in\"><span style=\"font-size:11pt\"><span style=\"font-family:Calibri,sans-serif\"><strong><span style=\"font-size:12.0pt\">Chế độ bảo h&agrave;nh</span></strong></span></span></p>\r\n			</td>\r\n			<td style=\"vertical-align:top; width:97.5pt\">\r\n			<p style=\"margin-left:0in; margin-right:0in\"><span style=\"font-size:11pt\"><span style=\"font-family:Calibri,sans-serif\"><strong><span style=\"font-size:12.0pt\">Thời hạn bảo h&agrave;nh</span></strong></span></span></p>\r\n			</td>\r\n		</tr>\r\n		<tr>\r\n			<td colspan=\"4\" style=\"vertical-align:top; width:463.5pt\">\r\n			<p style=\"margin-left:0in; margin-right:0in\"><span style=\"font-size:11pt\"><span style=\"font-family:Calibri,sans-serif\"><span style=\"font-size:12.0pt\">I. Sản phẩm gia dụng</span></span></span></p>\r\n			</td>\r\n		</tr>\r\n		<tr>\r\n			<td style=\"vertical-align:top; width:.5in\">\r\n			<p style=\"margin-left:0in; margin-right:0in\"><span style=\"font-size:11pt\"><span style=\"font-family:Calibri,sans-serif\"><span style=\"font-size:12.0pt\">1</span></span></span></p>\r\n			</td>\r\n			<td style=\"vertical-align:top; width:102.75pt\">\r\n			<p style=\"margin-left:0in; margin-right:0in\"><span style=\"font-size:11pt\"><span style=\"font-family:Calibri,sans-serif\"><span style=\"font-size:12.0pt\">Sản phẩm nhựa gia dụng</span></span></span></p>\r\n			</td>\r\n			<td style=\"vertical-align:top; width:159.0pt\">\r\n			<p style=\"margin-left:0in; margin-right:0in\"><span style=\"font-size:11pt\"><span style=\"font-family:Calibri,sans-serif\"><span style=\"font-size:12.0pt\">Bảo h&agrave;nh trọn v&ograve;ng đời</span></span></span></p>\r\n			</td>\r\n			<td style=\"vertical-align:top; width:97.5pt\">\r\n			<p style=\"margin-left:0in; margin-right:0in\"><span style=\"font-size:11pt\"><span style=\"font-family:Calibri,sans-serif\"><span style=\"font-size:12.0pt\">Bảo h&agrave;nh trọn v&ograve;ng đời</span></span></span></p>\r\n			</td>\r\n		</tr>\r\n		<tr>\r\n			<td style=\"vertical-align:top; width:.5in\">\r\n			<p style=\"margin-left:0in; margin-right:0in\"><span style=\"font-size:11pt\"><span style=\"font-family:Calibri,sans-serif\"><span style=\"font-size:12.0pt\">2</span></span></span></p>\r\n			</td>\r\n			<td style=\"vertical-align:top; width:102.75pt\">\r\n			<p style=\"margin-left:0in; margin-right:0in\"><span style=\"font-size:11pt\"><span style=\"font-family:Calibri,sans-serif\"><span style=\"font-size:12.0pt\">B&igrave;nh giữ nhiệt</span></span></span></p>\r\n			</td>\r\n			<td style=\"vertical-align:top; width:159.0pt\">\r\n			<p style=\"margin-left:0in; margin-right:0in\"><span style=\"font-size:11pt\"><span style=\"font-family:Calibri,sans-serif\"><span style=\"font-size:12.0pt\">Bảo h&agrave;nh c&oacute; giới hạn (*)</span></span></span></p>\r\n			</td>\r\n			<td style=\"vertical-align:top; width:97.5pt\">\r\n			<p style=\"margin-left:0in; margin-right:0in\"><span style=\"font-size:11pt\"><span style=\"font-family:Calibri,sans-serif\"><span style=\"font-size:12.0pt\">&nbsp; &nbsp; &nbsp; &nbsp; &nbsp; &nbsp; &nbsp;12 th&aacute;ng</span></span></span></p>\r\n			</td>\r\n		</tr>\r\n		<tr>\r\n			<td colspan=\"4\" style=\"vertical-align:top; width:463.5pt\">\r\n			<p style=\"margin-left:0in; margin-right:0in\"><span style=\"font-size:11pt\"><span style=\"font-family:Calibri,sans-serif\"><span style=\"font-size:12.0pt\">II. Sản phẩm dụng cụ nấu nướng</span></span></span></p>\r\n			</td>\r\n		</tr>\r\n		<tr>\r\n			<td style=\"vertical-align:top; width:.5in\">\r\n			<p style=\"margin-left:0in; margin-right:0in\"><span style=\"font-size:11pt\"><span style=\"font-family:Calibri,sans-serif\"><span style=\"font-size:12.0pt\">1</span></span></span></p>\r\n			</td>\r\n			<td style=\"vertical-align:top; width:102.75pt\">\r\n			<p style=\"margin-left:0in; margin-right:0in\"><span style=\"font-size:11pt\"><span style=\"font-family:Calibri,sans-serif\"><span style=\"font-size:12.0pt\">M&aacute;y xay (Chopper)</span></span></span></p>\r\n			</td>\r\n			<td style=\"vertical-align:top; width:159.0pt\">\r\n			<p style=\"margin-left:0in; margin-right:0in\"><span style=\"font-size:11pt\"><span style=\"font-family:Calibri,sans-serif\"><span style=\"font-size:12.0pt\">Bảo h&agrave;nh trọn v&ograve;ng đời</span></span></span></p>\r\n			</td>\r\n			<td style=\"vertical-align:top; width:97.5pt\">\r\n			<p style=\"margin-left:0in; margin-right:0in\"><span style=\"font-size:11pt\"><span style=\"font-family:Calibri,sans-serif\"><span style=\"font-size:12.0pt\">Bảo h&agrave;nh trọn v&ograve;ng đời cho c&aacute;c bộ phần cấu tạo bằng nhựa</span></span></span></p>\r\n			</td>\r\n		</tr>\r\n		<tr>\r\n			<td style=\"vertical-align:top; width:.5in\">\r\n			<p style=\"margin-left:0in; margin-right:0in\"><span style=\"font-size:11pt\"><span style=\"font-family:Calibri,sans-serif\"><span style=\"font-size:12.0pt\">2</span></span></span></p>\r\n			</td>\r\n			<td style=\"vertical-align:top; width:102.75pt\">\r\n			<p style=\"margin-left:0in; margin-right:0in\"><span style=\"font-size:11pt\"><span style=\"font-family:Calibri,sans-serif\"><span style=\"font-size:12.0pt\">Bộ dao k&eacute;o</span></span></span></p>\r\n			</td>\r\n			<td style=\"vertical-align:top; width:159.0pt\">\r\n			<p style=\"margin-left:0in; margin-right:0in\"><span style=\"font-size:11pt\"><span style=\"font-family:Calibri,sans-serif\"><span style=\"font-size:12.0pt\">Sản phẩm dao, k&eacute;o&nbsp;v&agrave; đồ m&agrave;i dao sẽ kh&ocirc;ng được bảo h&agrave;nh.</span></span></span></p>\r\n\r\n			<p style=\"margin-left:0in; margin-right:0in\"><span style=\"font-size:11pt\"><span style=\"font-family:Calibri,sans-serif\"><span style=\"font-size:12.0pt\">Ngay thời điểm mua, nếu h&agrave;ng c&oacute; khuyết điểm th&igrave; c&oacute; thể đổi ngay, nhưng nếu qua sử dụng th&igrave; sẽ kh&ocirc;ng được bảo h&agrave;nh.</span></span></span></p>\r\n			</td>\r\n			<td style=\"vertical-align:top; width:97.5pt\">\r\n			<p style=\"margin-left:0in; margin-right:0in\"><span style=\"font-size:11pt\"><span style=\"font-family:Calibri,sans-serif\">&nbsp;</span></span></p>\r\n			</td>\r\n		</tr>\r\n		<tr>\r\n			<td style=\"vertical-align:top; width:.5in\">\r\n			<p style=\"margin-left:0in; margin-right:0in\"><span style=\"font-size:11pt\"><span style=\"font-family:Calibri,sans-serif\"><span style=\"font-size:12.0pt\">3</span></span></span></p>\r\n			</td>\r\n			<td style=\"vertical-align:top; width:102.75pt\">\r\n			<p style=\"margin-left:0in; margin-right:0in\"><span style=\"font-size:11pt\"><span style=\"font-family:Calibri,sans-serif\"><span style=\"font-size:12.0pt\">M&aacute;y xay thịt Fusion Master</span></span></span></p>\r\n			</td>\r\n			<td style=\"vertical-align:top; width:159.0pt\">\r\n			<p style=\"margin-left:0in; margin-right:0in\"><span style=\"font-size:11pt\"><span style=\"font-family:Calibri,sans-serif\"><span style=\"font-size:12.0pt\">Bảo h&agrave;nh c&oacute; giới hạn (*)</span></span></span></p>\r\n			</td>\r\n			<td style=\"vertical-align:top; width:97.5pt\">\r\n			<p style=\"margin-left:0in; margin-right:0in\"><span style=\"font-size:11pt\"><span style=\"font-family:Calibri,sans-serif\"><span style=\"font-size:12.0pt\">12 th&aacute;ng</span></span></span></p>\r\n			</td>\r\n		</tr>\r\n		<tr>\r\n			<td style=\"vertical-align:top; width:.5in\">\r\n			<p style=\"margin-left:0in; margin-right:0in\"><span style=\"font-size:11pt\"><span style=\"font-family:Calibri,sans-serif\"><span style=\"font-size:12.0pt\">4</span></span></span></p>\r\n			</td>\r\n			<td style=\"vertical-align:top; width:102.75pt\">\r\n			<p style=\"margin-left:0in; margin-right:0in\"><span style=\"font-size:11pt\"><span style=\"font-family:Calibri,sans-serif\"><span style=\"font-size:12.0pt\">Nồi chảo</span></span></span></p>\r\n			</td>\r\n			<td style=\"vertical-align:top; width:159.0pt\">\r\n			<p style=\"margin-left:0in; margin-right:0in\"><span style=\"font-size:11pt\"><span style=\"font-family:Calibri,sans-serif\"><span style=\"font-size:12.0pt\">Bảo h&agrave;nh c&oacute; giới hạn (*)</span></span></span></p>\r\n			</td>\r\n			<td style=\"vertical-align:top; width:97.5pt\">\r\n			<p style=\"margin-left:0in; margin-right:0in\"><span style=\"font-size:11pt\"><span style=\"font-family:Calibri,sans-serif\"><span style=\"font-size:12.0pt\">&nbsp; &nbsp; &nbsp; &nbsp; &nbsp; &nbsp; &nbsp;36 th&aacute;ng</span></span></span></p>\r\n			</td>\r\n		</tr>\r\n		<tr>\r\n			<td colspan=\"4\" style=\"vertical-align:top; width:463.5pt\">\r\n			<p style=\"margin-left:0in; margin-right:0in\"><span style=\"font-size:11pt\"><span style=\"font-family:Calibri,sans-serif\"><span style=\"font-size:12.0pt\">III. Sản phẩm m&aacute;y lọc nước</span></span></span></p>\r\n			</td>\r\n		</tr>\r\n		<tr>\r\n			<td style=\"vertical-align:top; width:.5in\">\r\n			<p style=\"margin-left:0in; margin-right:0in\"><span style=\"font-size:11pt\"><span style=\"font-family:Calibri,sans-serif\"><span style=\"font-size:12.0pt\">1</span></span></span></p>\r\n			</td>\r\n			<td style=\"vertical-align:top; width:102.75pt\">\r\n			<p style=\"margin-left:0in; margin-right:0in\"><span style=\"font-size:11pt\"><span style=\"font-family:Calibri,sans-serif\"><span style=\"font-size:12.0pt\">M&aacute;y lọc nước Nano Nature</span></span></span></p>\r\n			</td>\r\n			<td style=\"vertical-align:top; width:159.0pt\">\r\n			<p style=\"margin-left:0in; margin-right:0in\"><span style=\"font-size:11pt\"><span style=\"font-family:Calibri,sans-serif\"><span style=\"font-size:12.0pt\">Bảo h&agrave;nh c&oacute; giới hạn (*)</span></span></span></p>\r\n			</td>\r\n			<td style=\"vertical-align:top; width:97.5pt\">\r\n			<p style=\"margin-left:0in; margin-right:0in\"><span style=\"font-size:11pt\"><span style=\"font-family:Calibri,sans-serif\"><span style=\"font-size:12.0pt\">24 th&aacute;ng</span></span></span></p>\r\n			</td>\r\n		</tr>\r\n	</tbody>\r\n</table>\r\n\r\n<p style=\"margin-left:0in; margin-right:0in\"><span style=\"font-size:11pt\"><span style=\"background-color:white\"><span style=\"font-family:Calibri,sans-serif\">&nbsp;</span></span></span><span style=\"font-size:11pt\"><span style=\"background-color:white\"><span style=\"font-family:Calibri,sans-serif\"><em><span style=\"font-size:10.5pt\"><span style=\"color:black\">(*) Tupperware Việt Nam sẽ kh&ocirc;ng giải quyết nếu kh&ocirc;ng c&oacute; phiếu tiếp nhận bảo h&agrave;nh.</span></span></em></span></span></span></p>\r\n\r\n<p style=\"margin-left:0in; margin-right:0in\"><span style=\"font-size:11pt\"><span style=\"background-color:white\"><span style=\"font-family:Calibri,sans-serif\">&nbsp;</span></span></span><span style=\"font-size:11pt\"><span style=\"background-color:white\"><span style=\"font-family:Calibri,sans-serif\"><span style=\"font-size:18.0pt\"><span style=\"color:black\">Địa chỉ tiếp nhận bảo h&agrave;nh</span></span></span></span></span></p>\r\n\r\n<p style=\"margin-left:0in; margin-right:0in\"><span style=\"font-size:11pt\"><span style=\"background-color:white\"><span style=\"font-family:Calibri,sans-serif\"><strong><span style=\"font-size:10.5pt\"><span style=\"color:black\">Tupperware Anna 3 th&aacute;ng 2</span></span></strong></span></span></span></p>\r\n\r\n<p style=\"margin-left:0in; margin-right:0in\"><span style=\"font-size:11pt\"><span style=\"background-color:white\"><span style=\"font-family:Calibri,sans-serif\"><span style=\"font-size:10.5pt\"><span style=\"color:black\">Địa chỉ: 27 đường 3 th&aacute;ng 2, Phường 8, Quận 10 Th&agrave;nh phố Hồ Ch&iacute; Minh</span></span></span></span></span></p>\r\n\r\n<p style=\"margin-left:0in; margin-right:0in\"><span style=\"font-size:11pt\"><span style=\"background-color:white\"><span style=\"font-family:Calibri,sans-serif\"><span style=\"font-size:10.5pt\"><span style=\"color:black\">Điện thoại: 0901383777</span></span></span></span></span></p>\r\n\r\n<p style=\"margin-left:0in; margin-right:0in\"><span style=\"font-size:11pt\"><span style=\"background-color:white\"><span style=\"font-family:Calibri,sans-serif\"><span style=\"font-size:10.5pt\"><span style=\"color:black\">Email:</span></span>&nbsp;<strong><span style=\"font-size:10.5pt\"><span style=\"color:#1eb5da\"><a href=\"mailto:vinatup01@gmail.com\" style=\"color:blue; text-decoration:underline\">vinatup01@gmail.com</a></span></span></strong></span></span></span></p>\r\n\r\n<p style=\"margin-left:0in; margin-right:0in\"><span style=\"font-size:11pt\"><span style=\"background-color:white\"><span style=\"font-family:Calibri,sans-serif\"><span style=\"font-size:10.5pt\"><span style=\"color:black\">Website:<strong>&nbsp;tupshama.com</strong></span></span></span></span></span></p>\r\n\r\n<p style=\"margin-left:0in; margin-right:0in\"><span style=\"font-size:11pt\"><span style=\"background-color:white\"><span style=\"font-family:Calibri,sans-serif\"><span style=\"font-size:10.5pt\"><span style=\"color:black\">Facebook:</span></span> </span></span></span></p>\r\n\r\n<p style=\"margin-left:0in; margin-right:0in\"><span style=\"font-size:11pt\"><span style=\"background-color:white\"><span style=\"font-family:Calibri,sans-serif\"><strong><span style=\"font-size:10.5pt\"><span style=\"color:black\">(*):</span></span></strong><span style=\"font-size:10.5pt\"><span style=\"color:black\">&nbsp;Phiếu tiếp nhận bảo h&agrave;nh được cung cấp miễn ph&iacute; tại c&aacute;c cửa h&agrave;ng Tupperware tr&ecirc;n to&agrave;n quốc. Phiếu tiếp nhận bảo h&agrave;nh bắt buộc đ&iacute;nh k&egrave;m sản phẩm bảo h&agrave;nh khi kh&aacute;ch h&agrave;ng gửi sản phẩm về trung t&acirc;m bảo h&agrave;nh. Phiếu tiếp nhận bảo h&agrave;nh cần dược ghi r&otilde; c&aacute;c th&ocirc;ng tin bao gồm: họ t&ecirc;n, địa chỉ, số điện thoại, m&ocirc; tả lỗi sản phẩm.</span></span></span></span></span></p>\r\n\r\n<p style=\"margin-left:0in; margin-right:0in\"><span style=\"font-size:11pt\"><span style=\"background-color:white\"><span style=\"font-family:Calibri,sans-serif\"><strong><span style=\"font-size:10.5pt\"><span style=\"color:black\">(**):</span></span></strong><span style=\"font-size:10.5pt\"><span style=\"color:black\">&nbsp;Cửa h&agrave;ng tiếp nhận y&ecirc;u cầu bảo h&agrave;nh từ kh&aacute;ch h&agrave;ng l&agrave; th&agrave;nh vi&ecirc;n đ&atilde; đăng k&yacute; v&agrave; mua h&agrave;ng tại cửa h&agrave;ng tiếp nhận. Đối với c&aacute;c trường hợp kh&aacute;ch h&agrave;ng kh&ocirc;ng phải l&agrave; th&agrave;nh vi&ecirc;n v&agrave; đ&atilde; từng mua h&agrave;ng tại cửa h&agrave;ng tiếp nhận, cửa h&agrave;ng c&oacute; quyền quyết định tiếp nhận hoặc từ chối tiếp nhận. Trong trường hợp từ chối tiếp nhận, cửa h&agrave;ng cần th&ocirc;ng b&aacute;o với kh&aacute;ch h&agrave;ng về việc gửi h&agrave;ng bảo h&agrave;nh về nơi đ&atilde; đăng k&iacute; th&agrave;nh vi&ecirc;n v&agrave; mua h&agrave;ng hoặc gửi k&egrave;m phiếu tiếp nhận bảo h&agrave;nh c&ugrave;ng sản phẩm bảo h&agrave;nh về địa chỉ tiếp nhận bảo h&agrave;nh để y&ecirc;u cầu bảo h&agrave;nh.</span></span></span></span></span></p>\r\n\r\n<p style=\"margin-left:0in; margin-right:0in\"><span style=\"font-size:11pt\"><span style=\"background-color:white\"><span style=\"font-family:Calibri,sans-serif\"><span style=\"font-size:18.0pt\"><span style=\"color:black\">C&aacute;c trường hợp &aacute;p dụng bảo h&agrave;nh</span></span></span></span></span></p>\r\n\r\n<p style=\"margin-left:0in; margin-right:0in\"><span style=\"font-size:11pt\"><span style=\"background-color:white\"><span style=\"font-family:Calibri,sans-serif\"><em><span style=\"font-size:10.5pt\"><span style=\"color:black\">&nbsp; &nbsp; &nbsp; &nbsp; &nbsp; &nbsp;&Aacute;p dụng cho c&aacute;c sản phẩm thuộc chế độ bảo h&agrave;nh trọn v&ograve;ng đời</span></span></em></span></span></span></p>\r\n\r\n<ul>\r\n	<li><span style=\"font-size:11pt\"><span style=\"background-color:white\"><span style=\"font-family:Calibri,sans-serif\"><span style=\"font-size:10.5pt\"><span style=\"color:black\">Sản phẩm hoặc bộ phận sản phẩm bị cong vẹo</span></span></span></span></span></li>\r\n	<li><span style=\"font-size:11pt\"><span style=\"background-color:white\"><span style=\"font-family:Calibri,sans-serif\"><span style=\"font-size:10.5pt\"><span style=\"color:black\">Sản phẩm hoặc bộ phận sản phẩm bị bong tr&oacute;c lớp nhựa tr&ecirc;n bề mặt</span></span></span></span></span></li>\r\n	<li><span style=\"font-size:11pt\"><span style=\"background-color:white\"><span style=\"font-family:Calibri,sans-serif\"><span style=\"font-size:10.5pt\"><span style=\"color:black\">Th&acirc;n sản phẩm bị rạn nứt trong qu&aacute; tr&igrave;nh sử dụng th&ocirc;ng thường v&agrave; kh&ocirc;ng c&oacute; dấu hiệu cố &yacute; l&agrave;m hư hỏng sản phẩm</span></span></span></span></span></li>\r\n	<li><span style=\"font-size:11pt\"><span style=\"background-color:white\"><span style=\"font-family:Calibri,sans-serif\"><span style=\"font-size:10.5pt\"><span style=\"color:black\">Nắp sản phẩm bị r&aacute;ch hoặc bị chẻ đ&ocirc;i tại v&agrave;nh nắp</span></span></span></span></span></li>\r\n</ul>\r\n\r\n<p style=\"margin-left:0in; margin-right:0in\"><span style=\"font-size:11pt\"><span style=\"background-color:white\"><span style=\"font-family:Calibri,sans-serif\"><span style=\"font-size:18.0pt\"><span style=\"color:black\">C&aacute;c trường hợp kh&ocirc;ng &aacute;p dụng bảo h&agrave;nh</span></span></span></span></span></p>\r\n\r\n<p style=\"margin-left:0in; margin-right:0in\"><span style=\"font-size:11pt\"><span style=\"background-color:white\"><span style=\"font-family:Calibri,sans-serif\"><em><span style=\"font-size:10.5pt\"><span style=\"color:black\">&nbsp; &nbsp; &nbsp; &nbsp; &nbsp;&Aacute;p dụng cho c&aacute;c sản phẩm thuộc chế độ bảo h&agrave;nh trọn v&ograve;ng đời</span></span></em></span></span></span></p>\r\n\r\n<ul>\r\n	<li><span style=\"font-size:11pt\"><span style=\"background-color:white\"><span style=\"font-family:Calibri,sans-serif\"><span style=\"font-size:10.5pt\"><span style=\"color:black\">Trầy xướt trong qu&aacute; tr&igrave;nh sử dụng th&ocirc;ng thường</span></span></span></span></span></li>\r\n	<li><span style=\"font-size:11pt\"><span style=\"background-color:white\"><span style=\"font-family:Calibri,sans-serif\"><span style=\"font-size:10.5pt\"><span style=\"color:black\">B&aacute;m m&agrave;u thực phẩm</span></span></span></span></span></li>\r\n	<li><span style=\"font-size:11pt\"><span style=\"background-color:white\"><span style=\"font-family:Calibri,sans-serif\"><span style=\"font-size:10.5pt\"><span style=\"color:black\">Ch&aacute;y hoặc bị biến dạng do tiếp x&uacute;c với lửa, nhiệt hoặc vật n&oacute;ng</span></span></span></span></span></li>\r\n	<li><span style=\"font-size:11pt\"><span style=\"background-color:white\"><span style=\"font-family:Calibri,sans-serif\"><span style=\"font-size:10.5pt\"><span style=\"color:black\">Phồng rộp khi sử dụng trong l&ograve; vi s&oacute;ng khi h&acirc;m n&oacute;ng c&aacute;c loại thực phẩm c&oacute; dầu mỡ</span></span></span></span></span></li>\r\n	<li><span style=\"font-size:11pt\"><span style=\"background-color:white\"><span style=\"font-family:Calibri,sans-serif\"><span style=\"font-size:10.5pt\"><span style=\"color:black\">Vỡ n&aacute;t hoặc vỡ ph&acirc;n mảnh khi bị rơi xuống đất hoặc bị t&aacute;c động bởi c&aacute;c vật cứng</span></span></span></span></span></li>\r\n	<li><span style=\"font-size:11pt\"><span style=\"background-color:white\"><span style=\"font-family:Calibri,sans-serif\"><span style=\"font-size:10.5pt\"><span style=\"color:black\">Cắn bởi động vật</span></span></span></span></span></li>\r\n	<li><span style=\"font-size:11pt\"><span style=\"background-color:white\"><span style=\"font-family:Calibri,sans-serif\"><span style=\"font-size:10.5pt\"><span style=\"color:black\">Cắt bởi vật sắc nhọn</span></span></span></span></span></li>\r\n	<li><span style=\"font-size:11pt\"><span style=\"background-color:white\"><span style=\"font-family:Calibri,sans-serif\"><span style=\"font-size:10.5pt\"><span style=\"color:black\">Hư hỏng, mất m&aacute;t do sử dụng v&agrave; vệ sinh kh&ocirc;ng theo hướng dẫn sử dụng</span></span></span></span></span></li>\r\n	<li><span style=\"font-size:11pt\"><span style=\"background-color:white\"><span style=\"font-family:Calibri,sans-serif\"><span style=\"font-size:10.5pt\"><span style=\"color:black\">C&aacute;c h&igrave;nh ảnh trang tr&iacute; hoặc c&aacute;c thang đo dung t&iacute;ch được in ấn tr&ecirc;n bề mặt sản phẩm bị phai mờ</span></span></span></span></span></li>\r\n	<li><span style=\"font-size:11pt\"><span style=\"background-color:white\"><span style=\"font-family:Calibri,sans-serif\"><span style=\"font-size:10.5pt\"><span style=\"color:black\">C&aacute;c phụ kiện đi k&egrave;m sản phẩm như t&uacute;i x&aacute;ch, d&acirc;y đeo, t&uacute;i đựng chống sốc, chống trầy</span></span></span></span></span></li>\r\n</ul>\r\n\r\n<h1><strong><em><span style=\"font-size:10.5pt\"><span style=\"color:black\">** Tất cả c&aacute;c trường hợp bảo h&agrave;nh đều được kiểm tra v&agrave; phản hồi bởi Tupperware Việt Nam</span></span></em></strong></h1>\r\n', '', '', '', '', '', 0, 'bao-hanh-1', 'Bảo hành', '', ''),
(90, 62, 'en', 'english version Bảo hành', 'english version ', 'english version ', '', '', '', '', '', 0, 'en-bao-hanh', 'Bảo hành', '', ''),
(91, 63, 'vn', 'Lời khuyên', '', '<p style=\"margin-left:0in; margin-right:0in\"><span style=\"font-size:11pt\"><span style=\"background-color:white\"><span style=\"font-family:Calibri,sans-serif\"><span style=\"font-size:37.5pt\"><span style=\"font-family:&quot;Arial&quot;,sans-serif\"><span style=\"color:black\">Lời khuy&ecirc;n</span></span></span></span></span></span></p>\r\n\r\n<p style=\"margin-left:0in; margin-right:0in\"><span style=\"font-size:11pt\"><span style=\"background-color:white\"><span style=\"font-family:Calibri,sans-serif\"><em><span style=\"font-size:10.5pt\"><span style=\"font-family:&quot;Arial&quot;,sans-serif\"><span style=\"color:#999999\">&ldquo;H&atilde;y bảo quản c&aacute;c sản phẩm Tupperware như c&aacute;ch bạn chăm s&oacute;c đ&ocirc;i b&agrave;n tay của m&igrave;nh&rdquo;</span></span></span></em></span></span></span></p>\r\n\r\n<p style=\"margin-left:0in; margin-right:0in\"><span style=\"font-size:11pt\"><span style=\"background-color:white\"><span style=\"font-family:Calibri,sans-serif\"><strong><span style=\"font-size:10.5pt\"><span style=\"font-family:&quot;Arial&quot;,sans-serif\"><span style=\"color:black\">Hướng dẫn sử dụng</span></span></span></strong></span></span></span></p>\r\n\r\n<ul>\r\n	<li><span style=\"font-size:11pt\"><span style=\"background-color:white\"><span style=\"font-family:Calibri,sans-serif\"><span style=\"font-size:10.5pt\"><span style=\"font-family:&quot;Arial&quot;,sans-serif\"><span style=\"color:black\">Vệ sinh sản phẩm sạch sẽ sau khi sử dụng.</span></span></span></span></span></span></li>\r\n	<li><span style=\"font-size:11pt\"><span style=\"background-color:white\"><span style=\"font-family:Calibri,sans-serif\"><span style=\"font-size:10.5pt\"><span style=\"font-family:&quot;Arial&quot;,sans-serif\"><span style=\"color:black\">D&ugrave;ng miếng m&uacute;t mềm v&agrave; c&aacute;c dung dịch tẩy rửa dịu nhẹ, kh&ocirc;ng c&oacute; t&iacute;nh ăn m&ograve;n cao.</span></span></span></span></span></span></li>\r\n	<li><span style=\"font-size:11pt\"><span style=\"background-color:white\"><span style=\"font-family:Calibri,sans-serif\"><span style=\"font-size:10.5pt\"><span style=\"font-family:&quot;Arial&quot;,sans-serif\"><span style=\"color:black\">Tr&aacute;nh để sản phẩm tiếp x&uacute;c trực tiếp dưới nguồn nhiệt hoặc lửa.</span></span></span></span></span></span></li>\r\n	<li><span style=\"font-size:11pt\"><span style=\"background-color:white\"><span style=\"font-family:Calibri,sans-serif\"><span style=\"font-size:10.5pt\"><span style=\"font-family:&quot;Arial&quot;,sans-serif\"><span style=\"color:black\">Nhiệt độ qu&aacute; cao, dầu mỡ đang s&ocirc;i hoặc thức ăn chứa dầu mỡ đang n&oacute;ng sẽ c&oacute; thể l&agrave;m hư sản phẩm.</span></span></span></span></span></span></li>\r\n	<li><span style=\"font-size:11pt\"><span style=\"background-color:white\"><span style=\"font-family:Calibri,sans-serif\"><span style=\"font-size:10.5pt\"><span style=\"font-family:&quot;Arial&quot;,sans-serif\"><span style=\"color:black\">Tr&aacute;nh cắt hoặc th&aacute;i l&aacute;t thức ăn trực tiếp tr&ecirc;n sản phẩm.</span></span></span></span></span></span></li>\r\n	<li><span style=\"font-size:11pt\"><span style=\"background-color:white\"><span style=\"font-family:Calibri,sans-serif\"><span style=\"font-size:10.5pt\"><span style=\"font-family:&quot;Arial&quot;,sans-serif\"><span style=\"color:black\">Tr&aacute;nh đặt sản phẩm dưới &aacute;nh nắng qu&aacute; l&acirc;u sản phẩm c&oacute; thể bị bạc m&agrave;u hoặc cong v&ecirc;nh</span></span></span></span></span></span></li>\r\n</ul>\r\n\r\n<p style=\"margin-left:0in; margin-right:0in\"><span style=\"font-size:11pt\"><span style=\"background-color:white\"><span style=\"font-family:Calibri,sans-serif\"><strong><span style=\"font-size:10.5pt\"><span style=\"font-family:&quot;Arial&quot;,sans-serif\"><span style=\"color:black\">Bảo quản sản phẩm c&oacute; họa tiết in</span></span></span></strong></span></span></span></p>\r\n\r\n<ul>\r\n	<li><span style=\"font-size:11pt\"><span style=\"background-color:white\"><span style=\"font-family:Calibri,sans-serif\"><span style=\"font-size:10.5pt\"><span style=\"font-family:&quot;Arial&quot;,sans-serif\"><span style=\"color:black\">Chỉ vệ sinh sản phẩm với m&uacute;t mềm hoặc khăn mềm</span></span></span></span></span></span></li>\r\n	<li><span style=\"font-size:11pt\"><span style=\"background-color:white\"><span style=\"font-family:Calibri,sans-serif\"><span style=\"font-size:10.5pt\"><span style=\"font-family:&quot;Arial&quot;,sans-serif\"><span style=\"color:black\">Chỉ sử dụng chất tẩy rửa dịu nhẹ v&agrave; m&uacute;t mềm</span></span></span></span></span></span></li>\r\n	<li><span style=\"font-size:11pt\"><span style=\"background-color:white\"><span style=\"font-family:Calibri,sans-serif\"><span style=\"font-size:10.5pt\"><span style=\"font-family:&quot;Arial&quot;,sans-serif\"><span style=\"color:black\">Tr&aacute;nh ch&agrave; s&aacute;t hoặc chồng s&aacute;t c&aacute;c sản phẩm l&ecirc;n nhau để tr&aacute;nh trầy xước</span></span></span></span></span></span></li>\r\n</ul>\r\n\r\n<p style=\"margin-left:0in; margin-right:0in\"><span style=\"font-size:11pt\"><span style=\"background-color:white\"><span style=\"font-family:Calibri,sans-serif\"><strong><span style=\"font-size:10.5pt\"><span style=\"font-family:&quot;Arial&quot;,sans-serif\"><span style=\"color:black\">C&aacute;c bước để khử m&ugrave;i h&ocirc;i d&iacute;nh v&agrave;o sản phẩm</span></span></span></strong></span></span></span></p>\r\n\r\n<ul>\r\n	<li><span style=\"font-size:11pt\"><span style=\"background-color:white\"><span style=\"font-family:Calibri,sans-serif\"><span style=\"font-size:10.5pt\"><span style=\"font-family:&quot;Arial&quot;,sans-serif\"><span style=\"color:black\">L&agrave;m sạch nắp v&agrave; hộp đựng bằng dung dịch tẩy rửa dịu nhẹ.</span></span></span></span></span></span></li>\r\n	<li><span style=\"font-size:11pt\"><span style=\"background-color:white\"><span style=\"font-family:Calibri,sans-serif\"><span style=\"font-size:10.5pt\"><span style=\"font-family:&quot;Arial&quot;,sans-serif\"><span style=\"color:black\">L&agrave;m sạch mặt trong hộp đựng bằng nước cốt chanh. Chờ v&agrave;i gi&acirc;y trước khi rửa lại với nước.</span></span></span></span></span></span></li>\r\n	<li><span style=\"font-size:11pt\"><span style=\"background-color:white\"><span style=\"font-family:Calibri,sans-serif\"><span style=\"font-size:10.5pt\"><span style=\"font-family:&quot;Arial&quot;,sans-serif\"><span style=\"color:black\">Sau khi l&agrave;m sạch, lau kh&ocirc; v&agrave; đặt giấy b&aacute;o hoặc bột than v&agrave;o b&ecirc;n trong để l&agrave;m sạch m&ugrave;i thức ăn c&ograve;n s&oacute;t lại</span></span></span></span></span></span></li>\r\n	<li><span style=\"font-size:11pt\"><span style=\"background-color:white\"><span style=\"font-family:Calibri,sans-serif\"><span style=\"font-size:10.5pt\"><span style=\"font-family:&quot;Arial&quot;,sans-serif\"><span style=\"color:black\">L&agrave;m sạch với hỗn hợp nước v&agrave; x&agrave; ph&ograve;ng, sau đ&oacute; để kh&ocirc;</span></span></span></span></span></span></li>\r\n	<li><span style=\"font-size:11pt\"><span style=\"background-color:white\"><span style=\"font-family:Calibri,sans-serif\"><span style=\"font-size:10.5pt\"><span style=\"font-family:&quot;Arial&quot;,sans-serif\"><span style=\"color:black\">Th&aacute;o hết nắp đậy khi kh&ocirc;ng sử dụng để tr&aacute;nh c&oacute; m&ugrave;i h&ocirc;i khi sử dụng</span></span></span></span></span></span></li>\r\n</ul>\r\n', '', '', '', '', '', 0, 'loi-khuyen', 'Lời khuyên', '', ''),
(92, 63, 'en', 'english version Lời khuyên', 'english version ', 'english version ', '', '', '', '', '', 0, 'en-loi-khuyen', 'Lời khuyên', '', ''),
(93, 64, 'vn', 'Tuyển dụng', '', '', '', '', '', '', '', 0, 'tuyen-dung1', 'Tuyển dụng', '', ''),
(94, 64, 'en', 'english version Tuyển dụng', 'english version ', 'english version ', '', '', '', '', '', 0, 'en-tuyen-dung', 'Tuyển dụng', '', '');
INSERT INTO `page_languages` (`id`, `page_id`, `languages_code`, `lang_page_name`, `lang_page_des`, `lang_page_content`, `lang_page_sub_info1`, `lang_page_sub_info2`, `lang_page_sub_info3`, `lang_page_sub_info4`, `lang_page_sub_info5`, `edit_state`, `friendly_url`, `title_seo`, `keyword`, `des_seo`) VALUES
(95, 65, 'vn', 'Hiểu đúng về nhựa dùng trong bảo quản thực phẩm để bảo vệ sức khỏe gia đình', '', '<h1>Hiểu đ&uacute;ng về nhựa d&ugrave;ng trong bảo quản thực phẩm để bảo vệ sức khỏe gia đ&igrave;nh.</h1>\r\n\r\n<p>Nhựa d&ugrave;ng trong thực phẩm l&agrave; những sản phẩm nhựa được khuyến c&aacute;o bởi cơ quan quản l&yacute; Dược v&agrave; Thực phẩm Hoa Kỳ.Trong những điều kiện nhất định, nhựa v&agrave; thực phẩm khi tiếp x&uacute;c với nhau c&oacute; thể g&acirc;y ra chuyển động của c&aacute;c&nbsp; ph&acirc;n tử h&oacute;a học từ vật liệu nhựa v&agrave;o thực phẩm. Q&uacute;a tr&igrave;nh đ&oacute; được gọi l&agrave; &ldquo;di cư&rdquo;. Sự di cư của c&aacute;c chất h&oacute;a học c&oacute; thể được gia tăng bởi nhiệt độ tiếp x&uacute;c v&agrave; điều kiện lưu trữ.Nhiệt độ c&agrave;ng cao v&agrave; thực phẩm lưu trữ c&agrave;ng l&acirc;u, c&aacute;c chất h&oacute;a học di cư c&agrave;ng dễ d&agrave;ng. Logo An to&agrave;n với thực phẩm đảm bảo sự di cư của h&oacute;a chất ở mức độ an to&agrave;n, kh&ocirc;ng ảnh hưởng đến sức khỏe nếu sử dụng đ&uacute;ng c&aacute;ch. Điều đ&oacute; v&ocirc; c&ugrave;ng quan trọng trong việc nhận biết loại nhựa n&agrave;o an to&agrave;n để bảo quản thực phẩm.</p>\r\n\r\n<p>Một điều nữa cần được ch&uacute; &yacute; về nhựa d&ugrave;ng trong bảo quản thực phẩm l&agrave; sự ph&ugrave; hợp của từng loại nhựa d&ugrave;ng cho thực phẩm được đ&oacute;ng g&oacute;i. Th&ocirc;ng thường c&aacute;c sản phẩm nhựa đều được đ&aacute;nh số nhằm ph&acirc;n biệt loại nhựa k&egrave;m mục đ&iacute;ch sử dụng được đặt trong h&igrave;nh tam gi&aacute;c tạo bởi c&aacute;c mũi t&ecirc;n. C&aacute;c sản phẩm nhựa kh&ocirc;ng c&ograve;n được coi l&agrave; nhựa d&ugrave;ng để bảo quản thực phẩm nếu n&oacute; đ&atilde; được sử dụng để chứa c&aacute;c mặt h&agrave;ng kh&ocirc;ng phải thực phẩm như vật liệu h&oacute;a chất, sơn v&agrave; chất tẩy rửa.</p>\r\n\r\n<h3><strong>Nhựa Số 1 (PET/PETE/POLYESTER):</strong></h3>\r\n\r\n<p>L&agrave; nhựa trong, kh&ocirc;ng đục, v&agrave; kh&aacute; bền, tuy nhi&ecirc;n, khả năng chịu ẩm v&agrave; kh&iacute; gas k&eacute;m. Vật liệu n&agrave;y được sử dụng đa dạng trong cả lĩnh vực thực phẩm v&agrave; phi thực phẩm.&nbsp; Loại nhựa n&agrave;y được xem l&agrave; loại đồ nhựa chỉ n&ecirc;n sử dụng một lần v&agrave; rất dễ t&aacute;i chế. Loại nhựa n&agrave;y thường được ứng dụng trong đ&oacute;ng g&oacute;i, bao gồm l&agrave;m chai đựng thức uống (nước kho&aacute;ng, nước tr&aacute;i&nbsp; c&acirc;y, nước giải kh&aacute;t), bao b&igrave; thức ăn tr&aacute;ng miệng, thức ăn vật nu&ocirc;i...</p>\r\n\r\n<h3><strong>Nhựa Số 2 (HDPE/PE TỶ TRỌNG CAO):</strong></h3>\r\n\r\n<p>HDPE c&oacute; sức chịu đựng tốt với c&aacute;c th&agrave;nh phần h&oacute;a học n&ecirc;n thường được sử dụng cho c&aacute;c sản phẩm gia dụng v&agrave; trong ng&agrave;nh c&ocirc;ng nghiệp h&oacute;a chất. C&aacute;c chai HDPE c&oacute; m&agrave;u&nbsp; bền hơn c&aacute;c chai kh&ocirc;ng m&agrave;u. HDPE thường được sử dụng để sản xuất c&aacute;c loại b&igrave;nh b&aacute;n trong suốt&nbsp; đựng sữa, Nước giải kh&aacute;t, hoặc b&igrave;nh chứa c&aacute;c loại nước tẩy rửa, dầu gội đầu , nước rửa ch&eacute;n, sữa tắm, v&agrave; t&uacute;i nhựa&hellip;</p>\r\n\r\n<h3><strong>Nhựa Số 3 (PVC):&nbsp;</strong></h3>\r\n\r\n<p>PVC l&agrave; loại nhựa c&oacute; độ bền cao với h&oacute;a chất, thời tiết v&agrave; khả năng c&aacute;ch điện tốt. Trong, PVC c&oacute; chất vinyl chloride, thường được gọi l&agrave; VCM, c&oacute; khả năng g&acirc;y hại cao cho sức khỏe nếu tiếp x&uacute;c với thực phẩm trong những điều kiện nhất định. Do đ&oacute;, tại Ch&acirc;u &Acirc;u, d&ugrave; đ&atilde; kh&ocirc;ng chế được dư lượng VCM ở mức an to&agrave;n, nhựa PVC vẫn kh&ocirc;ng được d&ugrave;ng l&agrave;m bao b&igrave; thực phẩm d&ugrave; gi&aacute; th&agrave;nh rẻ hơn bao b&igrave; nhựa kh&aacute;c. Nhựa PVC phần lớn d&ugrave;ng để bao bọc d&acirc;y c&aacute;p điện, l&agrave;m ống tho&aacute;t nước, &aacute;o mưa, m&agrave;ng nhựa gia dụng khăn trải b&agrave;n, &hellip;</p>\r\n\r\n<h3><strong>Nhựa số 4 - LDPE (MẬT ĐỘ POLYETHYLENE THẤP):</strong></h3>\r\n\r\n<p>Đ&acirc;y l&agrave; loại nhựa polyethylene tỉ trọng thấp (LDPE), c&oacute; đặc t&iacute;nh đ&agrave;n hồi, trong suốt. N&oacute; thường được sử dụng để l&agrave;m c&aacute;c loại bao b&igrave;, t&uacute;i nhựa đựng h&agrave;ng tạp h&oacute;a, hoặc g&oacute;i thực phẩm&hellip; Nhựa LDPE cũng được sử dụng l&agrave;m d&acirc;y điện v&agrave; c&aacute;ch nhiệt cho c&aacute;p điện. Ngo&agrave;i ra, nhựaLDPE l&agrave; nhựa đ&agrave;n hồi, bền, v&agrave; trong suốt, n&ecirc;n được d&ugrave;ng phổ biến cho c&aacute;c loại bao b&igrave; c&oacute; nắp c&oacute; khả năng chịu nhiệt cao. Nhựa LDPE được d&ugrave;ng để sản xuất t&uacute;i nhựa mua sắm, nắp nhựa, bao b&igrave; nhựa bảo quản thịt đ&ocirc;ng lạnh, t&uacute;i nhựa giặt ủi, lọ đựng thực phẩm c&oacute; t&iacute;nh đ&agrave;n hồi cao.</p>\r\n\r\n<h3><strong>Nhựa Số 5 (PP/POLYPROPYLENE):</strong></h3>\r\n\r\n<p>PP chịu được h&oacute;a chất v&agrave; nhiệt độ cao, ph&ugrave; hợp để đ&oacute;ng g&oacute;i chất lỏng n&oacute;ng. PP thường được t&igrave;m thấy trong c&aacute;c loại bao b&igrave; c&oacute; t&iacute;nh bền, độ đ&agrave;n hồi cao d&ugrave;ng trong hộ gia đ&igrave;nh. Nhựa số 5 l&agrave; nhựa an to&agrave;n nhất d&ugrave;ng trong thực phẩm. PP được d&ugrave;ng để đ&oacute;ng g&oacute;i nước tương,&nbsp; sữa chua, margarine, thuốc, &hellip;</p>\r\n\r\n<h3><strong>Nhựa Số 6 - PS (POLYSTYRENE)</strong></h3>\r\n\r\n<p>PS l&agrave; nhựa đa năng c&oacute; thể được t&igrave;m thấy ở dạng xốp hoặc dạng rắn. Nhựa n&agrave;y kh&ocirc;ng đục, cứng, dễ vỡ, v&agrave; khả năng chịu nhiệt k&eacute;m. Do đ&oacute;, nhựa số 6 kh&ocirc;ng n&ecirc;n d&ugrave;ng để bảo quản thực phẩm/đồ uống n&oacute;ng. Nhựa PS thường được sử dụng trong c&aacute;c hộp đựng đĩa CD, muỗng v&agrave; nĩa, ly, hộp xốp đựng thực phẩm v&agrave; đồ đựng thực phẩm bằng nhựa trong suốt, v.v&hellip;</p>\r\n\r\n<h3><strong>Nhựa số 7: Loại kh&aacute;c (PC, TRITAN,&hellip;)</strong></h3>\r\n\r\n<p>C&aacute;c loại kh&aacute;c &yacute; chỉ những loại nhựa kh&ocirc;ng&nbsp; thuộc nh&oacute;m&nbsp; từ 1-6. Nhựa số 7 c&oacute; thể bao gồm c&aacute;c vật liệu nhựa cấu th&agrave;nh từ nhiều loại nhựa kh&aacute;c nhau (1 &ndash; 6), hoặc l&agrave; kết hợp với 1 loại nhựa số 7 kh&aacute;c như Polycarbonate (PC). Nhựa số 7 l&agrave; loại nhựa chịu được nhiệt độ cao cũng như c&oacute; độ bền tốt nhất trong c&aacute;c loại nhựa, đồng thời cho ra sản phẩm c&oacute; mẫu m&atilde; đẹp với m&agrave;u sắc trong suốt. Tuy nhi&ecirc;n, nhựa số 7 thuần khiết ( kh&ocirc;ng pha chế chất phụ gia cũng như kh&ocirc;ng lẫn nhựa t&aacute;i chế trong qu&aacute; tr&igrave;nh sản xuất ) c&oacute; gi&aacute; th&agrave;nh kh&aacute; cao. V&igrave; vậy, khi mua sản phẩm từ nhựa số 7, bạn cần lựa chọn thương uy t&iacute;n v&agrave; đảm bảo chất lượng. PC hoặc Polycarbonate thường được sử dụng l&agrave;m b&igrave;nh, chai, nắp chứa thực phẩm cần tiệt tr&ugrave;ng, v.v&hellip;</p>\r\n\r\n<p>Ngo&agrave;i ra, bạn cũng n&ecirc;n đọc kỹ c&aacute;c k&yacute; hiệu đi k&egrave;m trong những sản phẩm nhựa để c&oacute; thể sử dụng đ&uacute;ng c&aacute;ch, bảo vệ to&agrave;n diện sức khỏe gia đ&igrave;nh.</p>\r\n\r\n<p>T&oacute;m lại, khi chọn mua sản phẩm nhựa đựng thực phẩm, ch&uacute;ng ta n&ecirc;n ch&uacute; &yacute; đến c&aacute;c th&ocirc;ng tin tr&ecirc;n sản phẩm nhựa cũng như lựa chọn thương hiệu uy t&iacute;n, ưu ti&ecirc;n lựa chọn c&aacute;c sản phẩm nhựa nguy&ecirc;n sinh chưa qua t&aacute;i chế để bảo vệ sức khỏe cả gia đ&igrave;nh.</p>\r\n', '', '', '', '', '', 0, 'hieu-dung-ve-nhua-dung-trong-bao-quan-thuc-pham-de-bao-ve-suc-khoe-gia-din1', 'Hiểu đúng về nhựa dùng trong bảo quản thực phẩm để bảo vệ sức khỏe gia đin', '', ''),
(96, 65, 'en', 'english version Hiểu đúng về nhựa dùng trong bảo quản thực phẩm để bảo vệ sức khỏe gia đin', 'english version ', 'english version ', '', '', '', '', '', 0, 'en-hieu-dung-ve-nhua-dung-trong-bao-quan-thuc-pham-de-bao-ve-suc-khoe-gia-din', 'Hiểu đúng về nhựa dùng trong bảo quản thực phẩm để bảo vệ sức khỏe gia đin', '', ''),
(97, 66, 'vn', 'Lựa chọn máy lọc nước cho gia đình', '', '<p style=\"margin-left:0in; margin-right:0in\"><span style=\"font-size:11pt\"><span style=\"background-color:white\"><span style=\"font-family:Calibri,sans-serif\"><span style=\"font-size:37.5pt\"><span style=\"color:black\">Lựa chọn m&aacute;y lọc nước cho gia đ&igrave;nh</span></span></span></span></span></p>\r\n\r\n<p style=\"margin-left:0in; margin-right:0in\"><span style=\"font-size:11pt\"><span style=\"background-color:white\"><span style=\"font-family:Calibri,sans-serif\"><span style=\"font-size:10.5pt\"><span style=\"color:#999999\">C&ocirc;ng suất lọc nước, c&ocirc;ng nghệ m&agrave;ng lọc, l&otilde;i lọc... l&agrave; những ti&ecirc;u ch&iacute; cần quan t&acirc;m khi chọn mua sản phẩm m&aacute;y lọc nước.</span></span></span></span></span></p>\r\n\r\n<p style=\"margin-left:0in; margin-right:0in\"><span style=\"font-size:11pt\"><span style=\"background-color:white\"><span style=\"font-family:Calibri,sans-serif\"><span style=\"font-size:10.5pt\"><span style=\"color:black\">Sử dụng nguồn nước nhiễm bẩn ảnh hưởng đến sức khỏe, l&agrave;m tăng nguy cơ mắc c&aacute;c loại bệnh. Nhiều hộ gia đ&igrave;nh tại c&aacute;c đ&ocirc; thị lớn như TP HCM, H&agrave; Nội chọn c&aacute;ch lắp đặt m&aacute;y lọc nước để c&oacute; được nguồn nước sạch hơn. Khi chọn mua sản phẩm, người ti&ecirc;u d&ugrave;ng n&ecirc;n lưu &yacute; một số ti&ecirc;u ch&iacute; dưới đ&acirc;y.</span></span></span></span></span></p>\r\n\r\n<p style=\"margin-left:0in; margin-right:0in\"><span style=\"font-size:11pt\"><span style=\"background-color:white\"><span style=\"font-family:Calibri,sans-serif\"><span style=\"font-size:18.0pt\"><span style=\"color:black\">Nhu cầu sử dụng của gia đ&igrave;nh</span></span></span></span></span></p>\r\n\r\n<p style=\"margin-left:0in; margin-right:0in\"><span style=\"font-size:11pt\"><span style=\"background-color:white\"><span style=\"font-family:Calibri,sans-serif\"><span style=\"font-size:10.5pt\"><span style=\"color:black\">T&ugrave;y v&agrave;o nhu cầu sử dụng, gia đ&igrave;nh c&oacute; thể chọn sản phẩm c&oacute; c&ocirc;ng suất nhỏ hoặc lớn, chế độ lọc nhanh hoặc chậm. Hiện c&oacute; nhiều sản phẩm c&oacute; thể lọc 10 l&iacute;t, 15 l&iacute;t hoặc 30 l&iacute;t trong một giờ. Tốc độ lọc nhanh c&oacute; thể đạt khoảng 3,4 l&iacute;t một ph&uacute;t. Thế hệ m&aacute;y lọc hiện đại, c&ocirc;ng suất lớn c&oacute; thể đ&aacute;p ứng cả nhu cầu nước uống v&agrave; nấu nướng h&agrave;ng ng&agrave;y.</span></span></span></span></span></p>\r\n\r\n<p style=\"margin-left:0in; margin-right:0in\"><span style=\"font-size:11pt\"><span style=\"background-color:white\"><span style=\"font-family:Calibri,sans-serif\"><span style=\"font-size:18.0pt\"><span style=\"color:black\">C&ocirc;ng nghệ m&agrave;ng lọc</span></span></span></span></span></p>\r\n\r\n<p style=\"margin-left:0in; margin-right:0in\"><span style=\"font-size:11pt\"><span style=\"background-color:white\"><span style=\"font-family:Calibri,sans-serif\"><span style=\"font-size:10.5pt\"><span style=\"color:black\">C&ocirc;ng nghệ lọc nước gi&uacute;p tạo ra nguồn nước c&oacute; thể d&ugrave;ng để uống kh&ocirc;ng cần qua đun nấu. C&ocirc;ng nghệ Nano, c&ocirc;ng nghệ điện giải v&agrave; c&ocirc;ng nghệ RO l&agrave; những c&ocirc;ng nghệ lọc nước ti&ecirc;n tiến.&nbsp;</span></span></span></span></span></p>\r\n\r\n<p style=\"margin-left:0in; margin-right:0in\"><span style=\"font-size:11pt\"><span style=\"background-color:white\"><span style=\"font-family:Calibri,sans-serif\"><span style=\"font-size:10.5pt\"><span style=\"color:black\">C&ocirc;ng nghệ m&agrave;ng lọc điện giải Nano Pleated được trang bị tr&ecirc;n sản phẩm Tupperware Nano Nature l&agrave; một trong những c&ocirc;ng nghệ ti&ecirc;n tiến tr&ecirc;n thế giới. M&agrave;ng lọc gi&uacute;p loại bỏ 99,9999% vi khuẩn v&agrave; 99,99% virus theo chứng nhận của c&ocirc;ng ty lọc nước Ahlstrom (Anh) c&ocirc;ng bố ng&agrave;y 5/12/2017.</span></span></span></span></span></p>\r\n\r\n<p style=\"margin-left:0in; margin-right:0in\"><span style=\"font-size:11pt\"><span style=\"background-color:white\"><span style=\"font-family:Calibri,sans-serif\"><span style=\"font-size:10.5pt\"><span style=\"color:black\">Sản phẩm c&ograve;n g&oacute;p phần giảm những chất độc c&oacute; hại cho cơ thể như thủy ng&acirc;n, ch&igrave;, độc tố... theo chứng nhận NSF (National Sanitation Foundation) - Tổ chức gi&aacute;m định độc lập về an to&agrave;n thực phẩm v&agrave; nước uống của Tổ chức Y tế thế giới (WHO) v&agrave;o th&aacute;ng 8/2019.</span></span></span></span></span></p>\r\n\r\n<p style=\"margin-left:0in; margin-right:0in\"><span style=\"font-size:11pt\"><span style=\"background-color:white\"><span style=\"font-family:Calibri,sans-serif\"><span style=\"font-size:18.0pt\"><span style=\"color:black\">L&otilde;i lọc</span></span></span></span></span></p>\r\n\r\n<p style=\"margin-left:0in; margin-right:0in\"><span style=\"font-size:11pt\"><span style=\"background-color:white\"><span style=\"font-family:Calibri,sans-serif\"><span style=\"font-size:10.5pt\"><span style=\"color:black\">M&aacute;y lọc chất lượng sẽ cung cấp nước sạch để uống trực tiếp, kh&ocirc;ng chứa tạp chất, kim loại nặng, h&oacute;a chất, vi khuẩn g&acirc;y bệnh. L&otilde;i lọc l&agrave; bộ phận quan trọng, quyết định nước tạo ra c&oacute; đạt chuẩn an to&agrave;n hay kh&ocirc;ng n&ecirc;n cần phải l&agrave;m từ nguy&ecirc;n liệu cao cấp.&nbsp;</span></span></span></span></span></p>\r\n\r\n<p style=\"margin-left:0in; margin-right:0in\"><span style=\"font-size:11pt\"><span style=\"background-color:white\"><span style=\"font-family:Calibri,sans-serif\"><span style=\"font-size:10.5pt\"><span style=\"color:black\">T&ugrave;y theo thương hiệu m&aacute;y lọc nước m&agrave; c&oacute; thể kh&aacute;c nhau về số lượng l&otilde;i lọc. C&aacute;c l&otilde;i chứa than hoạt t&iacute;nh hấp thụ c&aacute;c kim loại nặng, c&aacute;c h&oacute;a chất độc hại c&oacute; trong nước.&nbsp;Một số m&aacute;y lọc c&ograve;n trang bị th&ecirc;m l&otilde;i kho&aacute;ng c&oacute; t&aacute;c dụng bổ sung th&ecirc;m kho&aacute;ng chất c&oacute; lợi cho cơ thể. L&otilde;i kho&aacute;ng c&ograve;n g&oacute;p phần l&agrave;m tăng vị ngọt của nước.&nbsp;</span></span></span></span></span></p>\r\n\r\n<p style=\"margin-left:0in; margin-right:0in\"><span style=\"font-size:11pt\"><span style=\"background-color:white\"><span style=\"font-family:Calibri,sans-serif\"><span style=\"font-size:10.5pt\"><span style=\"color:black\">L&otilde;i lọc thường c&oacute; thời hạn sử dụng. Để thuận tiện cho người d&ugrave;ng, một số sản phẩm c&ograve;n trang bị đ&egrave;n led b&aacute;o hiệu tuổi thọ của l&otilde;i để thay mới. Th&ocirc;ng thường, l&otilde;i lọc tốt c&oacute; tuổi thọ cao hơn, tiết kiệm chi ph&iacute; thay mới cho gia đ&igrave;nh.</span></span></span></span></span></p>\r\n\r\n<p><span style=\"font-size:10.5pt\"><span style=\"color:black\">Người d&ugrave;ng n&ecirc;n mua sản phẩm uy t&iacute;n để c&oacute; được chế độ bảo h&agrave;nh, dịch vụ tư vấn lắp đặt nhanh, c&oacute; thể cam kết đảm bảo ti&ecirc;u chuẩn nước lọc. Chẳng hạn như m&aacute;y lọc Tupperware Nano Nature chỉ cần 5 ph&uacute;t lắp đặt, thiết kế sản phẩm nhỏ gọn, th&acirc;n thiện với m&ocirc;i trường.</span></span></p>\r\n', '', '', '', '', '', 0, 'lua-chon-may-loc-nuoc-cho-gia-dinh1', 'Lựa chọn máy lọc nước cho gia đình', '', ''),
(98, 66, 'en', 'english version Lựa chọn máy lọc nước cho gia đình', 'english version ', 'english version ', '', '', '', '', '', 0, 'en-lua-chon-may-loc-nuoc-cho-gia-dinh', 'Lựa chọn máy lọc nước cho gia đình', '', ''),
(99, 67, 'vn', 'Chính sách bảo hành', '', '<p>Ch&iacute;nh s&aacute;ch một</p>\r\n\r\n<p>&nbsp;</p>\r\n', '', '', '', '', '', 0, 'chinh-sach-mot', 'Chính sách một', '', ''),
(100, 67, 'en', 'english version Chính sách một', 'english version ', 'english version <p>Ch&iacute;nh s&aacute;ch một</p>\r\n\r\n<p>&nbsp;</p>\r\n', '', '', '', '', '', 0, 'en-chinh-sach-mot', 'Chính sách một', '', ''),
(101, 68, 'vn', 'Chính sách vận chuyển', 'Chính sách hai', '<p>Ch&iacute;nh s&aacute;ch hai</p>\r\n', '', '', '', '', '', 0, 'chinh-sach-hai', 'Chính sách hai', '', ''),
(102, 68, 'en', 'english version Chính sách hai', 'english version Chính sách hai', 'english version <p>Ch&iacute;nh s&aacute;ch hai</p>\r\n', '', '', '', '', '', 0, 'en-chinh-sach-hai', 'Chính sách hai', '', ''),
(103, 69, 'vn', 'Chính sách đổi trả', 'Chính sách ba', '<p>Ch&iacute;nh s&aacute;ch ba</p>\r\n', '', '', '', '', '', 0, 'chinh-sach-ba', 'Chính sách ba', '', ''),
(104, 69, 'en', 'english version Chính sách ba', 'english version Chính sách ba', 'english version <p>Ch&iacute;nh s&aacute;ch ba</p>\r\n', '', '', '', '', '', 0, 'en-chinh-sach-ba', 'Chính sách ba', '', ''),
(105, 70, 'vn', 'Chính sách trả góp', 'Chính sách bốn', '<p>Ch&iacute;nh s&aacute;ch bốn</p>\r\n', '', '', '', '', '', 0, 'chinh-sach-bon', 'Chính sách bốn', '', ''),
(106, 70, 'en', 'english version Chính sách bốn', 'english version Chính sách bốn', 'english version <p>Ch&iacute;nh s&aacute;ch bốn</p>\r\n', '', '', '', '', '', 0, 'en-chinh-sach-bon', 'Chính sách bốn', '', '');

-- --------------------------------------------------------

--
-- Cấu trúc bảng cho bảng `price_percent`
--

CREATE TABLE `price_percent` (
  `id` int(11) NOT NULL,
  `name` text COLLATE utf8_unicode_ci DEFAULT NULL
) ENGINE=InnoDB DEFAULT CHARSET=utf8 COLLATE=utf8_unicode_ci;

--
-- Đang đổ dữ liệu cho bảng `price_percent`
--

INSERT INTO `price_percent` (`id`, `name`) VALUES
(2, '2'),
(3, '3'),
(4, '4'),
(5, '5'),
(6, '6'),
(7, '7'),
(8, '8'),
(9, '9'),
(10, '10');

-- --------------------------------------------------------

--
-- Cấu trúc bảng cho bảng `product`
--

CREATE TABLE `product` (
  `product_id` int(11) NOT NULL,
  `product_name` text COLLATE utf8_unicode_ci DEFAULT NULL,
  `alias` varchar(400) COLLATE utf8_unicode_ci DEFAULT NULL,
  `product_des` text COLLATE utf8_unicode_ci DEFAULT NULL,
  `product_des2` text COLLATE utf8_unicode_ci DEFAULT NULL,
  `product_des3` text COLLATE utf8_unicode_ci DEFAULT NULL,
  `product_content` text COLLATE utf8_unicode_ci DEFAULT NULL,
  `product_content2` text COLLATE utf8_unicode_ci DEFAULT NULL,
  `product_content3` text COLLATE utf8_unicode_ci DEFAULT NULL,
  `product_price` int(225) DEFAULT NULL,
  `product_price_sale` int(225) DEFAULT NULL,
  `product_discount` float DEFAULT NULL,
  `product_img` text COLLATE utf8_unicode_ci DEFAULT NULL,
  `product_img_2` text COLLATE utf8_unicode_ci DEFAULT NULL,
  `product_sub_img` text COLLATE utf8_unicode_ci DEFAULT NULL,
  `product_created_date` datetime DEFAULT NULL,
  `product_update_date` datetime DEFAULT NULL,
  `productcat_id` int(11) DEFAULT NULL,
  `product_hot` int(11) DEFAULT 0,
  `product_new` int(11) DEFAULT 0,
  `product_sale` int(11) DEFAULT 0,
  `product_code` text COLLATE utf8_unicode_ci DEFAULT NULL,
  `product_original` text COLLATE utf8_unicode_ci DEFAULT NULL,
  `product_size` text COLLATE utf8_unicode_ci DEFAULT NULL,
  `product_package` text COLLATE utf8_unicode_ci DEFAULT NULL,
  `product_delivery` text COLLATE utf8_unicode_ci DEFAULT NULL,
  `product_delivery_time` text COLLATE utf8_unicode_ci DEFAULT NULL,
  `product_payment` text COLLATE utf8_unicode_ci DEFAULT NULL,
  `product_payment_type` text COLLATE utf8_unicode_ci DEFAULT NULL,
  `product_sub_info1` text COLLATE utf8_unicode_ci DEFAULT NULL,
  `product_sub_info2` text COLLATE utf8_unicode_ci DEFAULT NULL,
  `product_sub_info3` text COLLATE utf8_unicode_ci DEFAULT NULL,
  `product_sub_info4` text COLLATE utf8_unicode_ci DEFAULT NULL,
  `product_sub_info5` text COLLATE utf8_unicode_ci DEFAULT NULL,
  `state` int(11) NOT NULL DEFAULT 0,
  `title_seo` text COLLATE utf8_unicode_ci DEFAULT NULL,
  `des_seo` text COLLATE utf8_unicode_ci DEFAULT NULL,
  `friendly_url` text COLLATE utf8_unicode_ci DEFAULT NULL,
  `keyword` text COLLATE utf8_unicode_ci DEFAULT NULL,
  `created_id` int(11) DEFAULT NULL,
  `product_material` varchar(255) COLLATE utf8_unicode_ci DEFAULT NULL,
  `product_shape` varchar(255) COLLATE utf8_unicode_ci DEFAULT NULL,
  `product_expiration` varchar(255) COLLATE utf8_unicode_ci DEFAULT NULL,
  `product_producer` int(11) DEFAULT NULL,
  `product_review` text COLLATE utf8_unicode_ci DEFAULT NULL,
  `productcat_ar` text COLLATE utf8_unicode_ci DEFAULT NULL,
  `producttag_arr` varchar(10000) COLLATE utf8_unicode_ci DEFAULT NULL,
  `product_sort` int(11) NOT NULL DEFAULT 0,
  `product_img_video` text COLLATE utf8_unicode_ci DEFAULT NULL
) ENGINE=InnoDB DEFAULT CHARSET=utf8 COLLATE=utf8_unicode_ci;

--
-- Đang đổ dữ liệu cho bảng `product`
--

INSERT INTO `product` (`product_id`, `product_name`, `alias`, `product_des`, `product_des2`, `product_des3`, `product_content`, `product_content2`, `product_content3`, `product_price`, `product_price_sale`, `product_discount`, `product_img`, `product_img_2`, `product_sub_img`, `product_created_date`, `product_update_date`, `productcat_id`, `product_hot`, `product_new`, `product_sale`, `product_code`, `product_original`, `product_size`, `product_package`, `product_delivery`, `product_delivery_time`, `product_payment`, `product_payment_type`, `product_sub_info1`, `product_sub_info2`, `product_sub_info3`, `product_sub_info4`, `product_sub_info5`, `state`, `title_seo`, `des_seo`, `friendly_url`, `keyword`, `created_id`, `product_material`, `product_shape`, `product_expiration`, `product_producer`, `product_review`, `productcat_ar`, `producttag_arr`, `product_sort`, `product_img_video`) VALUES
(2152, 'Máy phát điện LOWENZAHN', NULL, '<p>C&ocirc;ng ty TNHH Hợp Lực Cảng Việt chuy&ecirc;n cung cấp c&aacute;c loại m&oacute;c c&ocirc;ng nghiệp như m&aacute;y ph&aacute;t điện, m&aacute;y x&aacute;t gạo, m&aacute;y xới đất, m&aacute;y tuốt l&uacute;a,... Đ&acirc;y l&agrave; c&aacute;c loại m&aacute;y được ch&uacute;ng t&ocirc;i nhập khẩu ch&iacute;nh h&atilde;ng nguy&ecirc;n chiếc, gi&uacute;p cho b&agrave; con n&ocirc;ng d&acirc;n v&agrave; c&aacute;c chủ doanh nghiệp c&oacute; thể tiết kiệm c&ocirc;ng sức lao độn, n&acirc;ng cao hiệu suất c&ocirc;ng việc sản xuất.</p>\r\n', '', '', '<p><strong>TH&Ocirc;NG SỐ KỸ THUẬT</strong></p>\r\n\r\n<ul>\r\n	<li>Type:&nbsp;LZ3500IGC</li>\r\n	<li>Rated Power:&nbsp;3.2 KW</li>\r\n	<li>Max Power:&nbsp;3.5 KW</li>\r\n	<li>Rated Voltage:&nbsp;230V</li>\r\n	<li>Rated Current:&nbsp;50Hz</li>\r\n	<li>Rated Frequency:&nbsp;Digital AVR</li>\r\n	<li>Fuel Tank Capacity:&nbsp;15L</li>\r\n	<li>Fuel Consumption:&nbsp;&le; 374g/kW.h</li>\r\n	<li>Produce Date:&nbsp;07/06/2023</li>\r\n</ul>\r\n', '', '', 9900000, 0, 0, 'Lowenzahn.jpg', '', '[]', '2023-07-01 15:07:18', '2023-07-19 10:07:26', 0, 0, 0, 0, '', '', '', '', '', '', '', '', '', '', '', '', '', 1, 'Máy phát điện LOWENZAHN', '', 'may-phat-dien-lowenzahn', '', 10, '103', '', '', NULL, NULL, '101,101', NULL, 0, ''),
(2153, 'Máy phát điện JIAMU', NULL, '<p>C&ocirc;ng ty TNHH Hợp Lực Cảng Việt chuy&ecirc;n cung cấp c&aacute;c loại m&oacute;c c&ocirc;ng nghiệp như m&aacute;y ph&aacute;t điện, m&aacute;y x&aacute;t gạo, m&aacute;y xới đất, m&aacute;y tuốt l&uacute;a,... Đ&acirc;y l&agrave; c&aacute;c loại m&aacute;y được ch&uacute;ng t&ocirc;i nhập khẩu ch&iacute;nh h&atilde;ng nguy&ecirc;n chiếc, gi&uacute;p cho b&agrave; con n&ocirc;ng d&acirc;n v&agrave; c&aacute;c chủ doanh nghiệp c&oacute; thể tiết kiệm c&ocirc;ng sức lao độn, n&acirc;ng cao hiệu suất c&ocirc;ng việc sản xuất.</p>\r\n', '', '', '<p><strong>TH&Ocirc;NG SỐ KỸ THUẬT:</strong></p>\r\n\r\n<p><strong><img alt=\"\" height=\"307\" src=\"/image/images/m%C3%94%20T%E1%BA%A2%20S%E1%BA%A2N%20PH%E1%BA%A8M%20JIAMU.png\" width=\"1042\" /></strong></p>\r\n', '', '', 9900000, 0, 0, 'z4425924880215_b05d7a32c9be20889b27b7f7e1ea16d4.jpg', 'z4425924880215_b05d7a32c9be20889b27b7f7e1ea16d4.jpg', '[]', '2023-07-01 15:07:29', '2023-07-19 10:07:55', 0, 0, 0, 0, '', '', '', '', '', '', '', '', '', '', '', '', '', 1, 'Máy phát điện JIAMU', '', 'may-phat-dien-jiamu', '', 10, '103', '', '', NULL, NULL, '101,101', NULL, 0, ''),
(2154, 'Máy phát điện CADPRO 2.8-6.0 KW', NULL, '<p>C&ocirc;ng ty TNHH Hợp Lực Cảng Việt chuy&ecirc;n cung cấp c&aacute;c loại m&oacute;c c&ocirc;ng nghiệp như m&aacute;y ph&aacute;t điện, m&aacute;y x&aacute;t gạo, m&aacute;y xới đất, m&aacute;y tuốt l&uacute;a,... Đ&acirc;y l&agrave; c&aacute;c loại m&aacute;y được ch&uacute;ng t&ocirc;i nhập khẩu ch&iacute;nh h&atilde;ng nguy&ecirc;n chiếc, gi&uacute;p cho b&agrave; con n&ocirc;ng d&acirc;n v&agrave; c&aacute;c chủ doanh nghiệp c&oacute; thể tiết kiệm c&ocirc;ng sức lao độn, n&acirc;ng cao hiệu suất c&ocirc;ng việc sản xuất.</p>\r\n', '', '', '<p><strong>TH&Ocirc;NG SỐ KỸ THUẬT:</strong></p>\r\n\r\n<p><strong>Type 1:&nbsp;KP3500X-G</strong></p>\r\n\r\n<ul>\r\n	<li>Rated Power:&nbsp;2.8 KW</li>\r\n	<li>Max Power:&nbsp;3.0 KW</li>\r\n	<li>Rated Voltage:&nbsp;230V</li>\r\n	<li>Rated Current:&nbsp;12.2A</li>\r\n	<li>Rated Frequency:&nbsp;50Hz</li>\r\n	<li>Voltage Regulation:&nbsp;Digital AVR</li>\r\n	<li>Fuel Tank Capacity:&nbsp;25l</li>\r\n	<li>Fuel Consumption:&nbsp;&le; 374g/kW.h</li>\r\n	<li>Produce Date: 20/05/2023</li>\r\n</ul>\r\n\r\n<p><strong>Type 2:&nbsp;KP7500E-G</strong></p>\r\n\r\n<ul>\r\n	<li>Rated Power:&nbsp;6.0 KW</li>\r\n	<li>Max Power:&nbsp;6.5 KW</li>\r\n	<li>Rated Voltage:&nbsp;230V</li>\r\n	<li>Rated Current:&nbsp;26.1A</li>\r\n	<li>Rated Frequency:&nbsp;50Hz</li>\r\n	<li>Voltage Regulation:&nbsp;Digital AVR</li>\r\n	<li>Fuel Tank Capacity:&nbsp;25l</li>\r\n	<li>Fuel Consumption:&nbsp;&le; 460g/kW.h</li>\r\n	<li>Produce Date:&nbsp;20/05/2023</li>\r\n</ul>\r\n', '', '', 9900000, 0, 0, 'z4425924862316_5c321c6ff770e65649dadedf13ee0023.jpg', 'z4425924862316_5c321c6ff770e65649dadedf13ee0023.jpg', '[]', '2023-07-01 15:07:27', '2023-07-19 11:07:22', 0, 0, 0, 0, '', '', '', '', '', '', '', '', '', '', '', '', '', 1, 'Máy phát điện CADPRO 2.8-6.0 KW', '', 'may-phat-dien-cadpro-28-60-kw', '', 10, '103', '', '', NULL, NULL, '101,101', NULL, 0, ''),
(2155, 'Máy phát điện CADPRO 2.8-3.2 KW', NULL, '<p>C&ocirc;ng ty TNHH Hợp Lực Cảng Việt chuy&ecirc;n cung cấp c&aacute;c loại m&oacute;c c&ocirc;ng nghiệp như m&aacute;y ph&aacute;t điện, m&aacute;y x&aacute;t gạo, m&aacute;y xới đất, m&aacute;y tuốt l&uacute;a,... Đ&acirc;y l&agrave; c&aacute;c loại m&aacute;y được ch&uacute;ng t&ocirc;i nhập khẩu ch&iacute;nh h&atilde;ng nguy&ecirc;n chiếc, gi&uacute;p cho b&agrave; con n&ocirc;ng d&acirc;n v&agrave; c&aacute;c chủ doanh nghiệp c&oacute; thể tiết kiệm c&ocirc;ng sức lao độn, n&acirc;ng cao hiệu suất c&ocirc;ng việc sản xuất.</p>\r\n', '', '', '<p><strong>TH&Ocirc;NG SỐ KỸ THUẬT:</strong></p>\r\n\r\n<p><strong>Type 1:&nbsp;</strong>KP3500X-P</p>\r\n\r\n<ul>\r\n	<li>Rated Power:&nbsp;2.8 KW</li>\r\n	<li>Max Power:&nbsp;3.0 KW</li>\r\n	<li>Rated Voltage:&nbsp;230V</li>\r\n	<li>Rated Current:&nbsp;12.2A</li>\r\n	<li>Rated Frequency:&nbsp;50Hz</li>\r\n	<li>Voltage Regulation:&nbsp;Digital AVR</li>\r\n	<li>Fuel Tank Capacity: 5l</li>\r\n	<li>Fuel Consumption:&nbsp;&le; 374g/kW.h</li>\r\n	<li>Produce Date: 07/06/2023</li>\r\n</ul>\r\n\r\n<p><strong>Type 2:&nbsp;KP3500E-P</strong></p>\r\n\r\n<ul>\r\n	<li>Rated Power:&nbsp;2.8KW</li>\r\n	<li>Max Power:&nbsp;3.0 KW</li>\r\n	<li>Rated Voltage:&nbsp;230V</li>\r\n	<li>Rated Current:&nbsp;12.2A</li>\r\n	<li>Rated Frequency:&nbsp;50Hz</li>\r\n	<li>Voltage Regulation:&nbsp;Digital AVR</li>\r\n	<li>Fuel Tank Capacity: 5l</li>\r\n	<li>Fuel Consumption:&nbsp;&le; 374g/kW.h</li>\r\n	<li>Produce Date:&nbsp;07/06/2023</li>\r\n</ul>\r\n\r\n<p><strong>Type 3:&nbsp;KP4500X-P</strong></p>\r\n\r\n<ul>\r\n	<li>Rated Power:&nbsp;3.2KW</li>\r\n	<li>Max Power:&nbsp;3.5 KW</li>\r\n	<li>Rated Voltage:&nbsp;230V</li>\r\n	<li>Rated Current:&nbsp;13.9A</li>\r\n	<li>Rated Frequency:&nbsp;50Hz</li>\r\n	<li>Voltage Regulation:&nbsp;Digital AVR</li>\r\n	<li>Fuel Tank Capacity:&nbsp;15l</li>\r\n	<li>Fuel Consumption:&nbsp;&le; 374g/kW.h</li>\r\n	<li>Produce Date:&nbsp;07/06/2023</li>\r\n</ul>\r\n', '', '', 9900000, 0, 0, 'z4425924845868_549bc6e698e5ad4e7d338bfe614383a7.jpg', 'z4425924845868_549bc6e698e5ad4e7d338bfe614383a7.jpg', '[]', '2023-07-01 15:07:29', '2023-07-19 11:07:34', 0, 0, 0, 0, '', '', '', '', '', '', '', '', '', '', '', '', '', 1, 'Máy phát điện CADPRO 2.8-3.2 KW', '', 'may-phat-dien-cadpro-28-32-kw', '', 10, '103', '', '', NULL, NULL, '101,101', NULL, 0, ''),
(2156, 'Máy phát điện TARA', NULL, '<p>C&ocirc;ng ty TNHH Hợp Lực Cảng Việt chuy&ecirc;n cung cấp c&aacute;c loại m&oacute;c c&ocirc;ng nghiệp như m&aacute;y ph&aacute;t điện, m&aacute;y x&aacute;t gạo, m&aacute;y xới đất, m&aacute;y tuốt l&uacute;a,... Đ&acirc;y l&agrave; c&aacute;c loại m&aacute;y được ch&uacute;ng t&ocirc;i nhập khẩu ch&iacute;nh h&atilde;ng nguy&ecirc;n chiếc, gi&uacute;p cho b&agrave; con n&ocirc;ng d&acirc;n v&agrave; c&aacute;c chủ doanh nghiệp c&oacute; thể tiết kiệm c&ocirc;ng sức lao độn, n&acirc;ng cao hiệu suất c&ocirc;ng việc sản xuất.</p>\r\n', '', '', '<p><strong>TH&Ocirc;NG SỐ KỸ THUẬT:</strong></p>\r\n\r\n<p><strong>Type:&nbsp;GE5600</strong></p>\r\n\r\n<ul>\r\n	<li>Rated Power:&nbsp;5.2KW</li>\r\n	<li>Max Power:&nbsp;5.8 KW</li>\r\n	<li>Rated Voltage:&nbsp;230V</li>\r\n	<li>Rated Current:&nbsp;22.6A</li>\r\n	<li>Rated Frequency:&nbsp;50Hz</li>\r\n	<li>Voltage Regulation:&nbsp;Digital AVR</li>\r\n	<li>Fuel Tank Capacity:&nbsp;25l</li>\r\n	<li>Fuel Consumption:&nbsp;&le; 460g/kW.h</li>\r\n	<li>Produce Date: 03/03/2023</li>\r\n</ul>\r\n', '', '', 8990000, 0, 0, 'z4425925417579_b950e8fb22961ad92a11a0d35fd61c42.jpg', 'z4425925417579_b950e8fb22961ad92a11a0d35fd61c42.jpg', '[]', '2023-07-01 15:07:27', '2023-07-19 11:07:35', 0, 0, 0, 0, '', '', '', '', '', '', '', '', '', '', '', '', '', 1, 'Máy phát điện TARA', '', 'may-phat-dien-tara', '', 10, '103', '', '', NULL, NULL, '101,101', NULL, 0, ''),
(2157, 'Máy phát điện Huyndai (DEMO)', NULL, '<p>C&ocirc;ng ty TNHH Hợp Lực Cảng Việt chuy&ecirc;n cung cấp c&aacute;c loại m&oacute;c c&ocirc;ng nghiệp như m&aacute;y ph&aacute;t điện, m&aacute;y x&aacute;t gạo, m&aacute;y xới đất, m&aacute;y tuốt l&uacute;a,... Đ&acirc;y l&agrave; c&aacute;c loại m&aacute;y được ch&uacute;ng t&ocirc;i nhập khẩu ch&iacute;nh h&atilde;ng nguy&ecirc;n chiếc, gi&uacute;p cho b&agrave; con n&ocirc;ng d&acirc;n v&agrave; c&aacute;c chủ doanh nghiệp c&oacute; thể tiết kiệm c&ocirc;ng sức lao độn, n&acirc;ng cao hiệu suất c&ocirc;ng việc sản xuất.</p>\r\n', '', '', '<p>C&Ocirc;NG SUẤT CAO - GI&Aacute; CỰC TỐT</p>\r\n\r\n<p>H&Agrave;NG CH&Iacute;NH H&Atilde;NG - NHẬP KHẨU NGUY&Ecirc;N CHIẾC</p>\r\n\r\n<p>Hiệu suất cao - chất lượng tốt lu&ocirc;n l&agrave; ti&ecirc;u ch&iacute; h&agrave;ng đầu khi kh&aacute;ch h&agrave;ng t&igrave;m kiếm c&aacute;c d&ograve;ng sản phẩm m&aacute;y m&oacute;c c&ocirc;ng nghiệp.</p>\r\n\r\n<p>Thấu hiểu được điều đ&oacute;, Hợp Lực Cảng tự h&agrave;o giới thiệu đến qu&yacute; kh&aacute;ch những d&ograve;ng sản phẩm h&agrave;ng đầu trong ng&agrave;nh, bao gồm m&aacute;y ph&aacute;t điện, m&aacute;y x&aacute;t gạo, m&aacute;y xới đất v&agrave; m&aacute;y tuốt l&uacute;a.</p>\r\n\r\n<p>Tất cả c&aacute;c sản phẩm v&agrave; dịch vụ m&agrave; ch&uacute;ng t&ocirc;i cung cấp đều được kiểm tra v&agrave; đảm bảo tu&acirc;n thủ c&aacute;c ti&ecirc;u chuẩn chất lượng cao nhất</p>\r\n\r\n<p>Li&ecirc;n hệ ngay để được tư vấn v&agrave; nhận th&ocirc;ng tin chi tiết về c&aacute;c sản phẩm c&ocirc;ng nghiệp h&agrave;ng đầu của ch&uacute;ng t&ocirc;i.</p>\r\n\r\n<p>Hợp lực cảng Việt - Đối t&aacute;c đ&aacute;ng tin cậy cho c&aacute;c giải ph&aacute;p c&ocirc;ng nghiệp vượt trội!</p>\r\n', '', '', 23900000, 0, 0, 'Máy phát điện Huyndai 6kW HY9000LE.jpg', '', '[]', '2023-07-01 15:07:15', '2023-07-19 11:07:21', 0, 0, 0, 0, '', '', '', '', '', '', '', '', '', '', '', '', '', 1, 'Máy phát điện Huyndai (DEMO)', '', 'may-phat-dien-huyndai-demo', '', 10, '103', '', '', NULL, NULL, '101,101', NULL, 0, ''),
(2158, 'Máy phát điện 2,5kW Huyndai (DEMO)', NULL, '<p>C&ocirc;ng ty TNHH Hợp Lực Cảng Việt chuy&ecirc;n cung cấp c&aacute;c loại m&oacute;c c&ocirc;ng nghiệp như m&aacute;y ph&aacute;t điện, m&aacute;y x&aacute;t gạo, m&aacute;y xới đất, m&aacute;y tuốt l&uacute;a,... Đ&acirc;y l&agrave; c&aacute;c loại m&aacute;y được ch&uacute;ng t&ocirc;i nhập khẩu ch&iacute;nh h&atilde;ng nguy&ecirc;n chiếc, gi&uacute;p cho b&agrave; con n&ocirc;ng d&acirc;n v&agrave; c&aacute;c chủ doanh nghiệp c&oacute; thể tiết kiệm c&ocirc;ng sức lao độn, n&acirc;ng cao hiệu suất c&ocirc;ng việc sản xuất.</p>\r\n', '', '', '<p>C&Ocirc;NG SUẤT CAO - GI&Aacute; CỰC TỐT</p>\r\n\r\n<p>H&Agrave;NG CH&Iacute;NH H&Atilde;NG - NHẬP KHẨU NGUY&Ecirc;N CHIẾC</p>\r\n\r\n<p>Hiệu suất cao - chất lượng tốt lu&ocirc;n l&agrave; ti&ecirc;u ch&iacute; h&agrave;ng đầu khi kh&aacute;ch h&agrave;ng t&igrave;m kiếm c&aacute;c d&ograve;ng sản phẩm m&aacute;y m&oacute;c c&ocirc;ng nghiệp.</p>\r\n\r\n<p>Thấu hiểu được điều đ&oacute;, Hợp Lực Cảng tự h&agrave;o giới thiệu đến qu&yacute; kh&aacute;ch những d&ograve;ng sản phẩm h&agrave;ng đầu trong ng&agrave;nh, bao gồm m&aacute;y ph&aacute;t điện, m&aacute;y x&aacute;t gạo, m&aacute;y xới đất v&agrave; m&aacute;y tuốt l&uacute;a.</p>\r\n\r\n<p>Tất cả c&aacute;c sản phẩm v&agrave; dịch vụ m&agrave; ch&uacute;ng t&ocirc;i cung cấp đều được kiểm tra v&agrave; đảm bảo tu&acirc;n thủ c&aacute;c ti&ecirc;u chuẩn chất lượng cao nhất</p>\r\n\r\n<p>Li&ecirc;n hệ ngay để được tư vấn v&agrave; nhận th&ocirc;ng tin chi tiết về c&aacute;c sản phẩm c&ocirc;ng nghiệp h&agrave;ng đầu của ch&uacute;ng t&ocirc;i.</p>\r\n\r\n<p>Hợp lực cảng Việt - Đối t&aacute;c đ&aacute;ng tin cậy cho c&aacute;c giải ph&aacute;p c&ocirc;ng nghiệp vượt trội!</p>\r\n', '', '', 11900000, 0, 0, 'Máy phát điện 2,5kW Huyndai HY3100LE.png', '', '[]', '2023-07-01 15:07:01', '2023-07-19 11:07:44', 0, 0, 0, 0, '', '', '', '', '', '', '', '', '', '', '', '', '', 1, 'Máy phát điện 2,5kW Huyndai (DEMO)', '', 'may-phat-dien-25kw-huyndai-demo', '', 10, '103', '', '', NULL, NULL, '101,101', NULL, 0, ''),
(2159, 'Máy phát điện Huyndai HY7000LE (dEMO)', NULL, '<p>C&ocirc;ng ty TNHH Hợp Lực Cảng Việt chuy&ecirc;n cung cấp c&aacute;c loại m&oacute;c c&ocirc;ng nghiệp như m&aacute;y ph&aacute;t điện, m&aacute;y x&aacute;t gạo, m&aacute;y xới đất, m&aacute;y tuốt l&uacute;a,... Đ&acirc;y l&agrave; c&aacute;c loại m&aacute;y được ch&uacute;ng t&ocirc;i nhập khẩu ch&iacute;nh h&atilde;ng nguy&ecirc;n chiếc, gi&uacute;p cho b&agrave; con n&ocirc;ng d&acirc;n v&agrave; c&aacute;c chủ doanh nghiệp c&oacute; thể tiết kiệm c&ocirc;ng sức lao độn, n&acirc;ng cao hiệu suất c&ocirc;ng việc sản xuất.</p>\r\n', '', '', '<p>C&Ocirc;NG SUẤT CAO - GI&Aacute; CỰC TỐT</p>\r\n\r\n<p>H&Agrave;NG CH&Iacute;NH H&Atilde;NG - NHẬP KHẨU NGUY&Ecirc;N CHIẾC</p>\r\n\r\n<p>Hiệu suất cao - chất lượng tốt lu&ocirc;n l&agrave; ti&ecirc;u ch&iacute; h&agrave;ng đầu khi kh&aacute;ch h&agrave;ng t&igrave;m kiếm c&aacute;c d&ograve;ng sản phẩm m&aacute;y m&oacute;c c&ocirc;ng nghiệp.</p>\r\n\r\n<p>Thấu hiểu được điều đ&oacute;, Hợp Lực Cảng tự h&agrave;o giới thiệu đến qu&yacute; kh&aacute;ch những d&ograve;ng sản phẩm h&agrave;ng đầu trong ng&agrave;nh, bao gồm m&aacute;y ph&aacute;t điện, m&aacute;y x&aacute;t gạo, m&aacute;y xới đất v&agrave; m&aacute;y tuốt l&uacute;a.</p>\r\n\r\n<p>Tất cả c&aacute;c sản phẩm v&agrave; dịch vụ m&agrave; ch&uacute;ng t&ocirc;i cung cấp đều được kiểm tra v&agrave; đảm bảo tu&acirc;n thủ c&aacute;c ti&ecirc;u chuẩn chất lượng cao nhất</p>\r\n\r\n<p>Li&ecirc;n hệ ngay để được tư vấn v&agrave; nhận th&ocirc;ng tin chi tiết về c&aacute;c sản phẩm c&ocirc;ng nghiệp h&agrave;ng đầu của ch&uacute;ng t&ocirc;i.</p>\r\n\r\n<p>Hợp lực cảng Việt - Đối t&aacute;c đ&aacute;ng tin cậy cho c&aacute;c giải ph&aacute;p c&ocirc;ng nghiệp vượt trội!</p>\r\n', '', '', 21900000, 0, 0, 'Máy phát điện Huyndai HY7000LE.jpg', '', '[]', '2023-07-01 15:07:42', '2023-07-19 11:07:27', 0, 0, 0, 0, '', '', '', '', '', '', '', '', '', '', '', '', '', 1, 'Máy phát điện Huyndai HY7000LE (dEMO)', '', 'may-phat-dien-huyndai-hy7000le-demo', '', 10, '103', '', '', NULL, NULL, '101,101', NULL, 0, ''),
(2160, 'Máy xát gạo TL - 58SC (chưa gồm động cơ)', NULL, '<p>C&ocirc;ng ty TNHH Hợp Lực Cảng Việt chuy&ecirc;n cung cấp c&aacute;c loại m&oacute;c c&ocirc;ng nghiệp như m&aacute;y ph&aacute;t điện, m&aacute;y x&aacute;t gạo, m&aacute;y xới đất, m&aacute;y tuốt l&uacute;a,... Đ&acirc;y l&agrave; c&aacute;c loại m&aacute;y được ch&uacute;ng t&ocirc;i nhập khẩu ch&iacute;nh h&atilde;ng nguy&ecirc;n chiếc, gi&uacute;p cho b&agrave; con n&ocirc;ng d&acirc;n v&agrave; c&aacute;c chủ doanh nghiệp c&oacute; thể tiết kiệm c&ocirc;ng sức lao độn, n&acirc;ng cao hiệu suất c&ocirc;ng việc sản xuất.</p>\r\n', '', '', '<p>C&Ocirc;NG SUẤT CAO - GI&Aacute; CỰC TỐT</p>\r\n\r\n<p>H&Agrave;NG CH&Iacute;NH H&Atilde;NG - NHẬP KHẨU NGUY&Ecirc;N CHIẾC</p>\r\n\r\n<p>Hiệu suất cao - chất lượng tốt lu&ocirc;n l&agrave; ti&ecirc;u ch&iacute; h&agrave;ng đầu khi kh&aacute;ch h&agrave;ng t&igrave;m kiếm c&aacute;c d&ograve;ng sản phẩm m&aacute;y m&oacute;c c&ocirc;ng nghiệp.</p>\r\n\r\n<p>Thấu hiểu được điều đ&oacute;, Hợp Lực Cảng tự h&agrave;o giới thiệu đến qu&yacute; kh&aacute;ch những d&ograve;ng sản phẩm h&agrave;ng đầu trong ng&agrave;nh, bao gồm m&aacute;y ph&aacute;t điện, m&aacute;y x&aacute;t gạo, m&aacute;y xới đất v&agrave; m&aacute;y tuốt l&uacute;a.</p>\r\n\r\n<p>Tất cả c&aacute;c sản phẩm v&agrave; dịch vụ m&agrave; ch&uacute;ng t&ocirc;i cung cấp đều được kiểm tra v&agrave; đảm bảo tu&acirc;n thủ c&aacute;c ti&ecirc;u chuẩn chất lượng cao nhất</p>\r\n\r\n<p>Li&ecirc;n hệ ngay để được tư vấn v&agrave; nhận th&ocirc;ng tin chi tiết về c&aacute;c sản phẩm c&ocirc;ng nghiệp h&agrave;ng đầu của ch&uacute;ng t&ocirc;i.</p>\r\n\r\n<p>Hợp lực cảng Việt - Đối t&aacute;c đ&aacute;ng tin cậy cho c&aacute;c giải ph&aacute;p c&ocirc;ng nghiệp vượt trội!</p>\r\n', '', '', 6850000, 0, 0, 'Máy xát gạo 3 cấp UN-A3000.png', '', '[]', '2023-07-01 15:07:11', '2023-07-19 10:07:29', 0, 0, 0, 0, '', '', '', '', '', '', '', '', '', '', '', '', '', 1, 'Máy xát gạo TL - 58SC (chưa gồm động cơ)', '', 'may-xat-gao-tl-58sc-chua-gom-dong-co', '', 10, '103', '', '', NULL, NULL, '102,102', NULL, 0, ''),
(2161, 'Máy xát gạo TL-358 có lọc sạn 5 cấp đời mới (chưa gồm động cơ)', NULL, '<p>C&ocirc;ng ty TNHH Hợp Lực Cảng Việt chuy&ecirc;n cung cấp c&aacute;c loại m&oacute;c c&ocirc;ng nghiệp như m&aacute;y ph&aacute;t điện, m&aacute;y x&aacute;t gạo, m&aacute;y xới đất, m&aacute;y tuốt l&uacute;a,... Đ&acirc;y l&agrave; c&aacute;c loại m&aacute;y được ch&uacute;ng t&ocirc;i nhập khẩu ch&iacute;nh h&atilde;ng nguy&ecirc;n chiếc, gi&uacute;p cho b&agrave; con n&ocirc;ng d&acirc;n v&agrave; c&aacute;c chủ doanh nghiệp c&oacute; thể tiết kiệm c&ocirc;ng sức lao độn, n&acirc;ng cao hiệu suất c&ocirc;ng việc sản xuất.</p>\r\n', '', '', '<p>C&Ocirc;NG SUẤT CAO - GI&Aacute; CỰC TỐT</p>\r\n\r\n<p>H&Agrave;NG CH&Iacute;NH H&Atilde;NG - NHẬP KHẨU NGUY&Ecirc;N CHIẾC</p>\r\n\r\n<p>Hiệu suất cao - chất lượng tốt lu&ocirc;n l&agrave; ti&ecirc;u ch&iacute; h&agrave;ng đầu khi kh&aacute;ch h&agrave;ng t&igrave;m kiếm c&aacute;c d&ograve;ng sản phẩm m&aacute;y m&oacute;c c&ocirc;ng nghiệp.</p>\r\n\r\n<p>Thấu hiểu được điều đ&oacute;, Hợp Lực Cảng tự h&agrave;o giới thiệu đến qu&yacute; kh&aacute;ch những d&ograve;ng sản phẩm h&agrave;ng đầu trong ng&agrave;nh, bao gồm m&aacute;y ph&aacute;t điện, m&aacute;y x&aacute;t gạo, m&aacute;y xới đất v&agrave; m&aacute;y tuốt l&uacute;a.</p>\r\n\r\n<p>Tất cả c&aacute;c sản phẩm v&agrave; dịch vụ m&agrave; ch&uacute;ng t&ocirc;i cung cấp đều được kiểm tra v&agrave; đảm bảo tu&acirc;n thủ c&aacute;c ti&ecirc;u chuẩn chất lượng cao nhất</p>\r\n\r\n<p>Li&ecirc;n hệ ngay để được tư vấn v&agrave; nhận th&ocirc;ng tin chi tiết về c&aacute;c sản phẩm c&ocirc;ng nghiệp h&agrave;ng đầu của ch&uacute;ng t&ocirc;i.</p>\r\n\r\n<p>Hợp lực cảng Việt - Đối t&aacute;c đ&aacute;ng tin cậy cho c&aacute;c giải ph&aacute;p c&ocirc;ng nghiệp vượt trội!</p>\r\n', '', '', 6200000, 0, 0, 'MÁY XÁT GẠO TL-358 CÓ LỌC SẠN 5 CẤP ĐỜI MỚI.png', 'MÁY XÁT GẠO TL-358 CÓ LỌC SẠN 5 CẤP ĐỜI MỚI.png', '[]', '2023-07-01 15:07:02', '2023-07-19 11:07:53', 0, 0, 0, 0, '', '', '', '', '', '', '', '', '', '', '', '', '', 1, 'Máy xát gạo TL-358 có lọc sạn 5 cấp đời mới (chưa gồm động cơ)', '', 'may-xat-gao-tl-358-co-loc-san-5-cap-doi-moi-chua-gom-dong-co', '', 10, '103', '', '', NULL, NULL, '102,102', NULL, 0, ''),
(2162, 'Máy xát gạo TL-358 có sàng rung (chưa gồm động cơ)', NULL, '<p>C&ocirc;ng ty TNHH Hợp Lực Cảng Việt chuy&ecirc;n cung cấp c&aacute;c loại m&oacute;c c&ocirc;ng nghiệp như m&aacute;y ph&aacute;t điện, m&aacute;y x&aacute;t gạo, m&aacute;y xới đất, m&aacute;y tuốt l&uacute;a,... Đ&acirc;y l&agrave; c&aacute;c loại m&aacute;y được ch&uacute;ng t&ocirc;i nhập khẩu ch&iacute;nh h&atilde;ng nguy&ecirc;n chiếc, gi&uacute;p cho b&agrave; con n&ocirc;ng d&acirc;n v&agrave; c&aacute;c chủ doanh nghiệp c&oacute; thể tiết kiệm c&ocirc;ng sức lao độn, n&acirc;ng cao hiệu suất c&ocirc;ng việc sản xuất.</p>\r\n', '', '', '<p>C&Ocirc;NG SUẤT CAO - GI&Aacute; CỰC TỐT</p>\r\n\r\n<p>H&Agrave;NG CH&Iacute;NH H&Atilde;NG - NHẬP KHẨU NGUY&Ecirc;N CHIẾC</p>\r\n\r\n<p>Hiệu suất cao - chất lượng tốt lu&ocirc;n l&agrave; ti&ecirc;u ch&iacute; h&agrave;ng đầu khi kh&aacute;ch h&agrave;ng t&igrave;m kiếm c&aacute;c d&ograve;ng sản phẩm m&aacute;y m&oacute;c c&ocirc;ng nghiệp.</p>\r\n\r\n<p>Thấu hiểu được điều đ&oacute;, Hợp Lực Cảng tự h&agrave;o giới thiệu đến qu&yacute; kh&aacute;ch những d&ograve;ng sản phẩm h&agrave;ng đầu trong ng&agrave;nh, bao gồm m&aacute;y ph&aacute;t điện, m&aacute;y x&aacute;t gạo, m&aacute;y xới đất v&agrave; m&aacute;y tuốt l&uacute;a.</p>\r\n\r\n<p>Tất cả c&aacute;c sản phẩm v&agrave; dịch vụ m&agrave; ch&uacute;ng t&ocirc;i cung cấp đều được kiểm tra v&agrave; đảm bảo tu&acirc;n thủ c&aacute;c ti&ecirc;u chuẩn chất lượng cao nhất</p>\r\n\r\n<p>Li&ecirc;n hệ ngay để được tư vấn v&agrave; nhận th&ocirc;ng tin chi tiết về c&aacute;c sản phẩm c&ocirc;ng nghiệp h&agrave;ng đầu của ch&uacute;ng t&ocirc;i.</p>\r\n\r\n<p>Hợp lực cảng Việt - Đối t&aacute;c đ&aacute;ng tin cậy cho c&aacute;c giải ph&aacute;p c&ocirc;ng nghiệp vượt trội!</p>\r\n', '', '', 24000000, 0, 0, 'MÁY XÁT GẠO TL-358 CÓ SÀNG RUNG.png', 'MÁY XÁT GẠO TL-358 CÓ SÀNG RUNG.png', '[]', '2023-07-01 15:07:43', '2023-07-19 11:07:00', 0, 0, 0, 0, '', '', '', '', '', '', '', '', '', '', '', '', '', 1, 'Máy xát gạo TL-358 có sàng rung (chưa gồm động cơ)', '', 'may-xat-gao-tl-358-co-sang-rung-chua-gom-dong-co', '', 10, '103', '', '', NULL, NULL, '102,102', NULL, 0, ''),
(2163, 'Máy xát gạo TL - 380B có lọc sạn 5 cấp đời mới (chưa gồm động cơ)', NULL, '<p>C&ocirc;ng ty TNHH Hợp Lực Cảng Việt chuy&ecirc;n cung cấp c&aacute;c loại m&oacute;c c&ocirc;ng nghiệp như m&aacute;y ph&aacute;t điện, m&aacute;y x&aacute;t gạo, m&aacute;y xới đất, m&aacute;y tuốt l&uacute;a,... Đ&acirc;y l&agrave; c&aacute;c loại m&aacute;y được ch&uacute;ng t&ocirc;i nhập khẩu ch&iacute;nh h&atilde;ng nguy&ecirc;n chiếc, gi&uacute;p cho b&agrave; con n&ocirc;ng d&acirc;n v&agrave; c&aacute;c chủ doanh nghiệp c&oacute; thể tiết kiệm c&ocirc;ng sức lao độn, n&acirc;ng cao hiệu suất c&ocirc;ng việc sản xuất.</p>\r\n', '', '', '<p>C&Ocirc;NG SUẤT CAO - GI&Aacute; CỰC TỐT</p>\r\n\r\n<p>H&Agrave;NG CH&Iacute;NH H&Atilde;NG - NHẬP KHẨU NGUY&Ecirc;N CHIẾC</p>\r\n\r\n<p>Hiệu suất cao - chất lượng tốt lu&ocirc;n l&agrave; ti&ecirc;u ch&iacute; h&agrave;ng đầu khi kh&aacute;ch h&agrave;ng t&igrave;m kiếm c&aacute;c d&ograve;ng sản phẩm m&aacute;y m&oacute;c c&ocirc;ng nghiệp.</p>\r\n\r\n<p>Thấu hiểu được điều đ&oacute;, Hợp Lực Cảng tự h&agrave;o giới thiệu đến qu&yacute; kh&aacute;ch những d&ograve;ng sản phẩm h&agrave;ng đầu trong ng&agrave;nh, bao gồm m&aacute;y ph&aacute;t điện, m&aacute;y x&aacute;t gạo, m&aacute;y xới đất v&agrave; m&aacute;y tuốt l&uacute;a.</p>\r\n\r\n<p>Tất cả c&aacute;c sản phẩm v&agrave; dịch vụ m&agrave; ch&uacute;ng t&ocirc;i cung cấp đều được kiểm tra v&agrave; đảm bảo tu&acirc;n thủ c&aacute;c ti&ecirc;u chuẩn chất lượng cao nhất</p>\r\n\r\n<p>Li&ecirc;n hệ ngay để được tư vấn v&agrave; nhận th&ocirc;ng tin chi tiết về c&aacute;c sản phẩm c&ocirc;ng nghiệp h&agrave;ng đầu của ch&uacute;ng t&ocirc;i.</p>\r\n\r\n<p>Hợp lực cảng Việt - Đối t&aacute;c đ&aacute;ng tin cậy cho c&aacute;c giải ph&aacute;p c&ocirc;ng nghiệp vượt trội!</p>\r\n', '', '', 26000000, 0, 0, 'MÁY XÁT GẠO TL-380B INOX CÓ LỌC SẠN 5 CẤP ĐỜI MỚI.png', 'MÁY XÁT GẠO TL-380B INOX CÓ LỌC SẠN 5 CẤP ĐỜI MỚI.png', '[]', '2023-07-01 15:07:40', '2023-07-19 11:07:52', 0, 0, 0, 0, '', '', '', '', '', '', '', '', '', '', '', '', '', 1, 'Máy xát gạo TL - 380B có lọc sạn 5 cấp đời mới (chưa gồm động cơ)', '', 'may-xat-gao-tl-380b-co-loc-san-5-cap-doi-moi-chua-gom-dong-co', '', 10, '103', '', '', NULL, NULL, '102,102', NULL, 0, ''),
(2164, 'Máy xát gạo TL - 380B Inox đảo chiều (chưa gồm động cơ)', NULL, '<p>C&ocirc;ng ty TNHH Hợp Lực Cảng Việt chuy&ecirc;n cung cấp c&aacute;c loại m&oacute;c c&ocirc;ng nghiệp như m&aacute;y ph&aacute;t điện, m&aacute;y x&aacute;t gạo, m&aacute;y xới đất, m&aacute;y tuốt l&uacute;a,... Đ&acirc;y l&agrave; c&aacute;c loại m&aacute;y được ch&uacute;ng t&ocirc;i nhập khẩu ch&iacute;nh h&atilde;ng nguy&ecirc;n chiếc, gi&uacute;p cho b&agrave; con n&ocirc;ng d&acirc;n v&agrave; c&aacute;c chủ doanh nghiệp c&oacute; thể tiết kiệm c&ocirc;ng sức lao độn, n&acirc;ng cao hiệu suất c&ocirc;ng việc sản xuất.</p>\r\n', '', '', '<p>C&Ocirc;NG SUẤT CAO - GI&Aacute; CỰC TỐT</p>\r\n\r\n<p>H&Agrave;NG CH&Iacute;NH H&Atilde;NG - NHẬP KHẨU NGUY&Ecirc;N CHIẾC</p>\r\n\r\n<p>Hiệu suất cao - chất lượng tốt lu&ocirc;n l&agrave; ti&ecirc;u ch&iacute; h&agrave;ng đầu khi kh&aacute;ch h&agrave;ng t&igrave;m kiếm c&aacute;c d&ograve;ng sản phẩm m&aacute;y m&oacute;c c&ocirc;ng nghiệp.</p>\r\n\r\n<p>Thấu hiểu được điều đ&oacute;, Hợp Lực Cảng tự h&agrave;o giới thiệu đến qu&yacute; kh&aacute;ch những d&ograve;ng sản phẩm h&agrave;ng đầu trong ng&agrave;nh, bao gồm m&aacute;y ph&aacute;t điện, m&aacute;y x&aacute;t gạo, m&aacute;y xới đất v&agrave; m&aacute;y tuốt l&uacute;a.</p>\r\n\r\n<p>Tất cả c&aacute;c sản phẩm v&agrave; dịch vụ m&agrave; ch&uacute;ng t&ocirc;i cung cấp đều được kiểm tra v&agrave; đảm bảo tu&acirc;n thủ c&aacute;c ti&ecirc;u chuẩn chất lượng cao nhất</p>\r\n\r\n<p>Li&ecirc;n hệ ngay để được tư vấn v&agrave; nhận th&ocirc;ng tin chi tiết về c&aacute;c sản phẩm c&ocirc;ng nghiệp h&agrave;ng đầu của ch&uacute;ng t&ocirc;i.</p>\r\n\r\n<p>Hợp lực cảng Việt - Đối t&aacute;c đ&aacute;ng tin cậy cho c&aacute;c giải ph&aacute;p c&ocirc;ng nghiệp vượt trội!</p>\r\n', '', '', 7900000, 0, 0, 'MÁY XÁT GẠO TL-380B INOX.png', 'MÁY XÁT GẠO TL-380B INOX.png', '[]', '2023-07-01 15:07:34', '2023-07-19 11:07:48', 0, 0, 0, 0, '', '', '', '', '', '', '', '', '', '', '', '', '', 1, 'Máy xát gạo TL - 380B Inox đảo chiều (chưa gồm động cơ)', '', 'may-xat-gao-tl-380b-inox-dao-chieu-chua-gom-dong-co', '', 10, '103', '', '', NULL, NULL, '102,102', NULL, 0, ''),
(2165, 'Máy xát gạo TL - 380B đảo chiều (chưa gồm động cơ) ', NULL, '<p>C&ocirc;ng ty TNHH Hợp Lực Cảng Việt chuy&ecirc;n cung cấp c&aacute;c loại m&oacute;c c&ocirc;ng nghiệp như m&aacute;y ph&aacute;t điện, m&aacute;y x&aacute;t gạo, m&aacute;y xới đất, m&aacute;y tuốt l&uacute;a,... Đ&acirc;y l&agrave; c&aacute;c loại m&aacute;y được ch&uacute;ng t&ocirc;i nhập khẩu ch&iacute;nh h&atilde;ng nguy&ecirc;n chiếc, gi&uacute;p cho b&agrave; con n&ocirc;ng d&acirc;n v&agrave; c&aacute;c chủ doanh nghiệp c&oacute; thể tiết kiệm c&ocirc;ng sức lao độn, n&acirc;ng cao hiệu suất c&ocirc;ng việc sản xuất.</p>\r\n', '', '', '<p>C&Ocirc;NG SUẤT CAO - GI&Aacute; CỰC TỐT</p>\r\n\r\n<p>H&Agrave;NG CH&Iacute;NH H&Atilde;NG - NHẬP KHẨU NGUY&Ecirc;N CHIẾC</p>\r\n\r\n<p>Hiệu suất cao - chất lượng tốt lu&ocirc;n l&agrave; ti&ecirc;u ch&iacute; h&agrave;ng đầu khi kh&aacute;ch h&agrave;ng t&igrave;m kiếm c&aacute;c d&ograve;ng sản phẩm m&aacute;y m&oacute;c c&ocirc;ng nghiệp.</p>\r\n\r\n<p>Thấu hiểu được điều đ&oacute;, Hợp Lực Cảng tự h&agrave;o giới thiệu đến qu&yacute; kh&aacute;ch những d&ograve;ng sản phẩm h&agrave;ng đầu trong ng&agrave;nh, bao gồm m&aacute;y ph&aacute;t điện, m&aacute;y x&aacute;t gạo, m&aacute;y xới đất v&agrave; m&aacute;y tuốt l&uacute;a.</p>\r\n\r\n<p>Tất cả c&aacute;c sản phẩm v&agrave; dịch vụ m&agrave; ch&uacute;ng t&ocirc;i cung cấp đều được kiểm tra v&agrave; đảm bảo tu&acirc;n thủ c&aacute;c ti&ecirc;u chuẩn chất lượng cao nhất</p>\r\n\r\n<p>Li&ecirc;n hệ ngay để được tư vấn v&agrave; nhận th&ocirc;ng tin chi tiết về c&aacute;c sản phẩm c&ocirc;ng nghiệp h&agrave;ng đầu của ch&uacute;ng t&ocirc;i.</p>\r\n\r\n<p>Hợp lực cảng Việt - Đối t&aacute;c đ&aacute;ng tin cậy cho c&aacute;c giải ph&aacute;p c&ocirc;ng nghiệp vượt trội!</p>\r\n', '', '', 8900000, 0, 0, 'MÁY XÁT GẠO TL-380B.png', 'MÁY XÁT GẠO TL-380B.png', '[]', '2023-07-01 15:07:22', '2023-07-19 11:07:46', 0, 0, 0, 0, '', '', '', '', '', '', '', '', '', '', '', '', '', 1, 'Máy xát gạo TL - 380B đảo chiều (chưa gồm động cơ) ', '', 'may-xat-gao-tl-380b-dao-chieu-chua-gom-dong-co', '', 10, '103', '', '', NULL, NULL, '102,102', NULL, 0, ''),
(2166, 'Máy xát gạo TL - 982', NULL, '<p>C&ocirc;ng ty TNHH Hợp Lực Cảng Việt chuy&ecirc;n cung cấp c&aacute;c loại m&oacute;c c&ocirc;ng nghiệp như m&aacute;y ph&aacute;t điện, m&aacute;y x&aacute;t gạo, m&aacute;y xới đất, m&aacute;y tuốt l&uacute;a,... Đ&acirc;y l&agrave; c&aacute;c loại m&aacute;y được ch&uacute;ng t&ocirc;i nhập khẩu ch&iacute;nh h&atilde;ng nguy&ecirc;n chiếc, gi&uacute;p cho b&agrave; con n&ocirc;ng d&acirc;n v&agrave; c&aacute;c chủ doanh nghiệp c&oacute; thể tiết kiệm c&ocirc;ng sức lao độn, n&acirc;ng cao hiệu suất c&ocirc;ng việc sản xuất.</p>\r\n', '', '', '<p>C&Ocirc;NG SUẤT CAO - GI&Aacute; CỰC TỐT</p>\r\n\r\n<p>H&Agrave;NG CH&Iacute;NH H&Atilde;NG - NHẬP KHẨU NGUY&Ecirc;N CHIẾC</p>\r\n\r\n<p>Hiệu suất cao - chất lượng tốt lu&ocirc;n l&agrave; ti&ecirc;u ch&iacute; h&agrave;ng đầu khi kh&aacute;ch h&agrave;ng t&igrave;m kiếm c&aacute;c d&ograve;ng sản phẩm m&aacute;y m&oacute;c c&ocirc;ng nghiệp.</p>\r\n\r\n<p>Thấu hiểu được điều đ&oacute;, Hợp Lực Cảng tự h&agrave;o giới thiệu đến qu&yacute; kh&aacute;ch những d&ograve;ng sản phẩm h&agrave;ng đầu trong ng&agrave;nh, bao gồm m&aacute;y ph&aacute;t điện, m&aacute;y x&aacute;t gạo, m&aacute;y xới đất v&agrave; m&aacute;y tuốt l&uacute;a.</p>\r\n\r\n<p>Tất cả c&aacute;c sản phẩm v&agrave; dịch vụ m&agrave; ch&uacute;ng t&ocirc;i cung cấp đều được kiểm tra v&agrave; đảm bảo tu&acirc;n thủ c&aacute;c ti&ecirc;u chuẩn chất lượng cao nhất</p>\r\n\r\n<p>Li&ecirc;n hệ ngay để được tư vấn v&agrave; nhận th&ocirc;ng tin chi tiết về c&aacute;c sản phẩm c&ocirc;ng nghiệp h&agrave;ng đầu của ch&uacute;ng t&ocirc;i.</p>\r\n\r\n<p>Hợp lực cảng Việt - Đối t&aacute;c đ&aacute;ng tin cậy cho c&aacute;c giải ph&aacute;p c&ocirc;ng nghiệp vượt trội!</p>\r\n', '', '', 4050000, 0, 0, 'MÁY XÁT GẠO TL-982.png', 'MÁY XÁT GẠO TL-982.png', '[]', '2023-07-01 15:07:19', '2023-07-19 11:07:36', 0, 0, 0, 0, '', '', '', '', '', '', '', '', '', '', '', '', '', 1, 'Máy xát gạo TL - 982', '', 'may-xat-gao-tl-982', '', 10, '103', '', '', NULL, NULL, '102,102', NULL, 0, ''),
(2167, 'Máy xát gạo TL - 56 (chưa gồm động cơ)', NULL, '<p>C&ocirc;ng ty TNHH Hợp Lực Cảng Việt chuy&ecirc;n cung cấp c&aacute;c loại m&oacute;c c&ocirc;ng nghiệp như m&aacute;y ph&aacute;t điện, m&aacute;y x&aacute;t gạo, m&aacute;y xới đất, m&aacute;y tuốt l&uacute;a,... Đ&acirc;y l&agrave; c&aacute;c loại m&aacute;y được ch&uacute;ng t&ocirc;i nhập khẩu ch&iacute;nh h&atilde;ng nguy&ecirc;n chiếc, gi&uacute;p cho b&agrave; con n&ocirc;ng d&acirc;n v&agrave; c&aacute;c chủ doanh nghiệp c&oacute; thể tiết kiệm c&ocirc;ng sức lao độn, n&acirc;ng cao hiệu suất c&ocirc;ng việc sản xuất.</p>\r\n', '', '', '<p>C&Ocirc;NG SUẤT CAO - GI&Aacute; CỰC TỐT</p>\r\n\r\n<p>H&Agrave;NG CH&Iacute;NH H&Atilde;NG - NHẬP KHẨU NGUY&Ecirc;N CHIẾC</p>\r\n\r\n<p>Hiệu suất cao - chất lượng tốt lu&ocirc;n l&agrave; ti&ecirc;u ch&iacute; h&agrave;ng đầu khi kh&aacute;ch h&agrave;ng t&igrave;m kiếm c&aacute;c d&ograve;ng sản phẩm m&aacute;y m&oacute;c c&ocirc;ng nghiệp.</p>\r\n\r\n<p>Thấu hiểu được điều đ&oacute;, Hợp Lực Cảng tự h&agrave;o giới thiệu đến qu&yacute; kh&aacute;ch những d&ograve;ng sản phẩm h&agrave;ng đầu trong ng&agrave;nh, bao gồm m&aacute;y ph&aacute;t điện, m&aacute;y x&aacute;t gạo, m&aacute;y xới đất v&agrave; m&aacute;y tuốt l&uacute;a.</p>\r\n\r\n<p>Tất cả c&aacute;c sản phẩm v&agrave; dịch vụ m&agrave; ch&uacute;ng t&ocirc;i cung cấp đều được kiểm tra v&agrave; đảm bảo tu&acirc;n thủ c&aacute;c ti&ecirc;u chuẩn chất lượng cao nhất</p>\r\n\r\n<p>Li&ecirc;n hệ ngay để được tư vấn v&agrave; nhận th&ocirc;ng tin chi tiết về c&aacute;c sản phẩm c&ocirc;ng nghiệp h&agrave;ng đầu của ch&uacute;ng t&ocirc;i.</p>\r\n\r\n<p>Hợp lực cảng Việt - Đối t&aacute;c đ&aacute;ng tin cậy cho c&aacute;c giải ph&aacute;p c&ocirc;ng nghiệp vượt trội!</p>\r\n', '', '', 9300000, 0, 0, 'MÁY XÁT GẠO TL-56.png', 'MÁY XÁT GẠO TL-56.png', '[]', '2023-07-01 15:07:24', '2023-07-19 11:07:15', 0, 0, 0, 0, '', '', '', '', '', '', '', '', '', '', '', '', '', 1, 'Máy xát gạo TL - 56 (chưa gồm động cơ)', '', 'may-xat-gao-tl-56-chua-gom-dong-co', '', 10, '103', '', '', NULL, NULL, '102,102', NULL, 0, ''),
(2168, 'Máy xới đất HV170-CR MINI TILLER ', NULL, '<p>C&ocirc;ng ty TNHH Hợp Lực Cảng Việt chuy&ecirc;n cung cấp c&aacute;c loại m&oacute;c c&ocirc;ng nghiệp như m&aacute;y ph&aacute;t điện, m&aacute;y x&aacute;t gạo, m&aacute;y xới đất, m&aacute;y tuốt l&uacute;a,... Đ&acirc;y l&agrave; c&aacute;c loại m&aacute;y được ch&uacute;ng t&ocirc;i nhập khẩu ch&iacute;nh h&atilde;ng nguy&ecirc;n chiếc, gi&uacute;p cho b&agrave; con n&ocirc;ng d&acirc;n v&agrave; c&aacute;c chủ doanh nghiệp c&oacute; thể tiết kiệm c&ocirc;ng sức lao độn, n&acirc;ng cao hiệu suất c&ocirc;ng việc sản xuất.</p>\r\n', '', '', '<p><strong>TH&Ocirc;NG SỐ KỸ THUẬT:</strong></p>\r\n\r\n<p>1. Engine Power: 3.5KW gasoline engine</p>\r\n\r\n<p>2. Tilling depth: &ge; 100 mm</p>\r\n\r\n<p>3. Tilling width: 800 mm</p>\r\n\r\n<p>4. Productivity: 0.04- 0.07hm/h.m</p>\r\n\r\n<p>5. Fuel Consumption: &le; 25 kg/hm</p>\r\n\r\n<p>6. Package: wooden crates (840*460*600)</p>\r\n\r\n<p>7. Weight: 87kg</p>\r\n\r\n<p>&nbsp;</p>\r\n\r\n<p>&nbsp;</p>\r\n', '', '', 9900000, 0, 0, 'z4450433076179_31fdd277306295b6036551a37ea08494.jpg', 'z4450433076179_31fdd277306295b6036551a37ea08494.jpg', '[\"{\\\"image\\\":\\\"d\\\\u00e0n x\\\\u1edbi.jpg\\\"}\"]', '2023-07-01 15:07:20', '2023-07-19 10:07:00', 0, 1, 0, 0, '', '', '', '', '', '', '', '', '', '', '', '', '', 1, 'Máy xới đất HV170-CR MINI TILLER ', '', 'may-xoi-dat-hv170-cr-mini-tiller', '', 10, '103', '', '', NULL, NULL, '103,103', NULL, 0, ''),
(2169, 'Máy xới đất HV170-DD MINI TILLER', NULL, '<p>C&ocirc;ng ty TNHH Hợp Lực Cảng Việt chuy&ecirc;n cung cấp c&aacute;c loại m&oacute;c c&ocirc;ng nghiệp như m&aacute;y ph&aacute;t điện, m&aacute;y x&aacute;t gạo, m&aacute;y xới đất, m&aacute;y tuốt l&uacute;a,... Đ&acirc;y l&agrave; c&aacute;c loại m&aacute;y được ch&uacute;ng t&ocirc;i nhập khẩu ch&iacute;nh h&atilde;ng nguy&ecirc;n chiếc, gi&uacute;p cho b&agrave; con n&ocirc;ng d&acirc;n v&agrave; c&aacute;c chủ doanh nghiệp c&oacute; thể tiết kiệm c&ocirc;ng sức lao độn, n&acirc;ng cao hiệu suất c&ocirc;ng việc sản xuất.</p>\r\n', '', '', '<p><strong>TH&Ocirc;NG SỐ KỸ THUẬT:</strong></p>\r\n\r\n<p>1. Engine Power: 3.5KW gasoline engine</p>\r\n\r\n<p>2. Tilling depth: &ge; 100 mm</p>\r\n\r\n<p>3. Tilling width: 800 mm</p>\r\n\r\n<p>4. Productivity: 0.04- 0.07hm/h.m</p>\r\n\r\n<p>5. Fuel Consumption: &le; 25 kg/hm</p>\r\n\r\n<p>6. Package: wooden crates (840*460*600)</p>\r\n\r\n<p>7. Weight: 86kg</p>\r\n', '', '', 9900000, 0, 0, '170-DD.jpg', '170-DD.jpg', '[\"{\\\"image\\\":\\\"d\\\\u00e0n x\\\\u1edbi.jpg\\\"}\"]', '2023-07-01 15:07:06', '2023-07-19 09:07:07', 0, 0, 0, 0, '', '', '', '', '', '', '', '', '', '', '', '', '', 1, 'Máy xới đất HV170-DD MINI TILLER', '', 'may-xoi-dat-hv170-dd-mini-tiller', '', 10, '103', '', '', NULL, NULL, '103,103', NULL, 0, ''),
(2170, 'Máy xới đất HV173D  MINI TILLER', NULL, '<p>C&ocirc;ng ty TNHH Hợp Lực Cảng Việt chuy&ecirc;n cung cấp c&aacute;c loại m&oacute;c c&ocirc;ng nghiệp như m&aacute;y ph&aacute;t điện, m&aacute;y x&aacute;t gạo, m&aacute;y xới đất, m&aacute;y tuốt l&uacute;a,... Đ&acirc;y l&agrave; c&aacute;c loại m&aacute;y được ch&uacute;ng t&ocirc;i nhập khẩu ch&iacute;nh h&atilde;ng nguy&ecirc;n chiếc, gi&uacute;p cho b&agrave; con n&ocirc;ng d&acirc;n v&agrave; c&aacute;c chủ doanh nghiệp c&oacute; thể tiết kiệm c&ocirc;ng sức lao độn, n&acirc;ng cao hiệu suất c&ocirc;ng việc sản xuất.</p>\r\n', '', '', '<p><strong>TH&Ocirc;NG SỐ KỸ THUẬT</strong></p>\r\n\r\n<p>1. Engine Power: 3.5KW diesel engine</p>\r\n\r\n<p>2. Tilling depth: &ge; 100 mm</p>\r\n\r\n<p>3. Tilling width: 1000 mm</p>\r\n\r\n<p>4. Productivity: 0.04- 0.07hm/h.m</p>\r\n\r\n<p>5. Fuel Consumption: &le; 25 kg/hm</p>\r\n\r\n<p>6. Package: wooden crates (840*460*600)</p>\r\n\r\n<p>7. Weight: 97 kg</p>\r\n', '', '', 9900000, 0, 0, 'HV 173-DD.jpg', 'HV 173-DD.jpg', '[\"{\\\"image\\\":\\\"d\\\\u00e0n x\\\\u1edbi.jpg\\\"}\"]', '2023-07-01 15:07:45', '2023-07-19 09:07:30', 0, 0, 0, 0, '', '', '', '', '', '', '', '', '', '', '', '', '', 1, 'Máy xới đất HV173D  MINI TILLER', '', 'may-xoi-dat-hv173d-mini-tiller', '', 10, '103', '', '', NULL, NULL, '103,103', NULL, 0, ''),
(2171, 'Máy xới đất HV178D  MINI TILLER', NULL, '<p>C&ocirc;ng ty TNHH Hợp Lực Cảng Việt chuy&ecirc;n cung cấp c&aacute;c loại m&oacute;c c&ocirc;ng nghiệp như m&aacute;y ph&aacute;t điện, m&aacute;y x&aacute;t gạo, m&aacute;y xới đất, m&aacute;y tuốt l&uacute;a,... Đ&acirc;y l&agrave; c&aacute;c loại m&aacute;y được ch&uacute;ng t&ocirc;i nhập khẩu ch&iacute;nh h&atilde;ng nguy&ecirc;n chiếc, gi&uacute;p cho b&agrave; con n&ocirc;ng d&acirc;n v&agrave; c&aacute;c chủ doanh nghiệp c&oacute; thể tiết kiệm c&ocirc;ng sức lao độn, n&acirc;ng cao hiệu suất c&ocirc;ng việc sản xuất.</p>\r\n', '', '', '<p><strong>TH&Ocirc;NG SỐ KỸ THUẬT</strong></p>\r\n\r\n<p>1. Engine Power: 4.0KW diesel engine</p>\r\n\r\n<p>2. Tilling depth: &ge; 100 mm</p>\r\n\r\n<p>3. Tilling width: 1050 mm</p>\r\n\r\n<p>4. Productivity: 0.04- 0.07hm/h.m</p>\r\n\r\n<p>5. Fuel Consumption: &le; 25 kg/hm</p>\r\n\r\n<p>6. Package: wooden crates (840*460*600)</p>\r\n\r\n<p>7. Weight: 116kg</p>\r\n', '', '', 9900000, 0, 0, 'HV 178-DD.jpg', 'HV 178-DD.jpg', '[\"{\\\"image\\\":\\\"d\\\\u00e0n x\\\\u1edbi.jpg\\\"}\"]', '2023-07-01 15:07:25', '2023-07-19 09:07:47', 0, 0, 0, 0, '', '', '', '', '', '', '', '', '', '', '', '', '', 1, 'Máy xới đất HV178D  MINI TILLER', '', 'may-xoi-dat-hv178d-mini-tiller', '', 10, '103', '', '', NULL, NULL, '103,103', NULL, 0, ''),
(2172, 'Máy xới đất HV186D  MINI TILLER', NULL, '<p>C&ocirc;ng ty TNHH Hợp Lực Cảng Việt chuy&ecirc;n cung cấp c&aacute;c loại m&oacute;c c&ocirc;ng nghiệp như m&aacute;y ph&aacute;t điện, m&aacute;y x&aacute;t gạo, m&aacute;y xới đất, m&aacute;y tuốt l&uacute;a,... Đ&acirc;y l&agrave; c&aacute;c loại m&aacute;y được ch&uacute;ng t&ocirc;i nhập khẩu ch&iacute;nh h&atilde;ng nguy&ecirc;n chiếc, gi&uacute;p cho b&agrave; con n&ocirc;ng d&acirc;n v&agrave; c&aacute;c chủ doanh nghiệp c&oacute; thể tiết kiệm c&ocirc;ng sức lao độn, n&acirc;ng cao hiệu suất c&ocirc;ng việc sản xuất.</p>\r\n', '', '', '<p><strong>TH&Ocirc;NG SỐ KỸ THUẬT</strong></p>\r\n\r\n<p>1. Engine Power: 5.5KW diesel engine</p>\r\n\r\n<p>2. Tilling depth:&nbsp;&ge; 100 mm</p>\r\n\r\n<p>3. Tilling width: 1050 mm</p>\r\n\r\n<p>4. Productivity: 0.04- 0.07hm/h.m</p>\r\n\r\n<p>5. Fuel Consumption: &le; 25 kg/hm</p>\r\n\r\n<p>6. Package: wooden crates (980*570*780)</p>\r\n\r\n<p>7. Weight: 129kg</p>\r\n\r\n<p>&nbsp;</p>\r\n\r\n<p>&nbsp;</p>\r\n', '', '', 9900000, 0, 0, 'HV 186-DD.jpg', 'HV 186-DD.jpg', '[\"{\\\"image\\\":\\\"d\\\\u00e0n x\\\\u1edbi.jpg\\\"}\"]', '2023-07-01 15:07:09', '2023-07-19 10:07:08', 0, 0, 0, 0, '', '', '', '', '', '', '', '', '', '', '', '', '', 1, 'Máy xới đất HV186D  MINI TILLER', '', 'may-xoi-dat-hv186d-mini-tiller', '', 10, '103', '', '', NULL, NULL, '103,103', NULL, 0, ''),
(2173, 'Máy xới đất HV188D  MINI TILLER', NULL, '<p>C&ocirc;ng ty TNHH Hợp Lực Cảng Việt chuy&ecirc;n cung cấp c&aacute;c loại m&oacute;c c&ocirc;ng nghiệp như m&aacute;y ph&aacute;t điện, m&aacute;y x&aacute;t gạo, m&aacute;y xới đất, m&aacute;y tuốt l&uacute;a,... Đ&acirc;y l&agrave; c&aacute;c loại m&aacute;y được ch&uacute;ng t&ocirc;i nhập khẩu ch&iacute;nh h&atilde;ng nguy&ecirc;n chiếc, gi&uacute;p cho b&agrave; con n&ocirc;ng d&acirc;n v&agrave; c&aacute;c chủ doanh nghiệp c&oacute; thể tiết kiệm c&ocirc;ng sức lao độn, n&acirc;ng cao hiệu suất c&ocirc;ng việc sản xuất.</p>\r\n', '', '', '<p><strong>TH&Ocirc;NG SỐ KỸ THUẬT</strong></p>\r\n\r\n<p>1. Engine Power: 5.5KW diesel engine</p>\r\n\r\n<p>2. Tilling depth: &ge; 100 mm</p>\r\n\r\n<p>3. Tilling width: 1000 mm</p>\r\n\r\n<p>4. Productivity: 0.04- 0.07hm/h.m</p>\r\n\r\n<p>5. Fuel Consumption: &le; 25 kg/hm</p>\r\n\r\n<p>6. Package: wooden crates (980*570*780)</p>\r\n\r\n<p>7. Weight: 132kg</p>\r\n', '', '', 9900000, 0, 0, 'z4450442434023_1a2abd828e65c97ac4fada34dc0f160b.jpg', 'z4450442434023_1a2abd828e65c97ac4fada34dc0f160b.jpg', '[\"{\\\"image\\\":\\\"d\\\\u00e0n x\\\\u1edbi.jpg\\\"}\"]', '2023-07-01 15:07:56', '2023-07-19 10:07:28', 0, 0, 0, 0, '', '', '', '', '', '', '', '', '', '', '', '', '', 1, 'Máy xới đất HV188D  MINI TILLER', '', 'may-xoi-dat-hv188d-mini-tiller', '', 10, '103', '', '', NULL, NULL, '103,103', NULL, 0, ''),
(2174, 'Máy xới đất đeo vai Honda GX65 (demo)', NULL, '<p>C&ocirc;ng ty TNHH Hợp Lực Cảng Việt chuy&ecirc;n cung cấp c&aacute;c loại m&oacute;c c&ocirc;ng nghiệp như m&aacute;y ph&aacute;t điện, m&aacute;y x&aacute;t gạo, m&aacute;y xới đất, m&aacute;y tuốt l&uacute;a,... Đ&acirc;y l&agrave; c&aacute;c loại m&aacute;y được ch&uacute;ng t&ocirc;i nhập khẩu ch&iacute;nh h&atilde;ng nguy&ecirc;n chiếc, gi&uacute;p cho b&agrave; con n&ocirc;ng d&acirc;n v&agrave; c&aacute;c chủ doanh nghiệp c&oacute; thể tiết kiệm c&ocirc;ng sức lao độn, n&acirc;ng cao hiệu suất c&ocirc;ng việc sản xuất.</p>\r\n', '', '', '<p>C&Ocirc;NG SUẤT CAO - GI&Aacute; CỰC TỐT</p>\r\n\r\n<p>H&Agrave;NG CH&Iacute;NH H&Atilde;NG - NHẬP KHẨU NGUY&Ecirc;N CHIẾC</p>\r\n\r\n<p>Hiệu suất cao - chất lượng tốt lu&ocirc;n l&agrave; ti&ecirc;u ch&iacute; h&agrave;ng đầu khi kh&aacute;ch h&agrave;ng t&igrave;m kiếm c&aacute;c d&ograve;ng sản phẩm m&aacute;y m&oacute;c c&ocirc;ng nghiệp.</p>\r\n\r\n<p>Thấu hiểu được điều đ&oacute;, Hợp Lực Cảng tự h&agrave;o giới thiệu đến qu&yacute; kh&aacute;ch những d&ograve;ng sản phẩm h&agrave;ng đầu trong ng&agrave;nh, bao gồm m&aacute;y ph&aacute;t điện, m&aacute;y x&aacute;t gạo, m&aacute;y xới đất v&agrave; m&aacute;y tuốt l&uacute;a.</p>\r\n\r\n<p>Tất cả c&aacute;c sản phẩm v&agrave; dịch vụ m&agrave; ch&uacute;ng t&ocirc;i cung cấp đều được kiểm tra v&agrave; đảm bảo tu&acirc;n thủ c&aacute;c ti&ecirc;u chuẩn chất lượng cao nhất</p>\r\n\r\n<p>Li&ecirc;n hệ ngay để được tư vấn v&agrave; nhận th&ocirc;ng tin chi tiết về c&aacute;c sản phẩm c&ocirc;ng nghiệp h&agrave;ng đầu của ch&uacute;ng t&ocirc;i.</p>\r\n\r\n<p>Hợp lực cảng Việt - Đối t&aacute;c đ&aacute;ng tin cậy cho c&aacute;c giải ph&aacute;p c&ocirc;ng nghiệp vượt trội!</p>\r\n', '', '', 2900000, 0, 0, 'Máy xới đất đeo vai Honda GX65.jpg', '', '[]', '2023-07-01 15:07:42', '2023-07-19 10:07:01', 0, 0, 0, 0, '', '', '', '', '', '', '', '', '', '', '', '', '', 1, 'Máy xới đất đeo vai Honda GX65 (demo)', '', 'may-xoi-dat-deo-vai-honda-gx65-demo', '', 10, '103', '', '', NULL, NULL, '103,103', NULL, 0, ''),
(2175, 'Máy xới đất Huspanda HXD1000 (demo)', NULL, '<p>C&ocirc;ng ty TNHH Hợp Lực Cảng Việt chuy&ecirc;n cung cấp c&aacute;c loại m&oacute;c c&ocirc;ng nghiệp như m&aacute;y ph&aacute;t điện, m&aacute;y x&aacute;t gạo, m&aacute;y xới đất, m&aacute;y tuốt l&uacute;a,... Đ&acirc;y l&agrave; c&aacute;c loại m&aacute;y được ch&uacute;ng t&ocirc;i nhập khẩu ch&iacute;nh h&atilde;ng nguy&ecirc;n chiếc, gi&uacute;p cho b&agrave; con n&ocirc;ng d&acirc;n v&agrave; c&aacute;c chủ doanh nghiệp c&oacute; thể tiết kiệm c&ocirc;ng sức lao độn, n&acirc;ng cao hiệu suất c&ocirc;ng việc sản xuất.</p>\r\n', '', '', '<p>C&Ocirc;NG SUẤT CAO - GI&Aacute; CỰC TỐT</p>\r\n\r\n<p>H&Agrave;NG CH&Iacute;NH H&Atilde;NG - NHẬP KHẨU NGUY&Ecirc;N CHIẾC</p>\r\n\r\n<p>Hiệu suất cao - chất lượng tốt lu&ocirc;n l&agrave; ti&ecirc;u ch&iacute; h&agrave;ng đầu khi kh&aacute;ch h&agrave;ng t&igrave;m kiếm c&aacute;c d&ograve;ng sản phẩm m&aacute;y m&oacute;c c&ocirc;ng nghiệp.</p>\r\n\r\n<p>Thấu hiểu được điều đ&oacute;, Hợp Lực Cảng tự h&agrave;o giới thiệu đến qu&yacute; kh&aacute;ch những d&ograve;ng sản phẩm h&agrave;ng đầu trong ng&agrave;nh, bao gồm m&aacute;y ph&aacute;t điện, m&aacute;y x&aacute;t gạo, m&aacute;y xới đất v&agrave; m&aacute;y tuốt l&uacute;a.</p>\r\n\r\n<p>Tất cả c&aacute;c sản phẩm v&agrave; dịch vụ m&agrave; ch&uacute;ng t&ocirc;i cung cấp đều được kiểm tra v&agrave; đảm bảo tu&acirc;n thủ c&aacute;c ti&ecirc;u chuẩn chất lượng cao nhất</p>\r\n\r\n<p>Li&ecirc;n hệ ngay để được tư vấn v&agrave; nhận th&ocirc;ng tin chi tiết về c&aacute;c sản phẩm c&ocirc;ng nghiệp h&agrave;ng đầu của ch&uacute;ng t&ocirc;i.</p>\r\n\r\n<p>Hợp lực cảng Việt - Đối t&aacute;c đ&aacute;ng tin cậy cho c&aacute;c giải ph&aacute;p c&ocirc;ng nghiệp vượt trội!</p>\r\n', '', '', 15680000, 0, 0, 'Máy xới đất Huspanda HXD1000.jpg', '', '[]', '2023-07-01 15:07:25', '2023-07-19 10:07:23', 0, 1, 0, 0, '', '', '', '', '', '', '', '', '', '', '', '', '', 1, 'Máy xới đất Huspanda HXD1000 (demo)', '', 'may-xoi-dat-huspanda-hxd1000-demo', '', 10, '103', '', '', NULL, NULL, '103,103', NULL, 0, ''),
(2179, 'Máy tuốt lúa Fujikawa TC1400 (demo)', NULL, '<p>C&ocirc;ng ty TNHH Hợp Lực Cảng Việt chuy&ecirc;n cung cấp c&aacute;c loại m&oacute;c c&ocirc;ng nghiệp như m&aacute;y ph&aacute;t điện, m&aacute;y x&aacute;t gạo, m&aacute;y xới đất, m&aacute;y tuốt l&uacute;a,... Đ&acirc;y l&agrave; c&aacute;c loại m&aacute;y được ch&uacute;ng t&ocirc;i nhập khẩu ch&iacute;nh h&atilde;ng nguy&ecirc;n chiếc, gi&uacute;p cho b&agrave; con n&ocirc;ng d&acirc;n v&agrave; c&aacute;c chủ doanh nghiệp c&oacute; thể tiết kiệm c&ocirc;ng sức lao độn, n&acirc;ng cao hiệu suất c&ocirc;ng việc sản xuất.</p>\r\n', '', '', '<p>C&Ocirc;NG SUẤT CAO - GI&Aacute; CỰC TỐT</p>\r\n\r\n<p>H&Agrave;NG CH&Iacute;NH H&Atilde;NG - NHẬP KHẨU NGUY&Ecirc;N CHIẾC</p>\r\n\r\n<p>Hiệu suất cao - chất lượng tốt lu&ocirc;n l&agrave; ti&ecirc;u ch&iacute; h&agrave;ng đầu khi kh&aacute;ch h&agrave;ng t&igrave;m kiếm c&aacute;c d&ograve;ng sản phẩm m&aacute;y m&oacute;c c&ocirc;ng nghiệp.</p>\r\n\r\n<p>Thấu hiểu được điều đ&oacute;, Hợp Lực Cảng tự h&agrave;o giới thiệu đến qu&yacute; kh&aacute;ch những d&ograve;ng sản phẩm h&agrave;ng đầu trong ng&agrave;nh, bao gồm m&aacute;y ph&aacute;t điện, m&aacute;y x&aacute;t gạo, m&aacute;y xới đất v&agrave; m&aacute;y tuốt l&uacute;a.</p>\r\n\r\n<p>Tất cả c&aacute;c sản phẩm v&agrave; dịch vụ m&agrave; ch&uacute;ng t&ocirc;i cung cấp đều được kiểm tra v&agrave; đảm bảo tu&acirc;n thủ c&aacute;c ti&ecirc;u chuẩn chất lượng cao nhất</p>\r\n\r\n<p>Li&ecirc;n hệ ngay để được tư vấn v&agrave; nhận th&ocirc;ng tin chi tiết về c&aacute;c sản phẩm c&ocirc;ng nghiệp h&agrave;ng đầu của ch&uacute;ng t&ocirc;i.</p>\r\n\r\n<p>Hợp lực cảng Việt - Đối t&aacute;c đ&aacute;ng tin cậy cho c&aacute;c giải ph&aacute;p c&ocirc;ng nghiệp vượt trội!</p>\r\n', '', '', 12000000, 0, 0, 'Máy tuốt lúa Fujikawa TC1400.png', '', '[]', '2023-07-01 15:07:44', '2023-07-19 16:07:57', 0, 0, 0, 0, '', '', '', '', '', '', '', '', '', '', '', '', '', 1, 'Máy tuốt lúa Fujikawa TC1400 (demo)', '', 'may-tuot-lua-fujikawa-tc1400-demo', '', 10, '103', '', '', NULL, NULL, '104,104', NULL, 0, ''),
(2180, 'Máy tuốt lúa nương TK53 (demo)', NULL, '<p>C&ocirc;ng ty TNHH Hợp Lực Cảng Việt chuy&ecirc;n cung cấp c&aacute;c loại m&oacute;c c&ocirc;ng nghiệp như m&aacute;y ph&aacute;t điện, m&aacute;y x&aacute;t gạo, m&aacute;y xới đất, m&aacute;y tuốt l&uacute;a,... Đ&acirc;y l&agrave; c&aacute;c loại m&aacute;y được ch&uacute;ng t&ocirc;i nhập khẩu ch&iacute;nh h&atilde;ng nguy&ecirc;n chiếc, gi&uacute;p cho b&agrave; con n&ocirc;ng d&acirc;n v&agrave; c&aacute;c chủ doanh nghiệp c&oacute; thể tiết kiệm c&ocirc;ng sức lao độn, n&acirc;ng cao hiệu suất c&ocirc;ng việc sản xuất.</p>\r\n', '', '', '<p>C&Ocirc;NG SUẤT CAO - GI&Aacute; CỰC TỐT</p>\r\n\r\n<p>H&Agrave;NG CH&Iacute;NH H&Atilde;NG - NHẬP KHẨU NGUY&Ecirc;N CHIẾC</p>\r\n\r\n<p>Hiệu suất cao - chất lượng tốt lu&ocirc;n l&agrave; ti&ecirc;u ch&iacute; h&agrave;ng đầu khi kh&aacute;ch h&agrave;ng t&igrave;m kiếm c&aacute;c d&ograve;ng sản phẩm m&aacute;y m&oacute;c c&ocirc;ng nghiệp.</p>\r\n\r\n<p>Thấu hiểu được điều đ&oacute;, Hợp Lực Cảng tự h&agrave;o giới thiệu đến qu&yacute; kh&aacute;ch những d&ograve;ng sản phẩm h&agrave;ng đầu trong ng&agrave;nh, bao gồm m&aacute;y ph&aacute;t điện, m&aacute;y x&aacute;t gạo, m&aacute;y xới đất v&agrave; m&aacute;y tuốt l&uacute;a.</p>\r\n\r\n<p>Tất cả c&aacute;c sản phẩm v&agrave; dịch vụ m&agrave; ch&uacute;ng t&ocirc;i cung cấp đều được kiểm tra v&agrave; đảm bảo tu&acirc;n thủ c&aacute;c ti&ecirc;u chuẩn chất lượng cao nhất</p>\r\n\r\n<p>Li&ecirc;n hệ ngay để được tư vấn v&agrave; nhận th&ocirc;ng tin chi tiết về c&aacute;c sản phẩm c&ocirc;ng nghiệp h&agrave;ng đầu của ch&uacute;ng t&ocirc;i.</p>\r\n\r\n<p>Hợp lực cảng Việt - Đối t&aacute;c đ&aacute;ng tin cậy cho c&aacute;c giải ph&aacute;p c&ocirc;ng nghiệp vượt trội!</p>\r\n', '', '', 4500000, 0, 0, 'Máy tuốt lúa nương TK53.jpg', '', '[]', '2023-07-01 15:07:29', '2023-07-19 16:07:08', 0, 0, 1, 0, '', '', '', '', '', '', '', '', '', '', '', '', '', 1, 'Máy tuốt lúa nương TK53 (demo)', '', 'may-tuot-lua-nuong-tk53-demo', '', 10, '103', '', '', NULL, NULL, '104,104', NULL, 0, '');
INSERT INTO `product` (`product_id`, `product_name`, `alias`, `product_des`, `product_des2`, `product_des3`, `product_content`, `product_content2`, `product_content3`, `product_price`, `product_price_sale`, `product_discount`, `product_img`, `product_img_2`, `product_sub_img`, `product_created_date`, `product_update_date`, `productcat_id`, `product_hot`, `product_new`, `product_sale`, `product_code`, `product_original`, `product_size`, `product_package`, `product_delivery`, `product_delivery_time`, `product_payment`, `product_payment_type`, `product_sub_info1`, `product_sub_info2`, `product_sub_info3`, `product_sub_info4`, `product_sub_info5`, `state`, `title_seo`, `des_seo`, `friendly_url`, `keyword`, `created_id`, `product_material`, `product_shape`, `product_expiration`, `product_producer`, `product_review`, `productcat_ar`, `producttag_arr`, `product_sort`, `product_img_video`) VALUES
(2181, 'Máy tuốt lúa hạt mini TC-5TG40 3 kW (demo)', NULL, '<p>C&ocirc;ng ty TNHH Hợp Lực Cảng Việt chuy&ecirc;n cung cấp c&aacute;c loại m&oacute;c c&ocirc;ng nghiệp như m&aacute;y ph&aacute;t điện, m&aacute;y x&aacute;t gạo, m&aacute;y xới đất, m&aacute;y tuốt l&uacute;a,... Đ&acirc;y l&agrave; c&aacute;c loại m&aacute;y được ch&uacute;ng t&ocirc;i nhập khẩu ch&iacute;nh h&atilde;ng nguy&ecirc;n chiếc, gi&uacute;p cho b&agrave; con n&ocirc;ng d&acirc;n v&agrave; c&aacute;c chủ doanh nghiệp c&oacute; thể tiết kiệm c&ocirc;ng sức lao độn, n&acirc;ng cao hiệu suất c&ocirc;ng việc sản xuất.</p>\r\n', '', '', '<p>C&Ocirc;NG SUẤT CAO - GI&Aacute; CỰC TỐT</p>\r\n\r\n<p>H&Agrave;NG CH&Iacute;NH H&Atilde;NG - NHẬP KHẨU NGUY&Ecirc;N CHIẾC</p>\r\n\r\n<p>Hiệu suất cao - chất lượng tốt lu&ocirc;n l&agrave; ti&ecirc;u ch&iacute; h&agrave;ng đầu khi kh&aacute;ch h&agrave;ng t&igrave;m kiếm c&aacute;c d&ograve;ng sản phẩm m&aacute;y m&oacute;c c&ocirc;ng nghiệp.</p>\r\n\r\n<p>Thấu hiểu được điều đ&oacute;, Hợp Lực Cảng tự h&agrave;o giới thiệu đến qu&yacute; kh&aacute;ch những d&ograve;ng sản phẩm h&agrave;ng đầu trong ng&agrave;nh, bao gồm m&aacute;y ph&aacute;t điện, m&aacute;y x&aacute;t gạo, m&aacute;y xới đất v&agrave; m&aacute;y tuốt l&uacute;a.</p>\r\n\r\n<p>Tất cả c&aacute;c sản phẩm v&agrave; dịch vụ m&agrave; ch&uacute;ng t&ocirc;i cung cấp đều được kiểm tra v&agrave; đảm bảo tu&acirc;n thủ c&aacute;c ti&ecirc;u chuẩn chất lượng cao nhất</p>\r\n\r\n<p>Li&ecirc;n hệ ngay để được tư vấn v&agrave; nhận th&ocirc;ng tin chi tiết về c&aacute;c sản phẩm c&ocirc;ng nghiệp h&agrave;ng đầu của ch&uacute;ng t&ocirc;i.</p>\r\n\r\n<p>Hợp lực cảng Việt - Đối t&aacute;c đ&aacute;ng tin cậy cho c&aacute;c giải ph&aacute;p c&ocirc;ng nghiệp vượt trội!</p>\r\n', '', '', 6500000, 0, 0, 'Máy tuốt lúa hạt mini TC-5TG40 3 kW.png', '', '[]', '2023-07-01 15:07:19', '2023-07-19 16:07:59', 0, 0, 1, 0, '', '', '', '', '', '', '', '', '', '', '', '', '', 1, 'Máy tuốt lúa hạt mini TC-5TG40 3 kW (demo)', '', 'may-tuot-lua-hat-mini-tc-5tg40-3-kw-demo', '', 10, '103', '', '', NULL, NULL, '104,104', NULL, 0, ''),
(2182, 'Máy tuốt lúa đạp chân (demo)', NULL, '<p>C&ocirc;ng ty TNHH Hợp Lực Cảng Việt chuy&ecirc;n cung cấp c&aacute;c loại m&oacute;c c&ocirc;ng nghiệp như m&aacute;y ph&aacute;t điện, m&aacute;y x&aacute;t gạo, m&aacute;y xới đất, m&aacute;y tuốt l&uacute;a,... Đ&acirc;y l&agrave; c&aacute;c loại m&aacute;y được ch&uacute;ng t&ocirc;i nhập khẩu ch&iacute;nh h&atilde;ng nguy&ecirc;n chiếc, gi&uacute;p cho b&agrave; con n&ocirc;ng d&acirc;n v&agrave; c&aacute;c chủ doanh nghiệp c&oacute; thể tiết kiệm c&ocirc;ng sức lao độn, n&acirc;ng cao hiệu suất c&ocirc;ng việc sản xuất.</p>\r\n', '', '', '<p>C&Ocirc;NG SUẤT CAO - GI&Aacute; CỰC TỐT</p>\r\n\r\n<p>H&Agrave;NG CH&Iacute;NH H&Atilde;NG - NHẬP KHẨU NGUY&Ecirc;N CHIẾC</p>\r\n\r\n<p>Hiệu suất cao - chất lượng tốt lu&ocirc;n l&agrave; ti&ecirc;u ch&iacute; h&agrave;ng đầu khi kh&aacute;ch h&agrave;ng t&igrave;m kiếm c&aacute;c d&ograve;ng sản phẩm m&aacute;y m&oacute;c c&ocirc;ng nghiệp.</p>\r\n\r\n<p>Thấu hiểu được điều đ&oacute;, Hợp Lực Cảng tự h&agrave;o giới thiệu đến qu&yacute; kh&aacute;ch những d&ograve;ng sản phẩm h&agrave;ng đầu trong ng&agrave;nh, bao gồm m&aacute;y ph&aacute;t điện, m&aacute;y x&aacute;t gạo, m&aacute;y xới đất v&agrave; m&aacute;y tuốt l&uacute;a.</p>\r\n\r\n<p>Tất cả c&aacute;c sản phẩm v&agrave; dịch vụ m&agrave; ch&uacute;ng t&ocirc;i cung cấp đều được kiểm tra v&agrave; đảm bảo tu&acirc;n thủ c&aacute;c ti&ecirc;u chuẩn chất lượng cao nhất</p>\r\n\r\n<p>Li&ecirc;n hệ ngay để được tư vấn v&agrave; nhận th&ocirc;ng tin chi tiết về c&aacute;c sản phẩm c&ocirc;ng nghiệp h&agrave;ng đầu của ch&uacute;ng t&ocirc;i.</p>\r\n\r\n<p>Hợp lực cảng Việt - Đối t&aacute;c đ&aacute;ng tin cậy cho c&aacute;c giải ph&aacute;p c&ocirc;ng nghiệp vượt trội!</p>\r\n', '', '', 1890000, 0, 0, 'Máy tuốt lúa đạp chân.jpg', '', '[]', '2023-07-01 15:07:21', '2023-07-19 16:07:50', 0, 0, 1, 0, '', '', '', '', '', '', '', '', '', '', '', '', '', 1, 'Máy tuốt lúa đạp chân (demo)', '', 'may-tuot-lua-dap-chan-demo', '', 10, '103', '', '', NULL, NULL, '104,104', NULL, 0, ''),
(2183, ' Máy tuốt lúa liên hoàn 1600 (demo)', NULL, '<p>C&ocirc;ng ty TNHH Hợp Lực Cảng Việt chuy&ecirc;n cung cấp c&aacute;c loại m&oacute;c c&ocirc;ng nghiệp như m&aacute;y ph&aacute;t điện, m&aacute;y x&aacute;t gạo, m&aacute;y xới đất, m&aacute;y tuốt l&uacute;a,... Đ&acirc;y l&agrave; c&aacute;c loại m&aacute;y được ch&uacute;ng t&ocirc;i nhập khẩu ch&iacute;nh h&atilde;ng nguy&ecirc;n chiếc, gi&uacute;p cho b&agrave; con n&ocirc;ng d&acirc;n v&agrave; c&aacute;c chủ doanh nghiệp c&oacute; thể tiết kiệm c&ocirc;ng sức lao độn, n&acirc;ng cao hiệu suất c&ocirc;ng việc sản xuất.</p>\r\n', '', '', '<p>C&Ocirc;NG SUẤT CAO - GI&Aacute; CỰC TỐT</p>\r\n\r\n<p>H&Agrave;NG CH&Iacute;NH H&Atilde;NG - NHẬP KHẨU NGUY&Ecirc;N CHIẾC</p>\r\n\r\n<p>Hiệu suất cao - chất lượng tốt lu&ocirc;n l&agrave; ti&ecirc;u ch&iacute; h&agrave;ng đầu khi kh&aacute;ch h&agrave;ng t&igrave;m kiếm c&aacute;c d&ograve;ng sản phẩm m&aacute;y m&oacute;c c&ocirc;ng nghiệp.</p>\r\n\r\n<p>Thấu hiểu được điều đ&oacute;, Hợp Lực Cảng tự h&agrave;o giới thiệu đến qu&yacute; kh&aacute;ch những d&ograve;ng sản phẩm h&agrave;ng đầu trong ng&agrave;nh, bao gồm m&aacute;y ph&aacute;t điện, m&aacute;y x&aacute;t gạo, m&aacute;y xới đất v&agrave; m&aacute;y tuốt l&uacute;a.</p>\r\n\r\n<p>Tất cả c&aacute;c sản phẩm v&agrave; dịch vụ m&agrave; ch&uacute;ng t&ocirc;i cung cấp đều được kiểm tra v&agrave; đảm bảo tu&acirc;n thủ c&aacute;c ti&ecirc;u chuẩn chất lượng cao nhất</p>\r\n\r\n<p>Li&ecirc;n hệ ngay để được tư vấn v&agrave; nhận th&ocirc;ng tin chi tiết về c&aacute;c sản phẩm c&ocirc;ng nghiệp h&agrave;ng đầu của ch&uacute;ng t&ocirc;i.</p>\r\n\r\n<p>Hợp lực cảng Việt - Đối t&aacute;c đ&aacute;ng tin cậy cho c&aacute;c giải ph&aacute;p c&ocirc;ng nghiệp vượt trội!</p>\r\n', '', '', 5000000, 10, 0, 'Máy tuốt lúa liên hoàn 1600.jpg', '', '[]', '2023-07-01 15:07:56', '2023-07-19 16:07:14', 0, 1, 1, 0, '', '', '', '', '', '', '', '', '', '', '', '', '', 1, ' Máy tuốt lúa liên hoàn 1600 (demo)', '', 'may-tuot-lua-lien-hoan-1600-demo', '', 10, '103', '', '', NULL, NULL, '104,104', NULL, 0, ''),
(2184, 'Máy xát gạo TL-286 (có động cơ đã lắp ráp sẵn)', NULL, '<p>C&ocirc;ng ty TNHH Hợp Lực Cảng Việt chuy&ecirc;n cung cấp c&aacute;c loại m&oacute;c c&ocirc;ng nghiệp như m&aacute;y ph&aacute;t điện, m&aacute;y x&aacute;t gạo, m&aacute;y xới đất, m&aacute;y tuốt l&uacute;a,... Đ&acirc;y l&agrave; c&aacute;c loại m&aacute;y được ch&uacute;ng t&ocirc;i nhập khẩu ch&iacute;nh h&atilde;ng nguy&ecirc;n chiếc, gi&uacute;p cho b&agrave; con n&ocirc;ng d&acirc;n v&agrave; c&aacute;c chủ doanh nghiệp c&oacute; thể tiết kiệm c&ocirc;ng sức lao độn, n&acirc;ng cao hiệu suất c&ocirc;ng việc sản xuất.</p>\r\n', '', '', '<p>C&Ocirc;NG SUẤT CAO - GI&Aacute; CỰC TỐT</p>\r\n\r\n<p>H&Agrave;NG CH&Iacute;NH H&Atilde;NG - NHẬP KHẨU NGUY&Ecirc;N CHIẾC</p>\r\n\r\n<p>Hiệu suất cao - chất lượng tốt lu&ocirc;n l&agrave; ti&ecirc;u ch&iacute; h&agrave;ng đầu khi kh&aacute;ch h&agrave;ng t&igrave;m kiếm c&aacute;c d&ograve;ng sản phẩm m&aacute;y m&oacute;c c&ocirc;ng nghiệp.</p>\r\n\r\n<p>Thấu hiểu được điều đ&oacute;, Hợp Lực Cảng tự h&agrave;o giới thiệu đến qu&yacute; kh&aacute;ch những d&ograve;ng sản phẩm h&agrave;ng đầu trong ng&agrave;nh, bao gồm m&aacute;y ph&aacute;t điện, m&aacute;y x&aacute;t gạo, m&aacute;y xới đất v&agrave; m&aacute;y tuốt l&uacute;a.</p>\r\n\r\n<p>Tất cả c&aacute;c sản phẩm v&agrave; dịch vụ m&agrave; ch&uacute;ng t&ocirc;i cung cấp đều được kiểm tra v&agrave; đảm bảo tu&acirc;n thủ c&aacute;c ti&ecirc;u chuẩn chất lượng cao nhất</p>\r\n\r\n<p>Li&ecirc;n hệ ngay để được tư vấn v&agrave; nhận th&ocirc;ng tin chi tiết về c&aacute;c sản phẩm c&ocirc;ng nghiệp h&agrave;ng đầu của ch&uacute;ng t&ocirc;i.</p>\r\n\r\n<p>Hợp lực cảng Việt - Đối t&aacute;c đ&aacute;ng tin cậy cho c&aacute;c giải ph&aacute;p c&ocirc;ng nghiệp vượt trội!</p>\r\n', '', '', 0, 0, 0, 'MÁY XÁT GẠO TL-286.png', 'MÁY XÁT GẠO TL-286.png', '[]', '2023-07-19 11:07:50', NULL, 0, 0, 0, 0, '', '', '', '', '', '', '', '', '', '', '', '', '', 0, 'Máy xát gạo TL-286 (có động cơ đã lắp ráp sẵn)', '', 'may-xat-gao-tl-286-co-dong-co-da-lap-rap-san', '', 10, '103', '', '', NULL, NULL, '102,102', NULL, 0, NULL),
(2185, 'Máy xát gạo TL-286 đầu nghiền Inox (có động cơ đã lắp ráp sẵn)', NULL, '<p>C&ocirc;ng ty TNHH Hợp Lực Cảng Việt chuy&ecirc;n cung cấp c&aacute;c loại m&oacute;c c&ocirc;ng nghiệp như m&aacute;y ph&aacute;t điện, m&aacute;y x&aacute;t gạo, m&aacute;y xới đất, m&aacute;y tuốt l&uacute;a,... Đ&acirc;y l&agrave; c&aacute;c loại m&aacute;y được ch&uacute;ng t&ocirc;i nhập khẩu ch&iacute;nh h&atilde;ng nguy&ecirc;n chiếc, gi&uacute;p cho b&agrave; con n&ocirc;ng d&acirc;n v&agrave; c&aacute;c chủ doanh nghiệp c&oacute; thể tiết kiệm c&ocirc;ng sức lao độn, n&acirc;ng cao hiệu suất c&ocirc;ng việc sản xuất.</p>\r\n', '', '', '<p>C&Ocirc;NG SUẤT CAO - GI&Aacute; CỰC TỐT</p>\r\n\r\n<p>H&Agrave;NG CH&Iacute;NH H&Atilde;NG - NHẬP KHẨU NGUY&Ecirc;N CHIẾC</p>\r\n\r\n<p>Hiệu suất cao - chất lượng tốt lu&ocirc;n l&agrave; ti&ecirc;u ch&iacute; h&agrave;ng đầu khi kh&aacute;ch h&agrave;ng t&igrave;m kiếm c&aacute;c d&ograve;ng sản phẩm m&aacute;y m&oacute;c c&ocirc;ng nghiệp.</p>\r\n\r\n<p>Thấu hiểu được điều đ&oacute;, Hợp Lực Cảng tự h&agrave;o giới thiệu đến qu&yacute; kh&aacute;ch những d&ograve;ng sản phẩm h&agrave;ng đầu trong ng&agrave;nh, bao gồm m&aacute;y ph&aacute;t điện, m&aacute;y x&aacute;t gạo, m&aacute;y xới đất v&agrave; m&aacute;y tuốt l&uacute;a.</p>\r\n\r\n<p>Tất cả c&aacute;c sản phẩm v&agrave; dịch vụ m&agrave; ch&uacute;ng t&ocirc;i cung cấp đều được kiểm tra v&agrave; đảm bảo tu&acirc;n thủ c&aacute;c ti&ecirc;u chuẩn chất lượng cao nhất</p>\r\n\r\n<p>Li&ecirc;n hệ ngay để được tư vấn v&agrave; nhận th&ocirc;ng tin chi tiết về c&aacute;c sản phẩm c&ocirc;ng nghiệp h&agrave;ng đầu của ch&uacute;ng t&ocirc;i.</p>\r\n\r\n<p>Hợp lực cảng Việt - Đối t&aacute;c đ&aacute;ng tin cậy cho c&aacute;c giải ph&aacute;p c&ocirc;ng nghiệp vượt trội!</p>\r\n', '', '', 0, 0, 0, 'MÁY XÁT GẠO TL-286 ĐẦU NGHIỀN INOX.png', 'MÁY XÁT GẠO TL-286 ĐẦU NGHIỀN INOX.png', '[]', '2023-07-19 11:07:14', NULL, 0, 0, 0, 0, '', '', '', '', '', '', '', '', '', '', '', '', '', 1, 'Máy xát gạo TL-286 đầu nghiền Inox (có động cơ đã lắp ráp sẵn)', '', 'may-xat-gao-tl-286-dau-nghien-inox-co-dong-co-da-lap-rap-san', '', 10, '103', '', '', NULL, NULL, '102,102', NULL, 0, NULL),
(2186, 'Máy xát gạo TL-286 có sàng rung (có động cơ lắp ráp sẵn)', NULL, '<p>C&ocirc;ng ty TNHH Hợp Lực Cảng Việt chuy&ecirc;n cung cấp c&aacute;c loại m&oacute;c c&ocirc;ng nghiệp như m&aacute;y ph&aacute;t điện, m&aacute;y x&aacute;t gạo, m&aacute;y xới đất, m&aacute;y tuốt l&uacute;a,... Đ&acirc;y l&agrave; c&aacute;c loại m&aacute;y được ch&uacute;ng t&ocirc;i nhập khẩu ch&iacute;nh h&atilde;ng nguy&ecirc;n chiếc, gi&uacute;p cho b&agrave; con n&ocirc;ng d&acirc;n v&agrave; c&aacute;c chủ doanh nghiệp c&oacute; thể tiết kiệm c&ocirc;ng sức lao độn, n&acirc;ng cao hiệu suất c&ocirc;ng việc sản xuất.</p>\r\n', '', '', '<p>C&Ocirc;NG SUẤT CAO - GI&Aacute; CỰC TỐT</p>\r\n\r\n<p>H&Agrave;NG CH&Iacute;NH H&Atilde;NG - NHẬP KHẨU NGUY&Ecirc;N CHIẾC</p>\r\n\r\n<p>Hiệu suất cao - chất lượng tốt lu&ocirc;n l&agrave; ti&ecirc;u ch&iacute; h&agrave;ng đầu khi kh&aacute;ch h&agrave;ng t&igrave;m kiếm c&aacute;c d&ograve;ng sản phẩm m&aacute;y m&oacute;c c&ocirc;ng nghiệp.</p>\r\n\r\n<p>Thấu hiểu được điều đ&oacute;, Hợp Lực Cảng tự h&agrave;o giới thiệu đến qu&yacute; kh&aacute;ch những d&ograve;ng sản phẩm h&agrave;ng đầu trong ng&agrave;nh, bao gồm m&aacute;y ph&aacute;t điện, m&aacute;y x&aacute;t gạo, m&aacute;y xới đất v&agrave; m&aacute;y tuốt l&uacute;a.</p>\r\n\r\n<p>Tất cả c&aacute;c sản phẩm v&agrave; dịch vụ m&agrave; ch&uacute;ng t&ocirc;i cung cấp đều được kiểm tra v&agrave; đảm bảo tu&acirc;n thủ c&aacute;c ti&ecirc;u chuẩn chất lượng cao nhất</p>\r\n\r\n<p>Li&ecirc;n hệ ngay để được tư vấn v&agrave; nhận th&ocirc;ng tin chi tiết về c&aacute;c sản phẩm c&ocirc;ng nghiệp h&agrave;ng đầu của ch&uacute;ng t&ocirc;i.</p>\r\n\r\n<p>Hợp lực cảng Việt - Đối t&aacute;c đ&aacute;ng tin cậy cho c&aacute;c giải ph&aacute;p c&ocirc;ng nghiệp vượt trội!</p>\r\n', '', '', 0, 0, 0, 'MÁY XÁT GẠO TL-286 CÓ SÀNG RUNG.png', 'MÁY XÁT GẠO TL-286 CÓ SÀNG RUNG.png', '[]', '2023-07-19 11:07:19', NULL, 0, 0, 0, 0, '', '', '', '', '', '', '', '', '', '', '', '', '', 1, 'Máy xát gạo TL-286 có sàng rung (có động cơ lắp ráp sẵn)', '', 'may-xat-gao-tl-286-co-sang-rung-co-dong-co-lap-rap-san', '', 10, '103', '', '', NULL, NULL, '102,102', NULL, 0, NULL),
(2187, 'Máy xát gạo TL-286 có mô tơ ráp sẵn (có lọc sạn 5 cấp đời mới) ', NULL, '<p>C&ocirc;ng ty TNHH Hợp Lực Cảng Việt chuy&ecirc;n cung cấp c&aacute;c loại m&oacute;c c&ocirc;ng nghiệp như m&aacute;y ph&aacute;t điện, m&aacute;y x&aacute;t gạo, m&aacute;y xới đất, m&aacute;y tuốt l&uacute;a,... Đ&acirc;y l&agrave; c&aacute;c loại m&aacute;y được ch&uacute;ng t&ocirc;i nhập khẩu ch&iacute;nh h&atilde;ng nguy&ecirc;n chiếc, gi&uacute;p cho b&agrave; con n&ocirc;ng d&acirc;n v&agrave; c&aacute;c chủ doanh nghiệp c&oacute; thể tiết kiệm c&ocirc;ng sức lao độn, n&acirc;ng cao hiệu suất c&ocirc;ng việc sản xuất.</p>\r\n', '', '', '<p>C&Ocirc;NG SUẤT CAO - GI&Aacute; CỰC TỐT</p>\r\n\r\n<p>H&Agrave;NG CH&Iacute;NH H&Atilde;NG - NHẬP KHẨU NGUY&Ecirc;N CHIẾC</p>\r\n\r\n<p>Hiệu suất cao - chất lượng tốt lu&ocirc;n l&agrave; ti&ecirc;u ch&iacute; h&agrave;ng đầu khi kh&aacute;ch h&agrave;ng t&igrave;m kiếm c&aacute;c d&ograve;ng sản phẩm m&aacute;y m&oacute;c c&ocirc;ng nghiệp.</p>\r\n\r\n<p>Thấu hiểu được điều đ&oacute;, Hợp Lực Cảng tự h&agrave;o giới thiệu đến qu&yacute; kh&aacute;ch những d&ograve;ng sản phẩm h&agrave;ng đầu trong ng&agrave;nh, bao gồm m&aacute;y ph&aacute;t điện, m&aacute;y x&aacute;t gạo, m&aacute;y xới đất v&agrave; m&aacute;y tuốt l&uacute;a.</p>\r\n\r\n<p>Tất cả c&aacute;c sản phẩm v&agrave; dịch vụ m&agrave; ch&uacute;ng t&ocirc;i cung cấp đều được kiểm tra v&agrave; đảm bảo tu&acirc;n thủ c&aacute;c ti&ecirc;u chuẩn chất lượng cao nhất</p>\r\n\r\n<p>Li&ecirc;n hệ ngay để được tư vấn v&agrave; nhận th&ocirc;ng tin chi tiết về c&aacute;c sản phẩm c&ocirc;ng nghiệp h&agrave;ng đầu của ch&uacute;ng t&ocirc;i.</p>\r\n\r\n<p>Hợp lực cảng Việt - Đối t&aacute;c đ&aacute;ng tin cậy cho c&aacute;c giải ph&aacute;p c&ocirc;ng nghiệp vượt trội!</p>\r\n', '', '', 0, 0, 0, 'MÁY XÁT GẠO TL-286 CÓ LỌC SẠN 5 CẤP ĐỜI MỚI.png', 'MÁY XÁT GẠO TL-286 CÓ LỌC SẠN 5 CẤP ĐỜI MỚI.png', '[]', '2023-07-19 11:07:28', NULL, 0, 0, 0, 0, '', '', '', '', '', '', '', '', '', '', '', '', '', 1, 'Máy xát gạo TL-286 có mô tơ ráp sẵn (có lọc sạn 5 cấp đời mới) ', '', 'may-xat-gao-tl-286-co-mo-to-rap-san-co-loc-san-5-cap-doi-moi', '', 10, '103', '', '', NULL, NULL, '102,102', NULL, 0, NULL),
(2188, 'Máy xát gạo TL-226i (chưa gồm động cơ)', NULL, '<p>C&ocirc;ng ty TNHH Hợp Lực Cảng Việt chuy&ecirc;n cung cấp c&aacute;c loại m&oacute;c c&ocirc;ng nghiệp như m&aacute;y ph&aacute;t điện, m&aacute;y x&aacute;t gạo, m&aacute;y xới đất, m&aacute;y tuốt l&uacute;a,... Đ&acirc;y l&agrave; c&aacute;c loại m&aacute;y được ch&uacute;ng t&ocirc;i nhập khẩu ch&iacute;nh h&atilde;ng nguy&ecirc;n chiếc, gi&uacute;p cho b&agrave; con n&ocirc;ng d&acirc;n v&agrave; c&aacute;c chủ doanh nghiệp c&oacute; thể tiết kiệm c&ocirc;ng sức lao độn, n&acirc;ng cao hiệu suất c&ocirc;ng việc sản xuất.</p>\r\n', '', '', '<p>C&Ocirc;NG SUẤT CAO - GI&Aacute; CỰC TỐT</p>\r\n\r\n<p>H&Agrave;NG CH&Iacute;NH H&Atilde;NG - NHẬP KHẨU NGUY&Ecirc;N CHIẾC</p>\r\n\r\n<p>Hiệu suất cao - chất lượng tốt lu&ocirc;n l&agrave; ti&ecirc;u ch&iacute; h&agrave;ng đầu khi kh&aacute;ch h&agrave;ng t&igrave;m kiếm c&aacute;c d&ograve;ng sản phẩm m&aacute;y m&oacute;c c&ocirc;ng nghiệp.</p>\r\n\r\n<p>Thấu hiểu được điều đ&oacute;, Hợp Lực Cảng tự h&agrave;o giới thiệu đến qu&yacute; kh&aacute;ch những d&ograve;ng sản phẩm h&agrave;ng đầu trong ng&agrave;nh, bao gồm m&aacute;y ph&aacute;t điện, m&aacute;y x&aacute;t gạo, m&aacute;y xới đất v&agrave; m&aacute;y tuốt l&uacute;a.</p>\r\n\r\n<p>Tất cả c&aacute;c sản phẩm v&agrave; dịch vụ m&agrave; ch&uacute;ng t&ocirc;i cung cấp đều được kiểm tra v&agrave; đảm bảo tu&acirc;n thủ c&aacute;c ti&ecirc;u chuẩn chất lượng cao nhất</p>\r\n\r\n<p>Li&ecirc;n hệ ngay để được tư vấn v&agrave; nhận th&ocirc;ng tin chi tiết về c&aacute;c sản phẩm c&ocirc;ng nghiệp h&agrave;ng đầu của ch&uacute;ng t&ocirc;i.</p>\r\n\r\n<p>Hợp lực cảng Việt - Đối t&aacute;c đ&aacute;ng tin cậy cho c&aacute;c giải ph&aacute;p c&ocirc;ng nghiệp vượt trội!</p>\r\n', '', '', 0, 0, 0, 'Máy xát gạo TL-226i.png', 'Máy xát gạo TL-226i.png', '[]', '2023-07-19 11:07:05', NULL, 0, 0, 0, 0, '', '', '', '', '', '', '', '', '', '', '', '', '', 1, 'Máy xát gạo TL-226i (chưa gồm động cơ)', '', 'may-xat-gao-tl-226i-chua-gom-dong-co', '', 10, '103', '', '', NULL, NULL, '102,102', NULL, 0, NULL),
(2189, 'Máy xát gạo TL-226e (chưa gồm động cơ)', NULL, '<p>C&ocirc;ng ty TNHH Hợp Lực Cảng Việt chuy&ecirc;n cung cấp c&aacute;c loại m&oacute;c c&ocirc;ng nghiệp như m&aacute;y ph&aacute;t điện, m&aacute;y x&aacute;t gạo, m&aacute;y xới đất, m&aacute;y tuốt l&uacute;a,... Đ&acirc;y l&agrave; c&aacute;c loại m&aacute;y được ch&uacute;ng t&ocirc;i nhập khẩu ch&iacute;nh h&atilde;ng nguy&ecirc;n chiếc, gi&uacute;p cho b&agrave; con n&ocirc;ng d&acirc;n v&agrave; c&aacute;c chủ doanh nghiệp c&oacute; thể tiết kiệm c&ocirc;ng sức lao độn, n&acirc;ng cao hiệu suất c&ocirc;ng việc sản xuất.</p>\r\n', '', '', '<p>C&Ocirc;NG SUẤT CAO - GI&Aacute; CỰC TỐT</p>\r\n\r\n<p>H&Agrave;NG CH&Iacute;NH H&Atilde;NG - NHẬP KHẨU NGUY&Ecirc;N CHIẾC</p>\r\n\r\n<p>Hiệu suất cao - chất lượng tốt lu&ocirc;n l&agrave; ti&ecirc;u ch&iacute; h&agrave;ng đầu khi kh&aacute;ch h&agrave;ng t&igrave;m kiếm c&aacute;c d&ograve;ng sản phẩm m&aacute;y m&oacute;c c&ocirc;ng nghiệp.</p>\r\n\r\n<p>Thấu hiểu được điều đ&oacute;, Hợp Lực Cảng tự h&agrave;o giới thiệu đến qu&yacute; kh&aacute;ch những d&ograve;ng sản phẩm h&agrave;ng đầu trong ng&agrave;nh, bao gồm m&aacute;y ph&aacute;t điện, m&aacute;y x&aacute;t gạo, m&aacute;y xới đất v&agrave; m&aacute;y tuốt l&uacute;a.</p>\r\n\r\n<p>Tất cả c&aacute;c sản phẩm v&agrave; dịch vụ m&agrave; ch&uacute;ng t&ocirc;i cung cấp đều được kiểm tra v&agrave; đảm bảo tu&acirc;n thủ c&aacute;c ti&ecirc;u chuẩn chất lượng cao nhất</p>\r\n\r\n<p>Li&ecirc;n hệ ngay để được tư vấn v&agrave; nhận th&ocirc;ng tin chi tiết về c&aacute;c sản phẩm c&ocirc;ng nghiệp h&agrave;ng đầu của ch&uacute;ng t&ocirc;i.</p>\r\n\r\n<p>Hợp lực cảng Việt - Đối t&aacute;c đ&aacute;ng tin cậy cho c&aacute;c giải ph&aacute;p c&ocirc;ng nghiệp vượt trội!</p>\r\n', '', '', 0, 0, 0, 'Máy xát gạo TL-226e.png', 'Máy xát gạo TL-226e.png', '[]', '2023-07-19 11:07:06', NULL, 0, 0, 0, 0, '', '', '', '', '', '', '', '', '', '', '', '', '', 1, 'Máy xát gạo TL-226e (chưa gồm động cơ)', '', 'may-xat-gao-tl-226e-chua-gom-dong-co', '', 10, '103', '', '', NULL, NULL, '102,102', NULL, 0, NULL),
(2190, 'Máy xát gạo TL-226e (đơn)', NULL, '<p>C&ocirc;ng ty TNHH Hợp Lực Cảng Việt chuy&ecirc;n cung cấp c&aacute;c loại m&oacute;c c&ocirc;ng nghiệp như m&aacute;y ph&aacute;t điện, m&aacute;y x&aacute;t gạo, m&aacute;y xới đất, m&aacute;y tuốt l&uacute;a,... Đ&acirc;y l&agrave; c&aacute;c loại m&aacute;y được ch&uacute;ng t&ocirc;i nhập khẩu ch&iacute;nh h&atilde;ng nguy&ecirc;n chiếc, gi&uacute;p cho b&agrave; con n&ocirc;ng d&acirc;n v&agrave; c&aacute;c chủ doanh nghiệp c&oacute; thể tiết kiệm c&ocirc;ng sức lao độn, n&acirc;ng cao hiệu suất c&ocirc;ng việc sản xuất.</p>\r\n', '', '', '<p>C&Ocirc;NG SUẤT CAO - GI&Aacute; CỰC TỐT</p>\r\n\r\n<p>H&Agrave;NG CH&Iacute;NH H&Atilde;NG - NHẬP KHẨU NGUY&Ecirc;N CHIẾC</p>\r\n\r\n<p>Hiệu suất cao - chất lượng tốt lu&ocirc;n l&agrave; ti&ecirc;u ch&iacute; h&agrave;ng đầu khi kh&aacute;ch h&agrave;ng t&igrave;m kiếm c&aacute;c d&ograve;ng sản phẩm m&aacute;y m&oacute;c c&ocirc;ng nghiệp.</p>\r\n\r\n<p>Thấu hiểu được điều đ&oacute;, Hợp Lực Cảng tự h&agrave;o giới thiệu đến qu&yacute; kh&aacute;ch những d&ograve;ng sản phẩm h&agrave;ng đầu trong ng&agrave;nh, bao gồm m&aacute;y ph&aacute;t điện, m&aacute;y x&aacute;t gạo, m&aacute;y xới đất v&agrave; m&aacute;y tuốt l&uacute;a.</p>\r\n\r\n<p>Tất cả c&aacute;c sản phẩm v&agrave; dịch vụ m&agrave; ch&uacute;ng t&ocirc;i cung cấp đều được kiểm tra v&agrave; đảm bảo tu&acirc;n thủ c&aacute;c ti&ecirc;u chuẩn chất lượng cao nhất</p>\r\n\r\n<p>Li&ecirc;n hệ ngay để được tư vấn v&agrave; nhận th&ocirc;ng tin chi tiết về c&aacute;c sản phẩm c&ocirc;ng nghiệp h&agrave;ng đầu của ch&uacute;ng t&ocirc;i.</p>\r\n\r\n<p>Hợp lực cảng Việt - Đối t&aacute;c đ&aacute;ng tin cậy cho c&aacute;c giải ph&aacute;p c&ocirc;ng nghiệp vượt trội!</p>\r\n', '', '', 0, 0, 0, 'Máy xát gạo TL-226e đơn.png', 'Máy xát gạo TL-226e đơn.png', '[]', '2023-07-19 11:07:41', '2023-07-19 11:07:24', 0, 0, 0, 0, '', '', '', '', '', '', '', '', '', '', '', '', '', 1, 'Máy xát gạo TL-226e (đơn)', '', 'may-xat-gao-tl-226e-don', '', 10, '103', '', '', NULL, NULL, '102,102', NULL, 0, ''),
(2191, 'Máy xát gạo TL-226 (chưa gồm động cơ)', NULL, '<p>C&ocirc;ng ty TNHH Hợp Lực Cảng Việt chuy&ecirc;n cung cấp c&aacute;c loại m&oacute;c c&ocirc;ng nghiệp như m&aacute;y ph&aacute;t điện, m&aacute;y x&aacute;t gạo, m&aacute;y xới đất, m&aacute;y tuốt l&uacute;a,... Đ&acirc;y l&agrave; c&aacute;c loại m&aacute;y được ch&uacute;ng t&ocirc;i nhập khẩu ch&iacute;nh h&atilde;ng nguy&ecirc;n chiếc, gi&uacute;p cho b&agrave; con n&ocirc;ng d&acirc;n v&agrave; c&aacute;c chủ doanh nghiệp c&oacute; thể tiết kiệm c&ocirc;ng sức lao độn, n&acirc;ng cao hiệu suất c&ocirc;ng việc sản xuất.</p>\r\n', '', '', '<p>C&Ocirc;NG SUẤT CAO - GI&Aacute; CỰC TỐT</p>\r\n\r\n<p>H&Agrave;NG CH&Iacute;NH H&Atilde;NG - NHẬP KHẨU NGUY&Ecirc;N CHIẾC</p>\r\n\r\n<p>Hiệu suất cao - chất lượng tốt lu&ocirc;n l&agrave; ti&ecirc;u ch&iacute; h&agrave;ng đầu khi kh&aacute;ch h&agrave;ng t&igrave;m kiếm c&aacute;c d&ograve;ng sản phẩm m&aacute;y m&oacute;c c&ocirc;ng nghiệp.</p>\r\n\r\n<p>Thấu hiểu được điều đ&oacute;, Hợp Lực Cảng tự h&agrave;o giới thiệu đến qu&yacute; kh&aacute;ch những d&ograve;ng sản phẩm h&agrave;ng đầu trong ng&agrave;nh, bao gồm m&aacute;y ph&aacute;t điện, m&aacute;y x&aacute;t gạo, m&aacute;y xới đất v&agrave; m&aacute;y tuốt l&uacute;a.</p>\r\n\r\n<p>Tất cả c&aacute;c sản phẩm v&agrave; dịch vụ m&agrave; ch&uacute;ng t&ocirc;i cung cấp đều được kiểm tra v&agrave; đảm bảo tu&acirc;n thủ c&aacute;c ti&ecirc;u chuẩn chất lượng cao nhất</p>\r\n\r\n<p>Li&ecirc;n hệ ngay để được tư vấn v&agrave; nhận th&ocirc;ng tin chi tiết về c&aacute;c sản phẩm c&ocirc;ng nghiệp h&agrave;ng đầu của ch&uacute;ng t&ocirc;i.</p>\r\n\r\n<p>Hợp lực cảng Việt - Đối t&aacute;c đ&aacute;ng tin cậy cho c&aacute;c giải ph&aacute;p c&ocirc;ng nghiệp vượt trội!</p>\r\n', '', '', 0, 0, 0, 'Máy xát gạo TL-226.png', 'Máy xát gạo TL-226.png', '[]', '2023-07-19 11:07:51', NULL, 0, 0, 0, 0, '', '', '', '', '', '', '', '', '', '', '', '', '', 1, 'Máy xát gạo TL-226 (chưa gồm động cơ)', '', 'may-xat-gao-tl-226-chua-gom-dong-co', '', 10, '103', '', '', NULL, NULL, '102,102', NULL, 0, NULL),
(2192, 'Máy xát gạo TL-168 (chưa gồm động cơ)', NULL, '<p>C&ocirc;ng ty TNHH Hợp Lực Cảng Việt chuy&ecirc;n cung cấp c&aacute;c loại m&oacute;c c&ocirc;ng nghiệp như m&aacute;y ph&aacute;t điện, m&aacute;y x&aacute;t gạo, m&aacute;y xới đất, m&aacute;y tuốt l&uacute;a,... Đ&acirc;y l&agrave; c&aacute;c loại m&aacute;y được ch&uacute;ng t&ocirc;i nhập khẩu ch&iacute;nh h&atilde;ng nguy&ecirc;n chiếc, gi&uacute;p cho b&agrave; con n&ocirc;ng d&acirc;n v&agrave; c&aacute;c chủ doanh nghiệp c&oacute; thể tiết kiệm c&ocirc;ng sức lao độn, n&acirc;ng cao hiệu suất c&ocirc;ng việc sản xuất.</p>\r\n', '', '', '<p>C&Ocirc;NG SUẤT CAO - GI&Aacute; CỰC TỐT</p>\r\n\r\n<p>H&Agrave;NG CH&Iacute;NH H&Atilde;NG - NHẬP KHẨU NGUY&Ecirc;N CHIẾC</p>\r\n\r\n<p>Hiệu suất cao - chất lượng tốt lu&ocirc;n l&agrave; ti&ecirc;u ch&iacute; h&agrave;ng đầu khi kh&aacute;ch h&agrave;ng t&igrave;m kiếm c&aacute;c d&ograve;ng sản phẩm m&aacute;y m&oacute;c c&ocirc;ng nghiệp.</p>\r\n\r\n<p>Thấu hiểu được điều đ&oacute;, Hợp Lực Cảng tự h&agrave;o giới thiệu đến qu&yacute; kh&aacute;ch những d&ograve;ng sản phẩm h&agrave;ng đầu trong ng&agrave;nh, bao gồm m&aacute;y ph&aacute;t điện, m&aacute;y x&aacute;t gạo, m&aacute;y xới đất v&agrave; m&aacute;y tuốt l&uacute;a.</p>\r\n\r\n<p>Tất cả c&aacute;c sản phẩm v&agrave; dịch vụ m&agrave; ch&uacute;ng t&ocirc;i cung cấp đều được kiểm tra v&agrave; đảm bảo tu&acirc;n thủ c&aacute;c ti&ecirc;u chuẩn chất lượng cao nhất</p>\r\n\r\n<p>Li&ecirc;n hệ ngay để được tư vấn v&agrave; nhận th&ocirc;ng tin chi tiết về c&aacute;c sản phẩm c&ocirc;ng nghiệp h&agrave;ng đầu của ch&uacute;ng t&ocirc;i.</p>\r\n\r\n<p>Hợp lực cảng Việt - Đối t&aacute;c đ&aacute;ng tin cậy cho c&aacute;c giải ph&aacute;p c&ocirc;ng nghiệp vượt trội!</p>\r\n', '', '', 0, 0, 0, 'Máy xát gạo TL-168, 168B.png', 'Máy xát gạo TL-168, 168B.png', '[]', '2023-07-19 11:07:09', NULL, 0, 0, 0, 0, '', '', '', '', '', '', '', '', '', '', '', '', '', 1, 'Máy xát gạo TL-168 (chưa gồm động cơ)', '', 'may-xat-gao-tl-168-chua-gom-dong-co', '', 10, '103', '', '', NULL, NULL, '102,102', NULL, 0, NULL),
(2193, 'Máy xát gạo TL-168 đảo chiều (chưa gồm động cơ)', NULL, '<p>C&ocirc;ng ty TNHH Hợp Lực Cảng Việt chuy&ecirc;n cung cấp c&aacute;c loại m&oacute;c c&ocirc;ng nghiệp như m&aacute;y ph&aacute;t điện, m&aacute;y x&aacute;t gạo, m&aacute;y xới đất, m&aacute;y tuốt l&uacute;a,... Đ&acirc;y l&agrave; c&aacute;c loại m&aacute;y được ch&uacute;ng t&ocirc;i nhập khẩu ch&iacute;nh h&atilde;ng nguy&ecirc;n chiếc, gi&uacute;p cho b&agrave; con n&ocirc;ng d&acirc;n v&agrave; c&aacute;c chủ doanh nghiệp c&oacute; thể tiết kiệm c&ocirc;ng sức lao độn, n&acirc;ng cao hiệu suất c&ocirc;ng việc sản xuất.</p>\r\n', '', '', '<p>C&Ocirc;NG SUẤT CAO - GI&Aacute; CỰC TỐT</p>\r\n\r\n<p>H&Agrave;NG CH&Iacute;NH H&Atilde;NG - NHẬP KHẨU NGUY&Ecirc;N CHIẾC</p>\r\n\r\n<p>Hiệu suất cao - chất lượng tốt lu&ocirc;n l&agrave; ti&ecirc;u ch&iacute; h&agrave;ng đầu khi kh&aacute;ch h&agrave;ng t&igrave;m kiếm c&aacute;c d&ograve;ng sản phẩm m&aacute;y m&oacute;c c&ocirc;ng nghiệp.</p>\r\n\r\n<p>Thấu hiểu được điều đ&oacute;, Hợp Lực Cảng tự h&agrave;o giới thiệu đến qu&yacute; kh&aacute;ch những d&ograve;ng sản phẩm h&agrave;ng đầu trong ng&agrave;nh, bao gồm m&aacute;y ph&aacute;t điện, m&aacute;y x&aacute;t gạo, m&aacute;y xới đất v&agrave; m&aacute;y tuốt l&uacute;a.</p>\r\n\r\n<p>Tất cả c&aacute;c sản phẩm v&agrave; dịch vụ m&agrave; ch&uacute;ng t&ocirc;i cung cấp đều được kiểm tra v&agrave; đảm bảo tu&acirc;n thủ c&aacute;c ti&ecirc;u chuẩn chất lượng cao nhất</p>\r\n\r\n<p>Li&ecirc;n hệ ngay để được tư vấn v&agrave; nhận th&ocirc;ng tin chi tiết về c&aacute;c sản phẩm c&ocirc;ng nghiệp h&agrave;ng đầu của ch&uacute;ng t&ocirc;i.</p>\r\n\r\n<p>Hợp lực cảng Việt - Đối t&aacute;c đ&aacute;ng tin cậy cho c&aacute;c giải ph&aacute;p c&ocirc;ng nghiệp vượt trội!</p>\r\n', '', '', 0, 0, 0, 'Máy xát gạo TL-168, 168B.png', 'Máy xát gạo TL-168, 168B.png', '[]', '2023-07-19 11:07:11', NULL, 0, 0, 0, 0, '', '', '', '', '', '', '', '', '', '', '', '', '', 1, 'Máy xát gạo TL-168 đảo chiều (chưa gồm động cơ)', '', 'may-xat-gao-tl-168-dao-chieu-chua-gom-dong-co', '', 10, '103', '', '', NULL, NULL, '102,102', NULL, 0, NULL),
(2194, 'Máy xát gạo TL-56 (chưa gồm động cơ)', NULL, '<p>C&ocirc;ng ty TNHH Hợp Lực Cảng Việt chuy&ecirc;n cung cấp c&aacute;c loại m&oacute;c c&ocirc;ng nghiệp như m&aacute;y ph&aacute;t điện, m&aacute;y x&aacute;t gạo, m&aacute;y xới đất, m&aacute;y tuốt l&uacute;a,... Đ&acirc;y l&agrave; c&aacute;c loại m&aacute;y được ch&uacute;ng t&ocirc;i nhập khẩu ch&iacute;nh h&atilde;ng nguy&ecirc;n chiếc, gi&uacute;p cho b&agrave; con n&ocirc;ng d&acirc;n v&agrave; c&aacute;c chủ doanh nghiệp c&oacute; thể tiết kiệm c&ocirc;ng sức lao độn, n&acirc;ng cao hiệu suất c&ocirc;ng việc sản xuất.</p>\r\n', '', '', '<p>C&Ocirc;NG SUẤT CAO - GI&Aacute; CỰC TỐT</p>\r\n\r\n<p>H&Agrave;NG CH&Iacute;NH H&Atilde;NG - NHẬP KHẨU NGUY&Ecirc;N CHIẾC</p>\r\n\r\n<p>Hiệu suất cao - chất lượng tốt lu&ocirc;n l&agrave; ti&ecirc;u ch&iacute; h&agrave;ng đầu khi kh&aacute;ch h&agrave;ng t&igrave;m kiếm c&aacute;c d&ograve;ng sản phẩm m&aacute;y m&oacute;c c&ocirc;ng nghiệp.</p>\r\n\r\n<p>Thấu hiểu được điều đ&oacute;, Hợp Lực Cảng tự h&agrave;o giới thiệu đến qu&yacute; kh&aacute;ch những d&ograve;ng sản phẩm h&agrave;ng đầu trong ng&agrave;nh, bao gồm m&aacute;y ph&aacute;t điện, m&aacute;y x&aacute;t gạo, m&aacute;y xới đất v&agrave; m&aacute;y tuốt l&uacute;a.</p>\r\n\r\n<p>Tất cả c&aacute;c sản phẩm v&agrave; dịch vụ m&agrave; ch&uacute;ng t&ocirc;i cung cấp đều được kiểm tra v&agrave; đảm bảo tu&acirc;n thủ c&aacute;c ti&ecirc;u chuẩn chất lượng cao nhất</p>\r\n\r\n<p>Li&ecirc;n hệ ngay để được tư vấn v&agrave; nhận th&ocirc;ng tin chi tiết về c&aacute;c sản phẩm c&ocirc;ng nghiệp h&agrave;ng đầu của ch&uacute;ng t&ocirc;i.</p>\r\n\r\n<p>Hợp lực cảng Việt - Đối t&aacute;c đ&aacute;ng tin cậy cho c&aacute;c giải ph&aacute;p c&ocirc;ng nghiệp vượt trội!</p>\r\n', '', '', 0, 0, 0, 'MÁY XÁT GẠO TL-56.png', 'MÁY XÁT GẠO TL-56.png', '[]', '2023-07-19 11:07:45', NULL, 0, 0, 0, 0, '', '', '', '', '', '', '', '', '', '', '', '', '', 1, 'Máy xát gạo TL-56 (chưa gồm động cơ)', '', 'may-xat-gao-tl-56-chua-gom-dong-co-1', '', 10, '103', '', '', NULL, NULL, '102,102', NULL, 0, NULL),
(2195, 'Máy xát gạo TL-26G chạy động cơ xăng( chưa gồm động cơ)', NULL, '<p>C&ocirc;ng ty TNHH Hợp Lực Cảng Việt chuy&ecirc;n cung cấp c&aacute;c loại m&oacute;c c&ocirc;ng nghiệp như m&aacute;y ph&aacute;t điện, m&aacute;y x&aacute;t gạo, m&aacute;y xới đất, m&aacute;y tuốt l&uacute;a,... Đ&acirc;y l&agrave; c&aacute;c loại m&aacute;y được ch&uacute;ng t&ocirc;i nhập khẩu ch&iacute;nh h&atilde;ng nguy&ecirc;n chiếc, gi&uacute;p cho b&agrave; con n&ocirc;ng d&acirc;n v&agrave; c&aacute;c chủ doanh nghiệp c&oacute; thể tiết kiệm c&ocirc;ng sức lao độn, n&acirc;ng cao hiệu suất c&ocirc;ng việc sản xuất.</p>\r\n', '', '', '<p>C&Ocirc;NG SUẤT CAO - GI&Aacute; CỰC TỐT</p>\r\n\r\n<p>H&Agrave;NG CH&Iacute;NH H&Atilde;NG - NHẬP KHẨU NGUY&Ecirc;N CHIẾC</p>\r\n\r\n<p>Hiệu suất cao - chất lượng tốt lu&ocirc;n l&agrave; ti&ecirc;u ch&iacute; h&agrave;ng đầu khi kh&aacute;ch h&agrave;ng t&igrave;m kiếm c&aacute;c d&ograve;ng sản phẩm m&aacute;y m&oacute;c c&ocirc;ng nghiệp.</p>\r\n\r\n<p>Thấu hiểu được điều đ&oacute;, Hợp Lực Cảng tự h&agrave;o giới thiệu đến qu&yacute; kh&aacute;ch những d&ograve;ng sản phẩm h&agrave;ng đầu trong ng&agrave;nh, bao gồm m&aacute;y ph&aacute;t điện, m&aacute;y x&aacute;t gạo, m&aacute;y xới đất v&agrave; m&aacute;y tuốt l&uacute;a.</p>\r\n\r\n<p>Tất cả c&aacute;c sản phẩm v&agrave; dịch vụ m&agrave; ch&uacute;ng t&ocirc;i cung cấp đều được kiểm tra v&agrave; đảm bảo tu&acirc;n thủ c&aacute;c ti&ecirc;u chuẩn chất lượng cao nhất</p>\r\n\r\n<p>Li&ecirc;n hệ ngay để được tư vấn v&agrave; nhận th&ocirc;ng tin chi tiết về c&aacute;c sản phẩm c&ocirc;ng nghiệp h&agrave;ng đầu của ch&uacute;ng t&ocirc;i.</p>\r\n\r\n<p>Hợp lực cảng Việt - Đối t&aacute;c đ&aacute;ng tin cậy cho c&aacute;c giải ph&aacute;p c&ocirc;ng nghiệp vượt trội!</p>\r\n', '', '', 0, 0, 0, 'Máy xát gạo TL-26G chạy động cơ xăng.png', 'Máy xát gạo TL-26G chạy động cơ xăng.png', '[]', '2023-07-19 11:07:02', NULL, 0, 0, 0, 0, '', '', '', '', '', '', '', '', '', '', '', '', '', 1, 'Máy xát gạo TL-26G chạy động cơ xăng( chưa gồm động cơ)', '', 'may-xat-gao-tl-26g-chay-dong-co-xang-chua-gom-dong-co', '', 10, '103', '', '', NULL, NULL, '102,102', NULL, 0, NULL),
(2196, 'Máy xát gạo TL-26FB sàng lọc sạn đảo chiều (chưa gồm động cơ)', NULL, '<p>C&ocirc;ng ty TNHH Hợp Lực Cảng Việt chuy&ecirc;n cung cấp c&aacute;c loại m&oacute;c c&ocirc;ng nghiệp như m&aacute;y ph&aacute;t điện, m&aacute;y x&aacute;t gạo, m&aacute;y xới đất, m&aacute;y tuốt l&uacute;a,... Đ&acirc;y l&agrave; c&aacute;c loại m&aacute;y được ch&uacute;ng t&ocirc;i nhập khẩu ch&iacute;nh h&atilde;ng nguy&ecirc;n chiếc, gi&uacute;p cho b&agrave; con n&ocirc;ng d&acirc;n v&agrave; c&aacute;c chủ doanh nghiệp c&oacute; thể tiết kiệm c&ocirc;ng sức lao độn, n&acirc;ng cao hiệu suất c&ocirc;ng việc sản xuất.</p>\r\n', '', '', '<p>C&Ocirc;NG SUẤT CAO - GI&Aacute; CỰC TỐT</p>\r\n\r\n<p>H&Agrave;NG CH&Iacute;NH H&Atilde;NG - NHẬP KHẨU NGUY&Ecirc;N CHIẾC</p>\r\n\r\n<p>Hiệu suất cao - chất lượng tốt lu&ocirc;n l&agrave; ti&ecirc;u ch&iacute; h&agrave;ng đầu khi kh&aacute;ch h&agrave;ng t&igrave;m kiếm c&aacute;c d&ograve;ng sản phẩm m&aacute;y m&oacute;c c&ocirc;ng nghiệp.</p>\r\n\r\n<p>Thấu hiểu được điều đ&oacute;, Hợp Lực Cảng tự h&agrave;o giới thiệu đến qu&yacute; kh&aacute;ch những d&ograve;ng sản phẩm h&agrave;ng đầu trong ng&agrave;nh, bao gồm m&aacute;y ph&aacute;t điện, m&aacute;y x&aacute;t gạo, m&aacute;y xới đất v&agrave; m&aacute;y tuốt l&uacute;a.</p>\r\n\r\n<p>Tất cả c&aacute;c sản phẩm v&agrave; dịch vụ m&agrave; ch&uacute;ng t&ocirc;i cung cấp đều được kiểm tra v&agrave; đảm bảo tu&acirc;n thủ c&aacute;c ti&ecirc;u chuẩn chất lượng cao nhất</p>\r\n\r\n<p>Li&ecirc;n hệ ngay để được tư vấn v&agrave; nhận th&ocirc;ng tin chi tiết về c&aacute;c sản phẩm c&ocirc;ng nghiệp h&agrave;ng đầu của ch&uacute;ng t&ocirc;i.</p>\r\n\r\n<p>Hợp lực cảng Việt - Đối t&aacute;c đ&aacute;ng tin cậy cho c&aacute;c giải ph&aacute;p c&ocirc;ng nghiệp vượt trội!</p>\r\n', '', '', 0, 0, 0, 'Máy xát gạo TL-26FB sàng lọc sạn đảo chiều.png', 'Máy xát gạo TL-26FB sàng lọc sạn đảo chiều.png', '[]', '2023-07-19 15:07:12', NULL, 0, 0, 0, 0, '', '', '', '', '', '', '', '', '', '', '', '', '', 1, 'Máy xát gạo TL-26FB sàng lọc sạn đảo chiều (chưa gồm động cơ)', '', 'may-xat-gao-tl-26fb-sang-loc-san-dao-chieu-chua-gom-dong-co', '', 10, '103', '', '', NULL, NULL, '102,102', NULL, 0, NULL),
(2197, 'Máy xát gạo TL-26FB Inox, sàng lọc sạn, attomat, đồng hồ, hộp số (chưa gồm động cơ)', NULL, '<p>C&ocirc;ng ty TNHH Hợp Lực Cảng Việt chuy&ecirc;n cung cấp c&aacute;c loại m&oacute;c c&ocirc;ng nghiệp như m&aacute;y ph&aacute;t điện, m&aacute;y x&aacute;t gạo, m&aacute;y xới đất, m&aacute;y tuốt l&uacute;a,... Đ&acirc;y l&agrave; c&aacute;c loại m&aacute;y được ch&uacute;ng t&ocirc;i nhập khẩu ch&iacute;nh h&atilde;ng nguy&ecirc;n chiếc, gi&uacute;p cho b&agrave; con n&ocirc;ng d&acirc;n v&agrave; c&aacute;c chủ doanh nghiệp c&oacute; thể tiết kiệm c&ocirc;ng sức lao độn, n&acirc;ng cao hiệu suất c&ocirc;ng việc sản xuất.</p>\r\n', '', '', '<p>C&Ocirc;NG SUẤT CAO - GI&Aacute; CỰC TỐT</p>\r\n\r\n<p>H&Agrave;NG CH&Iacute;NH H&Atilde;NG - NHẬP KHẨU NGUY&Ecirc;N CHIẾC</p>\r\n\r\n<p>Hiệu suất cao - chất lượng tốt lu&ocirc;n l&agrave; ti&ecirc;u ch&iacute; h&agrave;ng đầu khi kh&aacute;ch h&agrave;ng t&igrave;m kiếm c&aacute;c d&ograve;ng sản phẩm m&aacute;y m&oacute;c c&ocirc;ng nghiệp.</p>\r\n\r\n<p>Thấu hiểu được điều đ&oacute;, Hợp Lực Cảng tự h&agrave;o giới thiệu đến qu&yacute; kh&aacute;ch những d&ograve;ng sản phẩm h&agrave;ng đầu trong ng&agrave;nh, bao gồm m&aacute;y ph&aacute;t điện, m&aacute;y x&aacute;t gạo, m&aacute;y xới đất v&agrave; m&aacute;y tuốt l&uacute;a.</p>\r\n\r\n<p>Tất cả c&aacute;c sản phẩm v&agrave; dịch vụ m&agrave; ch&uacute;ng t&ocirc;i cung cấp đều được kiểm tra v&agrave; đảm bảo tu&acirc;n thủ c&aacute;c ti&ecirc;u chuẩn chất lượng cao nhất</p>\r\n\r\n<p>Li&ecirc;n hệ ngay để được tư vấn v&agrave; nhận th&ocirc;ng tin chi tiết về c&aacute;c sản phẩm c&ocirc;ng nghiệp h&agrave;ng đầu của ch&uacute;ng t&ocirc;i.</p>\r\n\r\n<p>Hợp lực cảng Việt - Đối t&aacute;c đ&aacute;ng tin cậy cho c&aacute;c giải ph&aacute;p c&ocirc;ng nghiệp vượt trội!</p>\r\n', '', '', 0, 0, 0, 'MÁY XÁT GẠO TL-26FB INOX, SÀNG LỌC SẠN.png', 'MÁY XÁT GẠO TL-26FB INOX, SÀNG LỌC SẠN.png', '[]', '2023-07-19 15:07:09', '2023-07-19 16:07:06', 0, 0, 0, 0, '', '', '', '', '', '', '', '', '', '', '', '', '', 1, 'Máy xát gạo TL-26FB Inox, sàng lọc sạn, attomat, đồng hồ, hộp số (chưa gồm động cơ)', '', 'may-xat-gao-tl-26fb-inox-sang-loc-san-attomat-dong-ho-hop-so-chua-gom-dong-co', '', 10, '103', '', '', NULL, NULL, '102,102', NULL, 0, ''),
(2198, 'Máy xát gạo TL-26B Inox đảo chiều (chưa gồm động cơ)', NULL, '<p>C&ocirc;ng ty TNHH Hợp Lực Cảng Việt chuy&ecirc;n cung cấp c&aacute;c loại m&oacute;c c&ocirc;ng nghiệp như m&aacute;y ph&aacute;t điện, m&aacute;y x&aacute;t gạo, m&aacute;y xới đất, m&aacute;y tuốt l&uacute;a,... Đ&acirc;y l&agrave; c&aacute;c loại m&aacute;y được ch&uacute;ng t&ocirc;i nhập khẩu ch&iacute;nh h&atilde;ng nguy&ecirc;n chiếc, gi&uacute;p cho b&agrave; con n&ocirc;ng d&acirc;n v&agrave; c&aacute;c chủ doanh nghiệp c&oacute; thể tiết kiệm c&ocirc;ng sức lao độn, n&acirc;ng cao hiệu suất c&ocirc;ng việc sản xuất.</p>\r\n', '', '', '<p>C&Ocirc;NG SUẤT CAO - GI&Aacute; CỰC TỐT</p>\r\n\r\n<p>H&Agrave;NG CH&Iacute;NH H&Atilde;NG - NHẬP KHẨU NGUY&Ecirc;N CHIẾC</p>\r\n\r\n<p>Hiệu suất cao - chất lượng tốt lu&ocirc;n l&agrave; ti&ecirc;u ch&iacute; h&agrave;ng đầu khi kh&aacute;ch h&agrave;ng t&igrave;m kiếm c&aacute;c d&ograve;ng sản phẩm m&aacute;y m&oacute;c c&ocirc;ng nghiệp.</p>\r\n\r\n<p>Thấu hiểu được điều đ&oacute;, Hợp Lực Cảng tự h&agrave;o giới thiệu đến qu&yacute; kh&aacute;ch những d&ograve;ng sản phẩm h&agrave;ng đầu trong ng&agrave;nh, bao gồm m&aacute;y ph&aacute;t điện, m&aacute;y x&aacute;t gạo, m&aacute;y xới đất v&agrave; m&aacute;y tuốt l&uacute;a.</p>\r\n\r\n<p>Tất cả c&aacute;c sản phẩm v&agrave; dịch vụ m&agrave; ch&uacute;ng t&ocirc;i cung cấp đều được kiểm tra v&agrave; đảm bảo tu&acirc;n thủ c&aacute;c ti&ecirc;u chuẩn chất lượng cao nhất</p>\r\n\r\n<p>Li&ecirc;n hệ ngay để được tư vấn v&agrave; nhận th&ocirc;ng tin chi tiết về c&aacute;c sản phẩm c&ocirc;ng nghiệp h&agrave;ng đầu của ch&uacute;ng t&ocirc;i.</p>\r\n\r\n<p>Hợp lực cảng Việt - Đối t&aacute;c đ&aacute;ng tin cậy cho c&aacute;c giải ph&aacute;p c&ocirc;ng nghiệp vượt trội!</p>\r\n', '', '', 0, 0, 0, 'Máy xát gạo TL-26B Inox đảo chiều.png', 'Máy xát gạo TL-26B Inox đảo chiều.png', '[]', '2023-07-19 15:07:27', '2023-07-19 16:07:33', 0, 0, 0, 0, '', '', '', '', '', '', '', '', '', '', '', '', '', 1, 'Máy xát gạo TL-26B Inox đảo chiều (chưa gồm động cơ)', '', 'may-xat-gao-tl-26b-inox-dao-chieu-chua-gom-dong-co-1', '', 10, '103', '', '', NULL, NULL, '102,102', NULL, 0, ''),
(2199, 'Máy xát gạo TL-26B đảo chiều (chưa gồm động cơ)', NULL, '<p>C&ocirc;ng ty TNHH Hợp Lực Cảng Việt chuy&ecirc;n cung cấp c&aacute;c loại m&oacute;c c&ocirc;ng nghiệp như m&aacute;y ph&aacute;t điện, m&aacute;y x&aacute;t gạo, m&aacute;y xới đất, m&aacute;y tuốt l&uacute;a,... Đ&acirc;y l&agrave; c&aacute;c loại m&aacute;y được ch&uacute;ng t&ocirc;i nhập khẩu ch&iacute;nh h&atilde;ng nguy&ecirc;n chiếc, gi&uacute;p cho b&agrave; con n&ocirc;ng d&acirc;n v&agrave; c&aacute;c chủ doanh nghiệp c&oacute; thể tiết kiệm c&ocirc;ng sức lao độn, n&acirc;ng cao hiệu suất c&ocirc;ng việc sản xuất.</p>\r\n', '', '', '<p>C&Ocirc;NG SUẤT CAO - GI&Aacute; CỰC TỐT</p>\r\n\r\n<p>H&Agrave;NG CH&Iacute;NH H&Atilde;NG - NHẬP KHẨU NGUY&Ecirc;N CHIẾC</p>\r\n\r\n<p>Hiệu suất cao - chất lượng tốt lu&ocirc;n l&agrave; ti&ecirc;u ch&iacute; h&agrave;ng đầu khi kh&aacute;ch h&agrave;ng t&igrave;m kiếm c&aacute;c d&ograve;ng sản phẩm m&aacute;y m&oacute;c c&ocirc;ng nghiệp.</p>\r\n\r\n<p>Thấu hiểu được điều đ&oacute;, Hợp Lực Cảng tự h&agrave;o giới thiệu đến qu&yacute; kh&aacute;ch những d&ograve;ng sản phẩm h&agrave;ng đầu trong ng&agrave;nh, bao gồm m&aacute;y ph&aacute;t điện, m&aacute;y x&aacute;t gạo, m&aacute;y xới đất v&agrave; m&aacute;y tuốt l&uacute;a.</p>\r\n\r\n<p>Tất cả c&aacute;c sản phẩm v&agrave; dịch vụ m&agrave; ch&uacute;ng t&ocirc;i cung cấp đều được kiểm tra v&agrave; đảm bảo tu&acirc;n thủ c&aacute;c ti&ecirc;u chuẩn chất lượng cao nhất</p>\r\n\r\n<p>Li&ecirc;n hệ ngay để được tư vấn v&agrave; nhận th&ocirc;ng tin chi tiết về c&aacute;c sản phẩm c&ocirc;ng nghiệp h&agrave;ng đầu của ch&uacute;ng t&ocirc;i.</p>\r\n\r\n<p>Hợp lực cảng Việt - Đối t&aacute;c đ&aacute;ng tin cậy cho c&aacute;c giải ph&aacute;p c&ocirc;ng nghiệp vượt trội!</p>\r\n', '', '', 0, 0, 0, 'Máy xát gạo TL-26B đảo chiều.png', 'Máy xát gạo TL-26B đảo chiều.png', '[]', '2023-07-19 15:07:48', NULL, 0, 0, 0, 0, '', '', '', '', '', '', '', '', '', '', '', '', '', 1, 'Máy xát gạo TL-26B đảo chiều (chưa gồm động cơ)', '', 'may-xat-gao-tl-26b-dao-chieu-chua-gom-dong-co', '', 10, '103', '', '', NULL, NULL, '102,102', NULL, 0, NULL),
(2200, 'Máy xát gạo TL-26B (đơn, chưa gồm động cơ)', NULL, '<p>C&ocirc;ng ty TNHH Hợp Lực Cảng Việt chuy&ecirc;n cung cấp c&aacute;c loại m&oacute;c c&ocirc;ng nghiệp như m&aacute;y ph&aacute;t điện, m&aacute;y x&aacute;t gạo, m&aacute;y xới đất, m&aacute;y tuốt l&uacute;a,... Đ&acirc;y l&agrave; c&aacute;c loại m&aacute;y được ch&uacute;ng t&ocirc;i nhập khẩu ch&iacute;nh h&atilde;ng nguy&ecirc;n chiếc, gi&uacute;p cho b&agrave; con n&ocirc;ng d&acirc;n v&agrave; c&aacute;c chủ doanh nghiệp c&oacute; thể tiết kiệm c&ocirc;ng sức lao độn, n&acirc;ng cao hiệu suất c&ocirc;ng việc sản xuất.</p>\r\n', '', '', '<p>C&Ocirc;NG SUẤT CAO - GI&Aacute; CỰC TỐT</p>\r\n\r\n<p>H&Agrave;NG CH&Iacute;NH H&Atilde;NG - NHẬP KHẨU NGUY&Ecirc;N CHIẾC</p>\r\n\r\n<p>Hiệu suất cao - chất lượng tốt lu&ocirc;n l&agrave; ti&ecirc;u ch&iacute; h&agrave;ng đầu khi kh&aacute;ch h&agrave;ng t&igrave;m kiếm c&aacute;c d&ograve;ng sản phẩm m&aacute;y m&oacute;c c&ocirc;ng nghiệp.</p>\r\n\r\n<p>Thấu hiểu được điều đ&oacute;, Hợp Lực Cảng tự h&agrave;o giới thiệu đến qu&yacute; kh&aacute;ch những d&ograve;ng sản phẩm h&agrave;ng đầu trong ng&agrave;nh, bao gồm m&aacute;y ph&aacute;t điện, m&aacute;y x&aacute;t gạo, m&aacute;y xới đất v&agrave; m&aacute;y tuốt l&uacute;a.</p>\r\n\r\n<p>Tất cả c&aacute;c sản phẩm v&agrave; dịch vụ m&agrave; ch&uacute;ng t&ocirc;i cung cấp đều được kiểm tra v&agrave; đảm bảo tu&acirc;n thủ c&aacute;c ti&ecirc;u chuẩn chất lượng cao nhất</p>\r\n\r\n<p>Li&ecirc;n hệ ngay để được tư vấn v&agrave; nhận th&ocirc;ng tin chi tiết về c&aacute;c sản phẩm c&ocirc;ng nghiệp h&agrave;ng đầu của ch&uacute;ng t&ocirc;i.</p>\r\n\r\n<p>Hợp lực cảng Việt - Đối t&aacute;c đ&aacute;ng tin cậy cho c&aacute;c giải ph&aacute;p c&ocirc;ng nghiệp vượt trội!</p>\r\n', '', '', 0, 0, 0, 'Máy xát gạo TL-26B (đơn).png', 'Máy xát gạo TL-26B (đơn).png', '[]', '2023-07-19 16:07:46', NULL, 0, 0, 0, 0, '', '', '', '', '', '', '', '', '', '', '', '', '', 1, 'Máy xát gạo TL-26B (đơn, chưa gồm động cơ)', '', 'may-xat-gao-tl-26b-don-chua-gom-dong-co', '', 10, '103', '', '', NULL, NULL, '102,102', NULL, 0, NULL),
(2201, 'Máy xát gạo TL -58SCG chạy động cơ xăng (chưa gồm động cơ)', NULL, '<p>C&ocirc;ng ty TNHH Hợp Lực Cảng Việt chuy&ecirc;n cung cấp c&aacute;c loại m&oacute;c c&ocirc;ng nghiệp như m&aacute;y ph&aacute;t điện, m&aacute;y x&aacute;t gạo, m&aacute;y xới đất, m&aacute;y tuốt l&uacute;a,... Đ&acirc;y l&agrave; c&aacute;c loại m&aacute;y được ch&uacute;ng t&ocirc;i nhập khẩu ch&iacute;nh h&atilde;ng nguy&ecirc;n chiếc, gi&uacute;p cho b&agrave; con n&ocirc;ng d&acirc;n v&agrave; c&aacute;c chủ doanh nghiệp c&oacute; thể tiết kiệm c&ocirc;ng sức lao độn, n&acirc;ng cao hiệu suất c&ocirc;ng việc sản xuất.</p>\r\n', '', '', '<p>C&Ocirc;NG SUẤT CAO - GI&Aacute; CỰC TỐT</p>\r\n\r\n<p>H&Agrave;NG CH&Iacute;NH H&Atilde;NG - NHẬP KHẨU NGUY&Ecirc;N CHIẾC</p>\r\n\r\n<p>Hiệu suất cao - chất lượng tốt lu&ocirc;n l&agrave; ti&ecirc;u ch&iacute; h&agrave;ng đầu khi kh&aacute;ch h&agrave;ng t&igrave;m kiếm c&aacute;c d&ograve;ng sản phẩm m&aacute;y m&oacute;c c&ocirc;ng nghiệp.</p>\r\n\r\n<p>Thấu hiểu được điều đ&oacute;, Hợp Lực Cảng tự h&agrave;o giới thiệu đến qu&yacute; kh&aacute;ch những d&ograve;ng sản phẩm h&agrave;ng đầu trong ng&agrave;nh, bao gồm m&aacute;y ph&aacute;t điện, m&aacute;y x&aacute;t gạo, m&aacute;y xới đất v&agrave; m&aacute;y tuốt l&uacute;a.</p>\r\n\r\n<p>Tất cả c&aacute;c sản phẩm v&agrave; dịch vụ m&agrave; ch&uacute;ng t&ocirc;i cung cấp đều được kiểm tra v&agrave; đảm bảo tu&acirc;n thủ c&aacute;c ti&ecirc;u chuẩn chất lượng cao nhất</p>\r\n\r\n<p>Li&ecirc;n hệ ngay để được tư vấn v&agrave; nhận th&ocirc;ng tin chi tiết về c&aacute;c sản phẩm c&ocirc;ng nghiệp h&agrave;ng đầu của ch&uacute;ng t&ocirc;i.</p>\r\n\r\n<p>Hợp lực cảng Việt - Đối t&aacute;c đ&aacute;ng tin cậy cho c&aacute;c giải ph&aacute;p c&ocirc;ng nghiệp vượt trội!</p>\r\n', '', '', 0, 0, 0, 'Máy xát gạo TL- 58SCG.jpg', 'Máy xát gạo TL- 58SCG.jpg', '[]', '2023-07-19 16:07:05', NULL, 0, 0, 0, 0, '', '', '', '', '', '', '', '', '', '', '', '', '', 1, 'Máy xát gạo TL -58SCG chạy động cơ xăng (chưa gồm động cơ)', '', 'may-xat-gao-tl-58scg-chay-dong-co-xang-chua-gom-dong-co', '', 10, '103', '', '', NULL, NULL, '102,102', NULL, 0, NULL),
(2202, 'Máy xát gạo đơn TL-358 (đã bao gồm động cơ lắp sẵn)', NULL, '<p>C&ocirc;ng ty TNHH Hợp Lực Cảng Việt chuy&ecirc;n cung cấp c&aacute;c loại m&oacute;c c&ocirc;ng nghiệp như m&aacute;y ph&aacute;t điện, m&aacute;y x&aacute;t gạo, m&aacute;y xới đất, m&aacute;y tuốt l&uacute;a,... Đ&acirc;y l&agrave; c&aacute;c loại m&aacute;y được ch&uacute;ng t&ocirc;i nhập khẩu ch&iacute;nh h&atilde;ng nguy&ecirc;n chiếc, gi&uacute;p cho b&agrave; con n&ocirc;ng d&acirc;n v&agrave; c&aacute;c chủ doanh nghiệp c&oacute; thể tiết kiệm c&ocirc;ng sức lao độn, n&acirc;ng cao hiệu suất c&ocirc;ng việc sản xuất.</p>\r\n', '', '', '<p>C&Ocirc;NG SUẤT CAO - GI&Aacute; CỰC TỐT</p>\r\n\r\n<p>H&Agrave;NG CH&Iacute;NH H&Atilde;NG - NHẬP KHẨU NGUY&Ecirc;N CHIẾC</p>\r\n\r\n<p>Hiệu suất cao - chất lượng tốt lu&ocirc;n l&agrave; ti&ecirc;u ch&iacute; h&agrave;ng đầu khi kh&aacute;ch h&agrave;ng t&igrave;m kiếm c&aacute;c d&ograve;ng sản phẩm m&aacute;y m&oacute;c c&ocirc;ng nghiệp.</p>\r\n\r\n<p>Thấu hiểu được điều đ&oacute;, Hợp Lực Cảng tự h&agrave;o giới thiệu đến qu&yacute; kh&aacute;ch những d&ograve;ng sản phẩm h&agrave;ng đầu trong ng&agrave;nh, bao gồm m&aacute;y ph&aacute;t điện, m&aacute;y x&aacute;t gạo, m&aacute;y xới đất v&agrave; m&aacute;y tuốt l&uacute;a.</p>\r\n\r\n<p>Tất cả c&aacute;c sản phẩm v&agrave; dịch vụ m&agrave; ch&uacute;ng t&ocirc;i cung cấp đều được kiểm tra v&agrave; đảm bảo tu&acirc;n thủ c&aacute;c ti&ecirc;u chuẩn chất lượng cao nhất</p>\r\n\r\n<p>Li&ecirc;n hệ ngay để được tư vấn v&agrave; nhận th&ocirc;ng tin chi tiết về c&aacute;c sản phẩm c&ocirc;ng nghiệp h&agrave;ng đầu của ch&uacute;ng t&ocirc;i.</p>\r\n\r\n<p>Hợp lực cảng Việt - Đối t&aacute;c đ&aacute;ng tin cậy cho c&aacute;c giải ph&aacute;p c&ocirc;ng nghiệp vượt trội!</p>\r\n', '', '', 0, 0, 0, 'MÁY XÁT GẠO ĐƠN TL- 358.png', 'MÁY XÁT GẠO ĐƠN TL- 358.png', '[]', '2023-07-19 16:07:16', NULL, 0, 0, 0, 0, '', '', '', '', '', '', '', '', '', '', '', '', '', 1, 'Máy xát gạo đơn TL-358 (đã bao gồm động cơ lắp sẵn)', '', 'may-xat-gao-don-tl-358-da-bao-gom-dong-co-lap-san', '', 10, '103', '', '', NULL, NULL, '102,102', NULL, 0, NULL),
(2203, 'Máy nghiền Inox TL-21 (chưa gồm động cơ)', NULL, '<p>C&ocirc;ng ty TNHH Hợp Lực Cảng Việt chuy&ecirc;n cung cấp c&aacute;c loại m&oacute;c c&ocirc;ng nghiệp như m&aacute;y ph&aacute;t điện, m&aacute;y x&aacute;t gạo, m&aacute;y xới đất, m&aacute;y tuốt l&uacute;a,... Đ&acirc;y l&agrave; c&aacute;c loại m&aacute;y được ch&uacute;ng t&ocirc;i nhập khẩu ch&iacute;nh h&atilde;ng nguy&ecirc;n chiếc, gi&uacute;p cho b&agrave; con n&ocirc;ng d&acirc;n v&agrave; c&aacute;c chủ doanh nghiệp c&oacute; thể tiết kiệm c&ocirc;ng sức lao độn, n&acirc;ng cao hiệu suất c&ocirc;ng việc sản xuất.</p>\r\n', '', '', '<p>C&Ocirc;NG SUẤT CAO - GI&Aacute; CỰC TỐT</p>\r\n\r\n<p>H&Agrave;NG CH&Iacute;NH H&Atilde;NG - NHẬP KHẨU NGUY&Ecirc;N CHIẾC</p>\r\n\r\n<p>Hiệu suất cao - chất lượng tốt lu&ocirc;n l&agrave; ti&ecirc;u ch&iacute; h&agrave;ng đầu khi kh&aacute;ch h&agrave;ng t&igrave;m kiếm c&aacute;c d&ograve;ng sản phẩm m&aacute;y m&oacute;c c&ocirc;ng nghiệp.</p>\r\n\r\n<p>Thấu hiểu được điều đ&oacute;, Hợp Lực Cảng tự h&agrave;o giới thiệu đến qu&yacute; kh&aacute;ch những d&ograve;ng sản phẩm h&agrave;ng đầu trong ng&agrave;nh, bao gồm m&aacute;y ph&aacute;t điện, m&aacute;y x&aacute;t gạo, m&aacute;y xới đất v&agrave; m&aacute;y tuốt l&uacute;a.</p>\r\n\r\n<p>Tất cả c&aacute;c sản phẩm v&agrave; dịch vụ m&agrave; ch&uacute;ng t&ocirc;i cung cấp đều được kiểm tra v&agrave; đảm bảo tu&acirc;n thủ c&aacute;c ti&ecirc;u chuẩn chất lượng cao nhất</p>\r\n\r\n<p>Li&ecirc;n hệ ngay để được tư vấn v&agrave; nhận th&ocirc;ng tin chi tiết về c&aacute;c sản phẩm c&ocirc;ng nghiệp h&agrave;ng đầu của ch&uacute;ng t&ocirc;i.</p>\r\n\r\n<p>Hợp lực cảng Việt - Đối t&aacute;c đ&aacute;ng tin cậy cho c&aacute;c giải ph&aacute;p c&ocirc;ng nghiệp vượt trội!</p>\r\n', '', '', 0, 0, 0, 'Máy nghiền Inox TL-21.png', 'Máy nghiền Inox TL-21.png', '[]', '2023-07-19 16:07:28', NULL, 0, 0, 0, 0, '', '', '', '', '', '', '', '', '', '', '', '', '', 1, 'Máy nghiền Inox TL-21 (chưa gồm động cơ)', '', 'may-nghien-inox-tl-21-chua-gom-dong-co', '', 10, '103', '', '', NULL, NULL, '105,105', NULL, 0, NULL);
INSERT INTO `product` (`product_id`, `product_name`, `alias`, `product_des`, `product_des2`, `product_des3`, `product_content`, `product_content2`, `product_content3`, `product_price`, `product_price_sale`, `product_discount`, `product_img`, `product_img_2`, `product_sub_img`, `product_created_date`, `product_update_date`, `productcat_id`, `product_hot`, `product_new`, `product_sale`, `product_code`, `product_original`, `product_size`, `product_package`, `product_delivery`, `product_delivery_time`, `product_payment`, `product_payment_type`, `product_sub_info1`, `product_sub_info2`, `product_sub_info3`, `product_sub_info4`, `product_sub_info5`, `state`, `title_seo`, `des_seo`, `friendly_url`, `keyword`, `created_id`, `product_material`, `product_shape`, `product_expiration`, `product_producer`, `product_review`, `productcat_ar`, `producttag_arr`, `product_sort`, `product_img_video`) VALUES
(2204, 'Sàng rung độc lập RMM-02', NULL, '<p>C&ocirc;ng ty TNHH Hợp Lực Cảng Việt chuy&ecirc;n cung cấp c&aacute;c loại m&oacute;c c&ocirc;ng nghiệp như m&aacute;y ph&aacute;t điện, m&aacute;y x&aacute;t gạo, m&aacute;y xới đất, m&aacute;y tuốt l&uacute;a,... Đ&acirc;y l&agrave; c&aacute;c loại m&aacute;y được ch&uacute;ng t&ocirc;i nhập khẩu ch&iacute;nh h&atilde;ng nguy&ecirc;n chiếc, gi&uacute;p cho b&agrave; con n&ocirc;ng d&acirc;n v&agrave; c&aacute;c chủ doanh nghiệp c&oacute; thể tiết kiệm c&ocirc;ng sức lao độn, n&acirc;ng cao hiệu suất c&ocirc;ng việc sản xuất.</p>\r\n', '', '', '<p>C&Ocirc;NG SUẤT CAO - GI&Aacute; CỰC TỐT</p>\r\n\r\n<p>H&Agrave;NG CH&Iacute;NH H&Atilde;NG - NHẬP KHẨU NGUY&Ecirc;N CHIẾC</p>\r\n\r\n<p>Hiệu suất cao - chất lượng tốt lu&ocirc;n l&agrave; ti&ecirc;u ch&iacute; h&agrave;ng đầu khi kh&aacute;ch h&agrave;ng t&igrave;m kiếm c&aacute;c d&ograve;ng sản phẩm m&aacute;y m&oacute;c c&ocirc;ng nghiệp.</p>\r\n\r\n<p>Thấu hiểu được điều đ&oacute;, Hợp Lực Cảng tự h&agrave;o giới thiệu đến qu&yacute; kh&aacute;ch những d&ograve;ng sản phẩm h&agrave;ng đầu trong ng&agrave;nh, bao gồm m&aacute;y ph&aacute;t điện, m&aacute;y x&aacute;t gạo, m&aacute;y xới đất v&agrave; m&aacute;y tuốt l&uacute;a.</p>\r\n\r\n<p>Tất cả c&aacute;c sản phẩm v&agrave; dịch vụ m&agrave; ch&uacute;ng t&ocirc;i cung cấp đều được kiểm tra v&agrave; đảm bảo tu&acirc;n thủ c&aacute;c ti&ecirc;u chuẩn chất lượng cao nhất</p>\r\n\r\n<p>Li&ecirc;n hệ ngay để được tư vấn v&agrave; nhận th&ocirc;ng tin chi tiết về c&aacute;c sản phẩm c&ocirc;ng nghiệp h&agrave;ng đầu của ch&uacute;ng t&ocirc;i.</p>\r\n\r\n<p>Hợp lực cảng Việt - Đối t&aacute;c đ&aacute;ng tin cậy cho c&aacute;c giải ph&aacute;p c&ocirc;ng nghiệp vượt trội!</p>\r\n', '', '', 0, 0, 0, 'SÀNG RUNG ĐỘC LẬP RMM 02.png', 'SÀNG RUNG ĐỘC LẬP RMM 02.png', '[]', '2023-07-19 16:07:50', NULL, 0, 0, 0, 0, '', '', '', '', '', '', '', '', '', '', '', '', '', 1, 'Sàng rung độc lập RMM-02', '', 'sang-rung-doc-lap-rmm-02', '', 10, '103', '', '', NULL, NULL, '102,102', NULL, 0, NULL),
(2205, 'Sàng rung 3 cấp RMM-03', NULL, '<p>C&ocirc;ng ty TNHH Hợp Lực Cảng Việt chuy&ecirc;n cung cấp c&aacute;c loại m&oacute;c c&ocirc;ng nghiệp như m&aacute;y ph&aacute;t điện, m&aacute;y x&aacute;t gạo, m&aacute;y xới đất, m&aacute;y tuốt l&uacute;a,... Đ&acirc;y l&agrave; c&aacute;c loại m&aacute;y được ch&uacute;ng t&ocirc;i nhập khẩu ch&iacute;nh h&atilde;ng nguy&ecirc;n chiếc, gi&uacute;p cho b&agrave; con n&ocirc;ng d&acirc;n v&agrave; c&aacute;c chủ doanh nghiệp c&oacute; thể tiết kiệm c&ocirc;ng sức lao độn, n&acirc;ng cao hiệu suất c&ocirc;ng việc sản xuất.</p>\r\n', '', '', '<p>C&Ocirc;NG SUẤT CAO - GI&Aacute; CỰC TỐT</p>\r\n\r\n<p>H&Agrave;NG CH&Iacute;NH H&Atilde;NG - NHẬP KHẨU NGUY&Ecirc;N CHIẾC</p>\r\n\r\n<p>Hiệu suất cao - chất lượng tốt lu&ocirc;n l&agrave; ti&ecirc;u ch&iacute; h&agrave;ng đầu khi kh&aacute;ch h&agrave;ng t&igrave;m kiếm c&aacute;c d&ograve;ng sản phẩm m&aacute;y m&oacute;c c&ocirc;ng nghiệp.</p>\r\n\r\n<p>Thấu hiểu được điều đ&oacute;, Hợp Lực Cảng tự h&agrave;o giới thiệu đến qu&yacute; kh&aacute;ch những d&ograve;ng sản phẩm h&agrave;ng đầu trong ng&agrave;nh, bao gồm m&aacute;y ph&aacute;t điện, m&aacute;y x&aacute;t gạo, m&aacute;y xới đất v&agrave; m&aacute;y tuốt l&uacute;a.</p>\r\n\r\n<p>Tất cả c&aacute;c sản phẩm v&agrave; dịch vụ m&agrave; ch&uacute;ng t&ocirc;i cung cấp đều được kiểm tra v&agrave; đảm bảo tu&acirc;n thủ c&aacute;c ti&ecirc;u chuẩn chất lượng cao nhất</p>\r\n\r\n<p>Li&ecirc;n hệ ngay để được tư vấn v&agrave; nhận th&ocirc;ng tin chi tiết về c&aacute;c sản phẩm c&ocirc;ng nghiệp h&agrave;ng đầu của ch&uacute;ng t&ocirc;i.</p>\r\n\r\n<p>Hợp lực cảng Việt - Đối t&aacute;c đ&aacute;ng tin cậy cho c&aacute;c giải ph&aacute;p c&ocirc;ng nghiệp vượt trội!</p>\r\n', '', '', 0, 0, 0, 'SÀNG RUNG 3 CẤP RMM 03.png', 'SÀNG RUNG 3 CẤP RMM 03.png', '[]', '2023-07-19 16:07:50', NULL, 0, 0, 0, 0, '', '', '', '', '', '', '', '', '', '', '', '', '', 1, 'Sàng rung 3 cấp RMM-03', '', 'sang-rung-3-cap-rmm-03', '', 10, '103', '', '', NULL, NULL, '105,105', NULL, 0, NULL),
(2206, 'Máy nghiền vuông (chưa gồm động cơ)', NULL, '<p>C&ocirc;ng ty TNHH Hợp Lực Cảng Việt chuy&ecirc;n cung cấp c&aacute;c loại m&oacute;c c&ocirc;ng nghiệp như m&aacute;y ph&aacute;t điện, m&aacute;y x&aacute;t gạo, m&aacute;y xới đất, m&aacute;y tuốt l&uacute;a,... Đ&acirc;y l&agrave; c&aacute;c loại m&aacute;y được ch&uacute;ng t&ocirc;i nhập khẩu ch&iacute;nh h&atilde;ng nguy&ecirc;n chiếc, gi&uacute;p cho b&agrave; con n&ocirc;ng d&acirc;n v&agrave; c&aacute;c chủ doanh nghiệp c&oacute; thể tiết kiệm c&ocirc;ng sức lao độn, n&acirc;ng cao hiệu suất c&ocirc;ng việc sản xuất.</p>\r\n', '', '', '<p>C&Ocirc;NG SUẤT CAO - GI&Aacute; CỰC TỐT</p>\r\n\r\n<p>H&Agrave;NG CH&Iacute;NH H&Atilde;NG - NHẬP KHẨU NGUY&Ecirc;N CHIẾC</p>\r\n\r\n<p>Hiệu suất cao - chất lượng tốt lu&ocirc;n l&agrave; ti&ecirc;u ch&iacute; h&agrave;ng đầu khi kh&aacute;ch h&agrave;ng t&igrave;m kiếm c&aacute;c d&ograve;ng sản phẩm m&aacute;y m&oacute;c c&ocirc;ng nghiệp.</p>\r\n\r\n<p>Thấu hiểu được điều đ&oacute;, Hợp Lực Cảng tự h&agrave;o giới thiệu đến qu&yacute; kh&aacute;ch những d&ograve;ng sản phẩm h&agrave;ng đầu trong ng&agrave;nh, bao gồm m&aacute;y ph&aacute;t điện, m&aacute;y x&aacute;t gạo, m&aacute;y xới đất v&agrave; m&aacute;y tuốt l&uacute;a.</p>\r\n\r\n<p>Tất cả c&aacute;c sản phẩm v&agrave; dịch vụ m&agrave; ch&uacute;ng t&ocirc;i cung cấp đều được kiểm tra v&agrave; đảm bảo tu&acirc;n thủ c&aacute;c ti&ecirc;u chuẩn chất lượng cao nhất</p>\r\n\r\n<p>Li&ecirc;n hệ ngay để được tư vấn v&agrave; nhận th&ocirc;ng tin chi tiết về c&aacute;c sản phẩm c&ocirc;ng nghiệp h&agrave;ng đầu của ch&uacute;ng t&ocirc;i.</p>\r\n\r\n<p>Hợp lực cảng Việt - Đối t&aacute;c đ&aacute;ng tin cậy cho c&aacute;c giải ph&aacute;p c&ocirc;ng nghiệp vượt trội!</p>\r\n', '', '', 0, 0, 0, 'Máy nghiền vuông.png', 'Máy nghiền vuông.png', '[]', '2023-07-19 16:07:07', NULL, 0, 0, 0, 0, '', '', '', '', '', '', '', '', '', '', '', '', '', 1, 'Máy nghiền vuông (chưa gồm động cơ)', '', 'may-nghien-vuong-chua-gom-dong-co', '', 10, '103', '', '', NULL, NULL, '105,105', NULL, 0, NULL),
(2207, 'Máy tuốt lúa đa năng 5TD-36A chạy động cơ Diezel (chưa gồm động cơ)', NULL, '<p>C&ocirc;ng ty TNHH Hợp Lực Cảng Việt chuy&ecirc;n cung cấp c&aacute;c loại m&oacute;c c&ocirc;ng nghiệp như m&aacute;y ph&aacute;t điện, m&aacute;y x&aacute;t gạo, m&aacute;y xới đất, m&aacute;y tuốt l&uacute;a,... Đ&acirc;y l&agrave; c&aacute;c loại m&aacute;y được ch&uacute;ng t&ocirc;i nhập khẩu ch&iacute;nh h&atilde;ng nguy&ecirc;n chiếc, gi&uacute;p cho b&agrave; con n&ocirc;ng d&acirc;n v&agrave; c&aacute;c chủ doanh nghiệp c&oacute; thể tiết kiệm c&ocirc;ng sức lao độn, n&acirc;ng cao hiệu suất c&ocirc;ng việc sản xuất.</p>\r\n', '', '', '<p>C&Ocirc;NG SUẤT CAO - GI&Aacute; CỰC TỐT</p>\r\n\r\n<p>H&Agrave;NG CH&Iacute;NH H&Atilde;NG - NHẬP KHẨU NGUY&Ecirc;N CHIẾC</p>\r\n\r\n<p>Hiệu suất cao - chất lượng tốt lu&ocirc;n l&agrave; ti&ecirc;u ch&iacute; h&agrave;ng đầu khi kh&aacute;ch h&agrave;ng t&igrave;m kiếm c&aacute;c d&ograve;ng sản phẩm m&aacute;y m&oacute;c c&ocirc;ng nghiệp.</p>\r\n\r\n<p>Thấu hiểu được điều đ&oacute;, Hợp Lực Cảng tự h&agrave;o giới thiệu đến qu&yacute; kh&aacute;ch những d&ograve;ng sản phẩm h&agrave;ng đầu trong ng&agrave;nh, bao gồm m&aacute;y ph&aacute;t điện, m&aacute;y x&aacute;t gạo, m&aacute;y xới đất v&agrave; m&aacute;y tuốt l&uacute;a.</p>\r\n\r\n<p>Tất cả c&aacute;c sản phẩm v&agrave; dịch vụ m&agrave; ch&uacute;ng t&ocirc;i cung cấp đều được kiểm tra v&agrave; đảm bảo tu&acirc;n thủ c&aacute;c ti&ecirc;u chuẩn chất lượng cao nhất</p>\r\n\r\n<p>Li&ecirc;n hệ ngay để được tư vấn v&agrave; nhận th&ocirc;ng tin chi tiết về c&aacute;c sản phẩm c&ocirc;ng nghiệp h&agrave;ng đầu của ch&uacute;ng t&ocirc;i.</p>\r\n\r\n<p>Hợp lực cảng Việt - Đối t&aacute;c đ&aacute;ng tin cậy cho c&aacute;c giải ph&aacute;p c&ocirc;ng nghiệp vượt trội!</p>\r\n', '', '', 0, 0, 0, 'Máy tuốt lúa đa năng 5TD-36A chạy động cơ Diezel.png', 'Máy tuốt lúa đa năng 5TD-36A chạy động cơ Diezel.png', '[]', '2023-07-19 16:07:02', NULL, 0, 0, 0, 0, '', '', '', '', '', '', '', '', '', '', '', '', '', 1, 'Máy tuốt lúa đa năng 5TD-36A chạy động cơ Diezel (chưa gồm động cơ)', '', 'may-tuot-lua-da-nang-5td-36a-chay-dong-co-diezel-chua-gom-dong-co', '', 10, '103', '', '', NULL, NULL, '104,104', NULL, 0, NULL),
(2208, 'Máy tuốt lúa 5TW-40 chạy động cơ xăng (chưa gồm động cơ)', NULL, '<p>C&ocirc;ng ty TNHH Hợp Lực Cảng Việt chuy&ecirc;n cung cấp c&aacute;c loại m&oacute;c c&ocirc;ng nghiệp như m&aacute;y ph&aacute;t điện, m&aacute;y x&aacute;t gạo, m&aacute;y xới đất, m&aacute;y tuốt l&uacute;a,... Đ&acirc;y l&agrave; c&aacute;c loại m&aacute;y được ch&uacute;ng t&ocirc;i nhập khẩu ch&iacute;nh h&atilde;ng nguy&ecirc;n chiếc, gi&uacute;p cho b&agrave; con n&ocirc;ng d&acirc;n v&agrave; c&aacute;c chủ doanh nghiệp c&oacute; thể tiết kiệm c&ocirc;ng sức lao độn, n&acirc;ng cao hiệu suất c&ocirc;ng việc sản xuất.</p>\r\n', '', '', '<p>C&Ocirc;NG SUẤT CAO - GI&Aacute; CỰC TỐT</p>\r\n\r\n<p>H&Agrave;NG CH&Iacute;NH H&Atilde;NG - NHẬP KHẨU NGUY&Ecirc;N CHIẾC</p>\r\n\r\n<p>Hiệu suất cao - chất lượng tốt lu&ocirc;n l&agrave; ti&ecirc;u ch&iacute; h&agrave;ng đầu khi kh&aacute;ch h&agrave;ng t&igrave;m kiếm c&aacute;c d&ograve;ng sản phẩm m&aacute;y m&oacute;c c&ocirc;ng nghiệp.</p>\r\n\r\n<p>Thấu hiểu được điều đ&oacute;, Hợp Lực Cảng tự h&agrave;o giới thiệu đến qu&yacute; kh&aacute;ch những d&ograve;ng sản phẩm h&agrave;ng đầu trong ng&agrave;nh, bao gồm m&aacute;y ph&aacute;t điện, m&aacute;y x&aacute;t gạo, m&aacute;y xới đất v&agrave; m&aacute;y tuốt l&uacute;a.</p>\r\n\r\n<p>Tất cả c&aacute;c sản phẩm v&agrave; dịch vụ m&agrave; ch&uacute;ng t&ocirc;i cung cấp đều được kiểm tra v&agrave; đảm bảo tu&acirc;n thủ c&aacute;c ti&ecirc;u chuẩn chất lượng cao nhất</p>\r\n\r\n<p>Li&ecirc;n hệ ngay để được tư vấn v&agrave; nhận th&ocirc;ng tin chi tiết về c&aacute;c sản phẩm c&ocirc;ng nghiệp h&agrave;ng đầu của ch&uacute;ng t&ocirc;i.</p>\r\n\r\n<p>Hợp lực cảng Việt - Đối t&aacute;c đ&aacute;ng tin cậy cho c&aacute;c giải ph&aacute;p c&ocirc;ng nghiệp vượt trội!</p>\r\n', '', '', 0, 0, 0, 'Máy tuốt lúa 5TW-40 chạy động cơ xăng.jpg', 'Máy tuốt lúa 5TW-40 chạy động cơ xăng.jpg', '[\"{\\\"image\\\":\\\"M\\\\u00e1y tu\\\\u1ed1t l\\\\u00faa 5TW- 40 xanh ch\\\\u1ea1y \\\\u0111\\\\u1ed9ng c\\\\u01a1 x\\\\u0103ng.jpg\\\"}\",\"{\\\"image\\\":\\\"M\\\\u00e1y tu\\\\u1ed1t l\\\\u00faa 5TW-40 \\\\u0111\\\\u1ecf ch\\\\u1ea1y \\\\u0111\\\\u1ed9ng c\\\\u01a1 x\\\\u0103ng.png\\\"}\"]', '2023-07-19 16:07:56', NULL, 0, 0, 0, 0, '', '', '', '', '', '', '', '', '', '', '', '', '', 1, 'Máy tuốt lúa 5TW-40 chạy động cơ xăng (chưa gồm động cơ)', '', 'may-tuot-lua-5tw-40-chay-dong-co-xang-chua-gom-dong-co', '', 10, '103', '', '', NULL, NULL, '104,104', NULL, 0, NULL),
(2209, 'Máy tuốt lúa 5TG-80 chạy động cơ xăng ( chưa gồm động cơ)', NULL, '<p>C&ocirc;ng ty TNHH Hợp Lực Cảng Việt chuy&ecirc;n cung cấp c&aacute;c loại m&oacute;c c&ocirc;ng nghiệp như m&aacute;y ph&aacute;t điện, m&aacute;y x&aacute;t gạo, m&aacute;y xới đất, m&aacute;y tuốt l&uacute;a,... Đ&acirc;y l&agrave; c&aacute;c loại m&aacute;y được ch&uacute;ng t&ocirc;i nhập khẩu ch&iacute;nh h&atilde;ng nguy&ecirc;n chiếc, gi&uacute;p cho b&agrave; con n&ocirc;ng d&acirc;n v&agrave; c&aacute;c chủ doanh nghiệp c&oacute; thể tiết kiệm c&ocirc;ng sức lao độn, n&acirc;ng cao hiệu suất c&ocirc;ng việc sản xuất.</p>\r\n', '', '', '<p>C&Ocirc;NG SUẤT CAO - GI&Aacute; CỰC TỐT</p>\r\n\r\n<p>H&Agrave;NG CH&Iacute;NH H&Atilde;NG - NHẬP KHẨU NGUY&Ecirc;N CHIẾC</p>\r\n\r\n<p>Hiệu suất cao - chất lượng tốt lu&ocirc;n l&agrave; ti&ecirc;u ch&iacute; h&agrave;ng đầu khi kh&aacute;ch h&agrave;ng t&igrave;m kiếm c&aacute;c d&ograve;ng sản phẩm m&aacute;y m&oacute;c c&ocirc;ng nghiệp.</p>\r\n\r\n<p>Thấu hiểu được điều đ&oacute;, Hợp Lực Cảng tự h&agrave;o giới thiệu đến qu&yacute; kh&aacute;ch những d&ograve;ng sản phẩm h&agrave;ng đầu trong ng&agrave;nh, bao gồm m&aacute;y ph&aacute;t điện, m&aacute;y x&aacute;t gạo, m&aacute;y xới đất v&agrave; m&aacute;y tuốt l&uacute;a.</p>\r\n\r\n<p>Tất cả c&aacute;c sản phẩm v&agrave; dịch vụ m&agrave; ch&uacute;ng t&ocirc;i cung cấp đều được kiểm tra v&agrave; đảm bảo tu&acirc;n thủ c&aacute;c ti&ecirc;u chuẩn chất lượng cao nhất</p>\r\n\r\n<p>Li&ecirc;n hệ ngay để được tư vấn v&agrave; nhận th&ocirc;ng tin chi tiết về c&aacute;c sản phẩm c&ocirc;ng nghiệp h&agrave;ng đầu của ch&uacute;ng t&ocirc;i.</p>\r\n\r\n<p>Hợp lực cảng Việt - Đối t&aacute;c đ&aacute;ng tin cậy cho c&aacute;c giải ph&aacute;p c&ocirc;ng nghiệp vượt trội!</p>\r\n', '', '', 0, 0, 0, 'Máy tuốt lúa 5TG-80 thuyền chạy động cơ xăng.png', 'Máy tuốt lúa 5TG-80 thuyền chạy động cơ xăng.png', '[]', '2023-07-19 16:07:17', NULL, 0, 0, 0, 0, '', '', '', '', '', '', '', '', '', '', '', '', '', 1, 'Máy tuốt lúa 5TG-80 chạy động cơ xăng ( chưa gồm động cơ)', '', 'may-tuot-lua-5tg-80-chay-dong-co-xang-chua-gom-dong-co', '', 10, '103', '', '', NULL, NULL, '104,104', NULL, 0, NULL),
(2210, 'Máy nghiền hút TL-21AT (chưa gồm động cơ)', NULL, '<p>C&ocirc;ng ty TNHH Hợp Lực Cảng Việt chuy&ecirc;n cung cấp c&aacute;c loại m&oacute;c c&ocirc;ng nghiệp như m&aacute;y ph&aacute;t điện, m&aacute;y x&aacute;t gạo, m&aacute;y xới đất, m&aacute;y tuốt l&uacute;a,... Đ&acirc;y l&agrave; c&aacute;c loại m&aacute;y được ch&uacute;ng t&ocirc;i nhập khẩu ch&iacute;nh h&atilde;ng nguy&ecirc;n chiếc, gi&uacute;p cho b&agrave; con n&ocirc;ng d&acirc;n v&agrave; c&aacute;c chủ doanh nghiệp c&oacute; thể tiết kiệm c&ocirc;ng sức lao độn, n&acirc;ng cao hiệu suất c&ocirc;ng việc sản xuất.</p>\r\n', '', '', '<p>C&Ocirc;NG SUẤT CAO - GI&Aacute; CỰC TỐT</p>\r\n\r\n<p>H&Agrave;NG CH&Iacute;NH H&Atilde;NG - NHẬP KHẨU NGUY&Ecirc;N CHIẾC</p>\r\n\r\n<p>Hiệu suất cao - chất lượng tốt lu&ocirc;n l&agrave; ti&ecirc;u ch&iacute; h&agrave;ng đầu khi kh&aacute;ch h&agrave;ng t&igrave;m kiếm c&aacute;c d&ograve;ng sản phẩm m&aacute;y m&oacute;c c&ocirc;ng nghiệp.</p>\r\n\r\n<p>Thấu hiểu được điều đ&oacute;, Hợp Lực Cảng tự h&agrave;o giới thiệu đến qu&yacute; kh&aacute;ch những d&ograve;ng sản phẩm h&agrave;ng đầu trong ng&agrave;nh, bao gồm m&aacute;y ph&aacute;t điện, m&aacute;y x&aacute;t gạo, m&aacute;y xới đất v&agrave; m&aacute;y tuốt l&uacute;a.</p>\r\n\r\n<p>Tất cả c&aacute;c sản phẩm v&agrave; dịch vụ m&agrave; ch&uacute;ng t&ocirc;i cung cấp đều được kiểm tra v&agrave; đảm bảo tu&acirc;n thủ c&aacute;c ti&ecirc;u chuẩn chất lượng cao nhất</p>\r\n\r\n<p>Li&ecirc;n hệ ngay để được tư vấn v&agrave; nhận th&ocirc;ng tin chi tiết về c&aacute;c sản phẩm c&ocirc;ng nghiệp h&agrave;ng đầu của ch&uacute;ng t&ocirc;i.</p>\r\n\r\n<p>Hợp lực cảng Việt - Đối t&aacute;c đ&aacute;ng tin cậy cho c&aacute;c giải ph&aacute;p c&ocirc;ng nghiệp vượt trội!</p>\r\n', '', '', 0, 0, 0, 'Máy nghiền hút TL-21AT.png', 'Máy nghiền hút TL-21AT.png', '[]', '2023-07-19 16:07:27', NULL, 0, 0, 0, 0, '', '', '', '', '', '', '', '', '', '', '', '', '', 1, 'Máy nghiền hút TL-21AT (chưa gồm động cơ)', '', 'may-nghien-hut-tl-21at-chua-gom-dong-co', '', 10, '103', '', '', NULL, NULL, '105,105', NULL, 0, NULL),
(2211, 'Máy nghiền đĩa (chưa gồm động cơ)', NULL, '<p>C&ocirc;ng ty TNHH Hợp Lực Cảng Việt chuy&ecirc;n cung cấp c&aacute;c loại m&oacute;c c&ocirc;ng nghiệp như m&aacute;y ph&aacute;t điện, m&aacute;y x&aacute;t gạo, m&aacute;y xới đất, m&aacute;y tuốt l&uacute;a,... Đ&acirc;y l&agrave; c&aacute;c loại m&aacute;y được ch&uacute;ng t&ocirc;i nhập khẩu ch&iacute;nh h&atilde;ng nguy&ecirc;n chiếc, gi&uacute;p cho b&agrave; con n&ocirc;ng d&acirc;n v&agrave; c&aacute;c chủ doanh nghiệp c&oacute; thể tiết kiệm c&ocirc;ng sức lao độn, n&acirc;ng cao hiệu suất c&ocirc;ng việc sản xuất.</p>\r\n', '', '', '<p>C&Ocirc;NG SUẤT CAO - GI&Aacute; CỰC TỐT</p>\r\n\r\n<p>H&Agrave;NG CH&Iacute;NH H&Atilde;NG - NHẬP KHẨU NGUY&Ecirc;N CHIẾC</p>\r\n\r\n<p>Hiệu suất cao - chất lượng tốt lu&ocirc;n l&agrave; ti&ecirc;u ch&iacute; h&agrave;ng đầu khi kh&aacute;ch h&agrave;ng t&igrave;m kiếm c&aacute;c d&ograve;ng sản phẩm m&aacute;y m&oacute;c c&ocirc;ng nghiệp.</p>\r\n\r\n<p>Thấu hiểu được điều đ&oacute;, Hợp Lực Cảng tự h&agrave;o giới thiệu đến qu&yacute; kh&aacute;ch những d&ograve;ng sản phẩm h&agrave;ng đầu trong ng&agrave;nh, bao gồm m&aacute;y ph&aacute;t điện, m&aacute;y x&aacute;t gạo, m&aacute;y xới đất v&agrave; m&aacute;y tuốt l&uacute;a.</p>\r\n\r\n<p>Tất cả c&aacute;c sản phẩm v&agrave; dịch vụ m&agrave; ch&uacute;ng t&ocirc;i cung cấp đều được kiểm tra v&agrave; đảm bảo tu&acirc;n thủ c&aacute;c ti&ecirc;u chuẩn chất lượng cao nhất</p>\r\n\r\n<p>Li&ecirc;n hệ ngay để được tư vấn v&agrave; nhận th&ocirc;ng tin chi tiết về c&aacute;c sản phẩm c&ocirc;ng nghiệp h&agrave;ng đầu của ch&uacute;ng t&ocirc;i.</p>\r\n\r\n<p>Hợp lực cảng Việt - Đối t&aacute;c đ&aacute;ng tin cậy cho c&aacute;c giải ph&aacute;p c&ocirc;ng nghiệp vượt trội!</p>\r\n', '', '', 0, 0, 0, 'Máy nghiền đĩa.png', 'Máy nghiền đĩa.png', '[]', '2023-07-19 16:07:23', NULL, 0, 0, 0, 0, '', '', '', '', '', '', '', '', '', '', '', '', '', 1, 'Máy nghiền đĩa (chưa gồm động cơ)', '', 'may-nghien-dia-chua-gom-dong-co', '', 10, '103', '', '', NULL, NULL, '105,105', NULL, 0, NULL),
(2212, 'Máy tách hạt ngô 5TY-60G chạy động cơ xăng (chưa gồm động cơ)', NULL, '<p>C&ocirc;ng ty TNHH Hợp Lực Cảng Việt chuy&ecirc;n cung cấp c&aacute;c loại m&oacute;c c&ocirc;ng nghiệp như m&aacute;y ph&aacute;t điện, m&aacute;y x&aacute;t gạo, m&aacute;y xới đất, m&aacute;y tuốt l&uacute;a,... Đ&acirc;y l&agrave; c&aacute;c loại m&aacute;y được ch&uacute;ng t&ocirc;i nhập khẩu ch&iacute;nh h&atilde;ng nguy&ecirc;n chiếc, gi&uacute;p cho b&agrave; con n&ocirc;ng d&acirc;n v&agrave; c&aacute;c chủ doanh nghiệp c&oacute; thể tiết kiệm c&ocirc;ng sức lao độn, n&acirc;ng cao hiệu suất c&ocirc;ng việc sản xuất.</p>\r\n', '', '', '<p>C&Ocirc;NG SUẤT CAO - GI&Aacute; CỰC TỐT</p>\r\n\r\n<p>H&Agrave;NG CH&Iacute;NH H&Atilde;NG - NHẬP KHẨU NGUY&Ecirc;N CHIẾC</p>\r\n\r\n<p>Hiệu suất cao - chất lượng tốt lu&ocirc;n l&agrave; ti&ecirc;u ch&iacute; h&agrave;ng đầu khi kh&aacute;ch h&agrave;ng t&igrave;m kiếm c&aacute;c d&ograve;ng sản phẩm m&aacute;y m&oacute;c c&ocirc;ng nghiệp.</p>\r\n\r\n<p>Thấu hiểu được điều đ&oacute;, Hợp Lực Cảng tự h&agrave;o giới thiệu đến qu&yacute; kh&aacute;ch những d&ograve;ng sản phẩm h&agrave;ng đầu trong ng&agrave;nh, bao gồm m&aacute;y ph&aacute;t điện, m&aacute;y x&aacute;t gạo, m&aacute;y xới đất v&agrave; m&aacute;y tuốt l&uacute;a.</p>\r\n\r\n<p>Tất cả c&aacute;c sản phẩm v&agrave; dịch vụ m&agrave; ch&uacute;ng t&ocirc;i cung cấp đều được kiểm tra v&agrave; đảm bảo tu&acirc;n thủ c&aacute;c ti&ecirc;u chuẩn chất lượng cao nhất</p>\r\n\r\n<p>Li&ecirc;n hệ ngay để được tư vấn v&agrave; nhận th&ocirc;ng tin chi tiết về c&aacute;c sản phẩm c&ocirc;ng nghiệp h&agrave;ng đầu của ch&uacute;ng t&ocirc;i.</p>\r\n\r\n<p>Hợp lực cảng Việt - Đối t&aacute;c đ&aacute;ng tin cậy cho c&aacute;c giải ph&aacute;p c&ocirc;ng nghiệp vượt trội!</p>\r\n', '', '', 0, 0, 0, 'Máy tách hạt ngô 5TY-60G chạy động cơ xăng.png', 'Máy tách hạt ngô 5TY-60G chạy động cơ xăng.png', '[]', '2023-07-19 16:07:34', '2023-07-19 16:07:26', 0, 0, 0, 0, '', '', '', '', '', '', '', '', '', '', '', '', '', 1, 'Máy tách hạt ngô 5TY-60G chạy động cơ xăng (chưa gồm động cơ)', '', 'may-tach-hat-ngo-5ty-60g-chay-dong-co-xang-chua-gom-dong-co', '', 10, '103', '', '', NULL, NULL, '108,108', NULL, 0, ''),
(2213, 'Máy tách hạt ngô 5TY-60 (chưa gồm động cơ)', NULL, '<p>C&ocirc;ng ty TNHH Hợp Lực Cảng Việt chuy&ecirc;n cung cấp c&aacute;c loại m&oacute;c c&ocirc;ng nghiệp như m&aacute;y ph&aacute;t điện, m&aacute;y x&aacute;t gạo, m&aacute;y xới đất, m&aacute;y tuốt l&uacute;a,... Đ&acirc;y l&agrave; c&aacute;c loại m&aacute;y được ch&uacute;ng t&ocirc;i nhập khẩu ch&iacute;nh h&atilde;ng nguy&ecirc;n chiếc, gi&uacute;p cho b&agrave; con n&ocirc;ng d&acirc;n v&agrave; c&aacute;c chủ doanh nghiệp c&oacute; thể tiết kiệm c&ocirc;ng sức lao độn, n&acirc;ng cao hiệu suất c&ocirc;ng việc sản xuất.</p>\r\n', '', '', '<p>C&Ocirc;NG SUẤT CAO - GI&Aacute; CỰC TỐT</p>\r\n\r\n<p>H&Agrave;NG CH&Iacute;NH H&Atilde;NG - NHẬP KHẨU NGUY&Ecirc;N CHIẾC</p>\r\n\r\n<p>Hiệu suất cao - chất lượng tốt lu&ocirc;n l&agrave; ti&ecirc;u ch&iacute; h&agrave;ng đầu khi kh&aacute;ch h&agrave;ng t&igrave;m kiếm c&aacute;c d&ograve;ng sản phẩm m&aacute;y m&oacute;c c&ocirc;ng nghiệp.</p>\r\n\r\n<p>Thấu hiểu được điều đ&oacute;, Hợp Lực Cảng tự h&agrave;o giới thiệu đến qu&yacute; kh&aacute;ch những d&ograve;ng sản phẩm h&agrave;ng đầu trong ng&agrave;nh, bao gồm m&aacute;y ph&aacute;t điện, m&aacute;y x&aacute;t gạo, m&aacute;y xới đất v&agrave; m&aacute;y tuốt l&uacute;a.</p>\r\n\r\n<p>Tất cả c&aacute;c sản phẩm v&agrave; dịch vụ m&agrave; ch&uacute;ng t&ocirc;i cung cấp đều được kiểm tra v&agrave; đảm bảo tu&acirc;n thủ c&aacute;c ti&ecirc;u chuẩn chất lượng cao nhất</p>\r\n\r\n<p>Li&ecirc;n hệ ngay để được tư vấn v&agrave; nhận th&ocirc;ng tin chi tiết về c&aacute;c sản phẩm c&ocirc;ng nghiệp h&agrave;ng đầu của ch&uacute;ng t&ocirc;i.</p>\r\n\r\n<p>Hợp lực cảng Việt - Đối t&aacute;c đ&aacute;ng tin cậy cho c&aacute;c giải ph&aacute;p c&ocirc;ng nghiệp vượt trội!</p>\r\n', '', '', 0, 0, 0, 'Máy tách hạt ngô 5TY-60.png', 'Máy tách hạt ngô 5TY-60.png', '[]', '2023-07-19 16:07:17', NULL, 0, 0, 0, 0, '', '', '', '', '', '', '', '', '', '', '', '', '', 1, 'Máy tách hạt ngô 5TY-60 (chưa gồm động cơ)', '', 'may-tach-hat-ngo-5ty-60-chua-gom-dong-co', '', 10, '103', '', '', NULL, NULL, '108,108', NULL, 0, NULL),
(2214, 'Máy bóc vỏ ngô (chưa có động cơ)', NULL, '<p>C&ocirc;ng ty TNHH Hợp Lực Cảng Việt chuy&ecirc;n cung cấp c&aacute;c loại m&oacute;c c&ocirc;ng nghiệp như m&aacute;y ph&aacute;t điện, m&aacute;y x&aacute;t gạo, m&aacute;y xới đất, m&aacute;y tuốt l&uacute;a,... Đ&acirc;y l&agrave; c&aacute;c loại m&aacute;y được ch&uacute;ng t&ocirc;i nhập khẩu ch&iacute;nh h&atilde;ng nguy&ecirc;n chiếc, gi&uacute;p cho b&agrave; con n&ocirc;ng d&acirc;n v&agrave; c&aacute;c chủ doanh nghiệp c&oacute; thể tiết kiệm c&ocirc;ng sức lao độn, n&acirc;ng cao hiệu suất c&ocirc;ng việc sản xuất.</p>\r\n', '', '', '<p>C&Ocirc;NG SUẤT CAO - GI&Aacute; CỰC TỐT</p>\r\n\r\n<p>H&Agrave;NG CH&Iacute;NH H&Atilde;NG - NHẬP KHẨU NGUY&Ecirc;N CHIẾC</p>\r\n\r\n<p>Hiệu suất cao - chất lượng tốt lu&ocirc;n l&agrave; ti&ecirc;u ch&iacute; h&agrave;ng đầu khi kh&aacute;ch h&agrave;ng t&igrave;m kiếm c&aacute;c d&ograve;ng sản phẩm m&aacute;y m&oacute;c c&ocirc;ng nghiệp.</p>\r\n\r\n<p>Thấu hiểu được điều đ&oacute;, Hợp Lực Cảng tự h&agrave;o giới thiệu đến qu&yacute; kh&aacute;ch những d&ograve;ng sản phẩm h&agrave;ng đầu trong ng&agrave;nh, bao gồm m&aacute;y ph&aacute;t điện, m&aacute;y x&aacute;t gạo, m&aacute;y xới đất v&agrave; m&aacute;y tuốt l&uacute;a.</p>\r\n\r\n<p>Tất cả c&aacute;c sản phẩm v&agrave; dịch vụ m&agrave; ch&uacute;ng t&ocirc;i cung cấp đều được kiểm tra v&agrave; đảm bảo tu&acirc;n thủ c&aacute;c ti&ecirc;u chuẩn chất lượng cao nhất</p>\r\n\r\n<p>Li&ecirc;n hệ ngay để được tư vấn v&agrave; nhận th&ocirc;ng tin chi tiết về c&aacute;c sản phẩm c&ocirc;ng nghiệp h&agrave;ng đầu của ch&uacute;ng t&ocirc;i.</p>\r\n\r\n<p>Hợp lực cảng Việt - Đối t&aacute;c đ&aacute;ng tin cậy cho c&aacute;c giải ph&aacute;p c&ocirc;ng nghiệp vượt trội!</p>\r\n', '', '', 0, 0, 0, 'Máy bóc vỏ ngô.png', 'Máy bóc vỏ ngô.png', '[]', '2023-07-19 16:07:23', NULL, 0, 0, 0, 0, '', '', '', '', '', '', '', '', '', '', '', '', '', 1, 'Máy bóc vỏ ngô (chưa có động cơ)', '', 'may-boc-vo-ngo-chua-co-dong-co', '', 10, '103', '', '', NULL, NULL, '109,109', NULL, 0, NULL),
(2215, 'Máy thái cỏ 9ZT-0.6 (chưa gồm động cơ)', NULL, '<p>C&ocirc;ng ty TNHH Hợp Lực Cảng Việt chuy&ecirc;n cung cấp c&aacute;c loại m&oacute;c c&ocirc;ng nghiệp như m&aacute;y ph&aacute;t điện, m&aacute;y x&aacute;t gạo, m&aacute;y xới đất, m&aacute;y tuốt l&uacute;a,... Đ&acirc;y l&agrave; c&aacute;c loại m&aacute;y được ch&uacute;ng t&ocirc;i nhập khẩu ch&iacute;nh h&atilde;ng nguy&ecirc;n chiếc, gi&uacute;p cho b&agrave; con n&ocirc;ng d&acirc;n v&agrave; c&aacute;c chủ doanh nghiệp c&oacute; thể tiết kiệm c&ocirc;ng sức lao độn, n&acirc;ng cao hiệu suất c&ocirc;ng việc sản xuất.</p>\r\n', '', '', '<p>C&Ocirc;NG SUẤT CAO - GI&Aacute; CỰC TỐT</p>\r\n\r\n<p>H&Agrave;NG CH&Iacute;NH H&Atilde;NG - NHẬP KHẨU NGUY&Ecirc;N CHIẾC</p>\r\n\r\n<p>Hiệu suất cao - chất lượng tốt lu&ocirc;n l&agrave; ti&ecirc;u ch&iacute; h&agrave;ng đầu khi kh&aacute;ch h&agrave;ng t&igrave;m kiếm c&aacute;c d&ograve;ng sản phẩm m&aacute;y m&oacute;c c&ocirc;ng nghiệp.</p>\r\n\r\n<p>Thấu hiểu được điều đ&oacute;, Hợp Lực Cảng tự h&agrave;o giới thiệu đến qu&yacute; kh&aacute;ch những d&ograve;ng sản phẩm h&agrave;ng đầu trong ng&agrave;nh, bao gồm m&aacute;y ph&aacute;t điện, m&aacute;y x&aacute;t gạo, m&aacute;y xới đất v&agrave; m&aacute;y tuốt l&uacute;a.</p>\r\n\r\n<p>Tất cả c&aacute;c sản phẩm v&agrave; dịch vụ m&agrave; ch&uacute;ng t&ocirc;i cung cấp đều được kiểm tra v&agrave; đảm bảo tu&acirc;n thủ c&aacute;c ti&ecirc;u chuẩn chất lượng cao nhất</p>\r\n\r\n<p>Li&ecirc;n hệ ngay để được tư vấn v&agrave; nhận th&ocirc;ng tin chi tiết về c&aacute;c sản phẩm c&ocirc;ng nghiệp h&agrave;ng đầu của ch&uacute;ng t&ocirc;i.</p>\r\n\r\n<p>Hợp lực cảng Việt - Đối t&aacute;c đ&aacute;ng tin cậy cho c&aacute;c giải ph&aacute;p c&ocirc;ng nghiệp vượt trội!</p>\r\n', '', '', 0, 0, 0, 'Máy thái cỏ 9ZT-0.6.png', 'Máy thái cỏ 9ZT-0.6.png', '[]', '2023-07-19 16:07:50', NULL, 0, 0, 0, 0, '', '', '', '', '', '', '', '', '', '', '', '', '', 1, 'Máy thái cỏ 9ZT-0.6 (chưa gồm động cơ)', '', 'may-thai-co-9zt-06-chua-gom-dong-co', '', 10, '103', '', '', NULL, NULL, '107,107', NULL, 0, NULL),
(2216, 'Máy thái cỏ 9ZT-0.4 (chưa gồm động cơ)', NULL, '<p>C&ocirc;ng ty TNHH Hợp Lực Cảng Việt chuy&ecirc;n cung cấp c&aacute;c loại m&oacute;c c&ocirc;ng nghiệp như m&aacute;y ph&aacute;t điện, m&aacute;y x&aacute;t gạo, m&aacute;y xới đất, m&aacute;y tuốt l&uacute;a,... Đ&acirc;y l&agrave; c&aacute;c loại m&aacute;y được ch&uacute;ng t&ocirc;i nhập khẩu ch&iacute;nh h&atilde;ng nguy&ecirc;n chiếc, gi&uacute;p cho b&agrave; con n&ocirc;ng d&acirc;n v&agrave; c&aacute;c chủ doanh nghiệp c&oacute; thể tiết kiệm c&ocirc;ng sức lao độn, n&acirc;ng cao hiệu suất c&ocirc;ng việc sản xuất.</p>\r\n', '', '', '<p>C&Ocirc;NG SUẤT CAO - GI&Aacute; CỰC TỐT</p>\r\n\r\n<p>H&Agrave;NG CH&Iacute;NH H&Atilde;NG - NHẬP KHẨU NGUY&Ecirc;N CHIẾC</p>\r\n\r\n<p>Hiệu suất cao - chất lượng tốt lu&ocirc;n l&agrave; ti&ecirc;u ch&iacute; h&agrave;ng đầu khi kh&aacute;ch h&agrave;ng t&igrave;m kiếm c&aacute;c d&ograve;ng sản phẩm m&aacute;y m&oacute;c c&ocirc;ng nghiệp.</p>\r\n\r\n<p>Thấu hiểu được điều đ&oacute;, Hợp Lực Cảng tự h&agrave;o giới thiệu đến qu&yacute; kh&aacute;ch những d&ograve;ng sản phẩm h&agrave;ng đầu trong ng&agrave;nh, bao gồm m&aacute;y ph&aacute;t điện, m&aacute;y x&aacute;t gạo, m&aacute;y xới đất v&agrave; m&aacute;y tuốt l&uacute;a.</p>\r\n\r\n<p>Tất cả c&aacute;c sản phẩm v&agrave; dịch vụ m&agrave; ch&uacute;ng t&ocirc;i cung cấp đều được kiểm tra v&agrave; đảm bảo tu&acirc;n thủ c&aacute;c ti&ecirc;u chuẩn chất lượng cao nhất</p>\r\n\r\n<p>Li&ecirc;n hệ ngay để được tư vấn v&agrave; nhận th&ocirc;ng tin chi tiết về c&aacute;c sản phẩm c&ocirc;ng nghiệp h&agrave;ng đầu của ch&uacute;ng t&ocirc;i.</p>\r\n\r\n<p>Hợp lực cảng Việt - Đối t&aacute;c đ&aacute;ng tin cậy cho c&aacute;c giải ph&aacute;p c&ocirc;ng nghiệp vượt trội!</p>\r\n', '', '', 0, 0, 0, 'Máy thái cỏ 9ZT- 0.4.png', 'Máy thái cỏ 9ZT- 0.4.png', '[]', '2023-07-19 16:07:43', NULL, 0, 0, 0, 0, '', '', '', '', '', '', '', '', '', '', '', '', '', 1, 'Máy thái cỏ 9ZT-0.4 (chưa gồm động cơ)', '', 'may-thai-co-9zt-04-chua-gom-dong-co', '', 10, '103', '', '', NULL, NULL, '107,107', NULL, 0, NULL),
(2217, 'Máy thái cỏ 9Z-400 (chưa gồm động cơ)', NULL, '<p>C&ocirc;ng ty TNHH Hợp Lực Cảng Việt chuy&ecirc;n cung cấp c&aacute;c loại m&oacute;c c&ocirc;ng nghiệp như m&aacute;y ph&aacute;t điện, m&aacute;y x&aacute;t gạo, m&aacute;y xới đất, m&aacute;y tuốt l&uacute;a,... Đ&acirc;y l&agrave; c&aacute;c loại m&aacute;y được ch&uacute;ng t&ocirc;i nhập khẩu ch&iacute;nh h&atilde;ng nguy&ecirc;n chiếc, gi&uacute;p cho b&agrave; con n&ocirc;ng d&acirc;n v&agrave; c&aacute;c chủ doanh nghiệp c&oacute; thể tiết kiệm c&ocirc;ng sức lao độn, n&acirc;ng cao hiệu suất c&ocirc;ng việc sản xuất.</p>\r\n', '', '', '<p>C&Ocirc;NG SUẤT CAO - GI&Aacute; CỰC TỐT</p>\r\n\r\n<p>H&Agrave;NG CH&Iacute;NH H&Atilde;NG - NHẬP KHẨU NGUY&Ecirc;N CHIẾC</p>\r\n\r\n<p>Hiệu suất cao - chất lượng tốt lu&ocirc;n l&agrave; ti&ecirc;u ch&iacute; h&agrave;ng đầu khi kh&aacute;ch h&agrave;ng t&igrave;m kiếm c&aacute;c d&ograve;ng sản phẩm m&aacute;y m&oacute;c c&ocirc;ng nghiệp.</p>\r\n\r\n<p>Thấu hiểu được điều đ&oacute;, Hợp Lực Cảng tự h&agrave;o giới thiệu đến qu&yacute; kh&aacute;ch những d&ograve;ng sản phẩm h&agrave;ng đầu trong ng&agrave;nh, bao gồm m&aacute;y ph&aacute;t điện, m&aacute;y x&aacute;t gạo, m&aacute;y xới đất v&agrave; m&aacute;y tuốt l&uacute;a.</p>\r\n\r\n<p>Tất cả c&aacute;c sản phẩm v&agrave; dịch vụ m&agrave; ch&uacute;ng t&ocirc;i cung cấp đều được kiểm tra v&agrave; đảm bảo tu&acirc;n thủ c&aacute;c ti&ecirc;u chuẩn chất lượng cao nhất</p>\r\n\r\n<p>Li&ecirc;n hệ ngay để được tư vấn v&agrave; nhận th&ocirc;ng tin chi tiết về c&aacute;c sản phẩm c&ocirc;ng nghiệp h&agrave;ng đầu của ch&uacute;ng t&ocirc;i.</p>\r\n\r\n<p>Hợp lực cảng Việt - Đối t&aacute;c đ&aacute;ng tin cậy cho c&aacute;c giải ph&aacute;p c&ocirc;ng nghiệp vượt trội!</p>\r\n', '', '', 0, 0, 0, 'Máy thái cỏ 9Z-400.png', 'Máy thái cỏ 9Z-400.png', '[]', '2023-07-19 16:07:42', NULL, 0, 0, 0, 0, '', '', '', '', '', '', '', '', '', '', '', '', '', 1, 'Máy thái cỏ 9Z-400 (chưa gồm động cơ)', '', 'may-thai-co-9z-400-chua-gom-dong-co', '', 10, '103', '', '', NULL, NULL, '107,107', NULL, 0, NULL),
(2218, 'Máy ép cám viên S125 (chưa gồm động cơ)', NULL, '<p>C&ocirc;ng ty TNHH Hợp Lực Cảng Việt chuy&ecirc;n cung cấp c&aacute;c loại m&oacute;c c&ocirc;ng nghiệp như m&aacute;y ph&aacute;t điện, m&aacute;y x&aacute;t gạo, m&aacute;y xới đất, m&aacute;y tuốt l&uacute;a,... Đ&acirc;y l&agrave; c&aacute;c loại m&aacute;y được ch&uacute;ng t&ocirc;i nhập khẩu ch&iacute;nh h&atilde;ng nguy&ecirc;n chiếc, gi&uacute;p cho b&agrave; con n&ocirc;ng d&acirc;n v&agrave; c&aacute;c chủ doanh nghiệp c&oacute; thể tiết kiệm c&ocirc;ng sức lao độn, n&acirc;ng cao hiệu suất c&ocirc;ng việc sản xuất.</p>\r\n', '', '', '<p>C&Ocirc;NG SUẤT CAO - GI&Aacute; CỰC TỐT</p>\r\n\r\n<p>H&Agrave;NG CH&Iacute;NH H&Atilde;NG - NHẬP KHẨU NGUY&Ecirc;N CHIẾC</p>\r\n\r\n<p>Hiệu suất cao - chất lượng tốt lu&ocirc;n l&agrave; ti&ecirc;u ch&iacute; h&agrave;ng đầu khi kh&aacute;ch h&agrave;ng t&igrave;m kiếm c&aacute;c d&ograve;ng sản phẩm m&aacute;y m&oacute;c c&ocirc;ng nghiệp.</p>\r\n\r\n<p>Thấu hiểu được điều đ&oacute;, Hợp Lực Cảng tự h&agrave;o giới thiệu đến qu&yacute; kh&aacute;ch những d&ograve;ng sản phẩm h&agrave;ng đầu trong ng&agrave;nh, bao gồm m&aacute;y ph&aacute;t điện, m&aacute;y x&aacute;t gạo, m&aacute;y xới đất v&agrave; m&aacute;y tuốt l&uacute;a.</p>\r\n\r\n<p>Tất cả c&aacute;c sản phẩm v&agrave; dịch vụ m&agrave; ch&uacute;ng t&ocirc;i cung cấp đều được kiểm tra v&agrave; đảm bảo tu&acirc;n thủ c&aacute;c ti&ecirc;u chuẩn chất lượng cao nhất</p>\r\n\r\n<p>Li&ecirc;n hệ ngay để được tư vấn v&agrave; nhận th&ocirc;ng tin chi tiết về c&aacute;c sản phẩm c&ocirc;ng nghiệp h&agrave;ng đầu của ch&uacute;ng t&ocirc;i.</p>\r\n\r\n<p>Hợp lực cảng Việt - Đối t&aacute;c đ&aacute;ng tin cậy cho c&aacute;c giải ph&aacute;p c&ocirc;ng nghiệp vượt trội!</p>\r\n', '', '', 0, 0, 0, 'Máy ép cám viên S125 ,S150.png', 'Máy ép cám viên S125 ,S150.png', '[]', '2023-07-19 16:07:04', NULL, 0, 0, 0, 0, '', '', '', '', '', '', '', '', '', '', '', '', '', 1, 'Máy ép cám viên S125 (chưa gồm động cơ)', '', 'may-ep-cam-vien-s125-chua-gom-dong-co', '', 10, '103', '', '', NULL, NULL, '106,106', NULL, 0, NULL),
(2219, 'Máy ép cám viên S150 (chưa gồm động cơ)', NULL, '<p>C&ocirc;ng ty TNHH Hợp Lực Cảng Việt chuy&ecirc;n cung cấp c&aacute;c loại m&oacute;c c&ocirc;ng nghiệp như m&aacute;y ph&aacute;t điện, m&aacute;y x&aacute;t gạo, m&aacute;y xới đất, m&aacute;y tuốt l&uacute;a,... Đ&acirc;y l&agrave; c&aacute;c loại m&aacute;y được ch&uacute;ng t&ocirc;i nhập khẩu ch&iacute;nh h&atilde;ng nguy&ecirc;n chiếc, gi&uacute;p cho b&agrave; con n&ocirc;ng d&acirc;n v&agrave; c&aacute;c chủ doanh nghiệp c&oacute; thể tiết kiệm c&ocirc;ng sức lao độn, n&acirc;ng cao hiệu suất c&ocirc;ng việc sản xuất.</p>\r\n', '', '', '<p>C&Ocirc;NG SUẤT CAO - GI&Aacute; CỰC TỐT</p>\r\n\r\n<p>H&Agrave;NG CH&Iacute;NH H&Atilde;NG - NHẬP KHẨU NGUY&Ecirc;N CHIẾC</p>\r\n\r\n<p>Hiệu suất cao - chất lượng tốt lu&ocirc;n l&agrave; ti&ecirc;u ch&iacute; h&agrave;ng đầu khi kh&aacute;ch h&agrave;ng t&igrave;m kiếm c&aacute;c d&ograve;ng sản phẩm m&aacute;y m&oacute;c c&ocirc;ng nghiệp.</p>\r\n\r\n<p>Thấu hiểu được điều đ&oacute;, Hợp Lực Cảng tự h&agrave;o giới thiệu đến qu&yacute; kh&aacute;ch những d&ograve;ng sản phẩm h&agrave;ng đầu trong ng&agrave;nh, bao gồm m&aacute;y ph&aacute;t điện, m&aacute;y x&aacute;t gạo, m&aacute;y xới đất v&agrave; m&aacute;y tuốt l&uacute;a.</p>\r\n\r\n<p>Tất cả c&aacute;c sản phẩm v&agrave; dịch vụ m&agrave; ch&uacute;ng t&ocirc;i cung cấp đều được kiểm tra v&agrave; đảm bảo tu&acirc;n thủ c&aacute;c ti&ecirc;u chuẩn chất lượng cao nhất</p>\r\n\r\n<p>Li&ecirc;n hệ ngay để được tư vấn v&agrave; nhận th&ocirc;ng tin chi tiết về c&aacute;c sản phẩm c&ocirc;ng nghiệp h&agrave;ng đầu của ch&uacute;ng t&ocirc;i.</p>\r\n\r\n<p>Hợp lực cảng Việt - Đối t&aacute;c đ&aacute;ng tin cậy cho c&aacute;c giải ph&aacute;p c&ocirc;ng nghiệp vượt trội!</p>\r\n', '', '', 0, 0, 0, 'Máy ép cám viên S125 ,S150.png', 'Máy ép cám viên S125 ,S150.png', '[]', '2023-07-19 16:07:49', NULL, 0, 0, 0, 0, '', '', '', '', '', '', '', '', '', '', '', '', '', 1, 'Máy ép cám viên S150 (chưa gồm động cơ)', '', 'may-ep-cam-vien-s150-chua-gom-dong-co', '', 10, '103', '', '', NULL, NULL, '106,106', NULL, 0, NULL);

-- --------------------------------------------------------

--
-- Cấu trúc bảng cho bảng `productcat`
--

CREATE TABLE `productcat` (
  `productcat_id` int(11) NOT NULL,
  `productcat_name` text COLLATE utf8_unicode_ci DEFAULT NULL,
  `productcat_des` text COLLATE utf8_unicode_ci DEFAULT NULL,
  `productcat_content` text COLLATE utf8_unicode_ci DEFAULT NULL,
  `productcat_parent` int(11) NOT NULL DEFAULT 0,
  `productcat_sort_order` int(11) NOT NULL DEFAULT 0,
  `productcat_img` text COLLATE utf8_unicode_ci DEFAULT NULL,
  `productcat_sub` text COLLATE utf8_unicode_ci DEFAULT NULL,
  `productcat_main_img` text COLLATE utf8_unicode_ci DEFAULT NULL,
  `productcat_sub_img` text COLLATE utf8_unicode_ci DEFAULT NULL,
  `productcat_banner_img` text COLLATE utf8_unicode_ci DEFAULT NULL,
  `productcat_created_date` datetime DEFAULT NULL,
  `productcat_update_date` datetime DEFAULT NULL,
  `productcat_sub_info1` text COLLATE utf8_unicode_ci DEFAULT NULL,
  `productcat_sub_info2` text COLLATE utf8_unicode_ci DEFAULT NULL,
  `productcat_sub_info3` text COLLATE utf8_unicode_ci DEFAULT NULL,
  `productcat_sub_info4` text COLLATE utf8_unicode_ci DEFAULT NULL,
  `productcat_sub_info5` text COLLATE utf8_unicode_ci DEFAULT NULL,
  `state` int(11) NOT NULL DEFAULT 0,
  `title_seo` text COLLATE utf8_unicode_ci DEFAULT NULL,
  `des_seo` text COLLATE utf8_unicode_ci DEFAULT NULL,
  `friendly_url` text COLLATE utf8_unicode_ci DEFAULT NULL,
  `keyword` text COLLATE utf8_unicode_ci DEFAULT NULL,
  `created_id` int(11) DEFAULT NULL,
  `productcat_sub_img1` text COLLATE utf8_unicode_ci DEFAULT NULL
) ENGINE=InnoDB DEFAULT CHARSET=utf8 COLLATE=utf8_unicode_ci;

--
-- Đang đổ dữ liệu cho bảng `productcat`
--

INSERT INTO `productcat` (`productcat_id`, `productcat_name`, `productcat_des`, `productcat_content`, `productcat_parent`, `productcat_sort_order`, `productcat_img`, `productcat_sub`, `productcat_main_img`, `productcat_sub_img`, `productcat_banner_img`, `productcat_created_date`, `productcat_update_date`, `productcat_sub_info1`, `productcat_sub_info2`, `productcat_sub_info3`, `productcat_sub_info4`, `productcat_sub_info5`, `state`, `title_seo`, `des_seo`, `friendly_url`, `keyword`, `created_id`, `productcat_sub_img1`) VALUES
(101, 'Máy phát điện', '', '', 0, 0, 'Máy phát điện Huyndai 6kW HY9000LE.jpg', 'icon-may-phat-dien.png', NULL, NULL, NULL, '2023-07-03 11:07:20', NULL, '', '', '', '', '', 1, 'Máy phát điện', '', 'may-phat-dien', '', 10, '[]'),
(102, 'Máy xát gạo', '', '', 0, 0, 'Máy xát gạo mini gia đình UN-A50.jpg', 'icon-may-xat-gao-2.jpg', NULL, NULL, NULL, '2023-07-03 11:07:36', NULL, '', '', '', '', '', 1, 'Máy xát gạo', '', 'may-xat-gao', '', 10, '[]'),
(103, 'Máy xới đất', '', '', 0, 0, 'Máy xới đất HV 186-DD.jpg', 'icon-may-xoi-dat.png', NULL, NULL, NULL, '2023-07-03 11:07:45', NULL, '', '', '', '', '', 1, 'Máy xới đất', '', 'may-xoi-dat', '', 10, '[]'),
(104, 'Máy tuốt lúa', '', '', 0, 0, 'Máy tuốt lúa hạt mini TC-5TG40 3 kW.png', 'icon-may-tuot-lua.jpg', NULL, NULL, NULL, '2023-07-03 11:07:55', NULL, '', '', '', '', '', 1, 'Máy tuốt lúa', '', 'may-tuot-lua', '', 10, '[]'),
(105, 'Máy nghiền', '', '', 0, 0, 'Máy nghiền vuông.png', '1.png', NULL, NULL, NULL, '2023-07-19 17:07:23', NULL, '', '', '', '', '', 1, 'Máy nghiền', '', 'may-nghien', '', 10, '[]'),
(106, 'Máy ép cám viên', '', '', 0, 0, 'Máy ép cám viên S125 ,S150.png', '2.png', NULL, NULL, NULL, '2023-07-19 17:07:20', NULL, '', '', '', '', '', 1, 'Máy ép cám viên', '', 'may-ep-cam-vien', '', 10, '[]'),
(107, 'Máy thái cỏ', '', '', 0, 0, 'Máy thái cỏ 9Z-400.png', '3.png', NULL, NULL, NULL, '2023-07-19 17:07:40', NULL, '', '', '', '', '', 1, 'Máy thái cỏ', '', 'may-thai-co', '', 10, '[]'),
(108, 'Máy tách hạt ngô', '', '', 0, 0, 'Máy tách hạt ngô 5TY-60.png', '4.png', NULL, NULL, NULL, '2023-07-19 17:07:59', NULL, '', '', '', '', '', 1, 'Máy tách hạt ngô', '', 'may-tach-hat-ngo', '', 10, '[]'),
(109, 'Máy bóc vỏ ngô', '', '', 0, 0, 'Máy bóc vỏ ngô.png', '5.png', NULL, NULL, NULL, '2023-07-19 17:07:12', NULL, '', '', '', '', '', 1, 'Máy bóc vỏ ngô', '', 'may-boc-vo-ngo', '', 10, '[]');

-- --------------------------------------------------------

--
-- Cấu trúc bảng cho bảng `productcat_languages`
--

CREATE TABLE `productcat_languages` (
  `id` bigint(20) NOT NULL,
  `productcat_id` int(11) DEFAULT NULL,
  `lang_productcat_name` text COLLATE utf8_unicode_ci DEFAULT NULL,
  `languages_code` varchar(255) COLLATE utf8_unicode_ci DEFAULT NULL,
  `lang_productcat_des` text COLLATE utf8_unicode_ci DEFAULT NULL,
  `lang_productcat_content` text COLLATE utf8_unicode_ci DEFAULT NULL,
  `lang_productcat_sub_info1` text COLLATE utf8_unicode_ci DEFAULT NULL,
  `lang_productcat_sub_info2` text COLLATE utf8_unicode_ci DEFAULT NULL,
  `lang_productcat_sub_info3` text COLLATE utf8_unicode_ci DEFAULT NULL,
  `lang_productcat_sub_info4` text COLLATE utf8_unicode_ci DEFAULT NULL,
  `lang_productcat_sub_info5` text COLLATE utf8_unicode_ci DEFAULT NULL,
  `edit_state` int(11) NOT NULL DEFAULT 0,
  `friendly_url` varchar(255) COLLATE utf8_unicode_ci DEFAULT NULL,
  `keyword` text COLLATE utf8_unicode_ci DEFAULT NULL,
  `title_seo` varchar(255) COLLATE utf8_unicode_ci DEFAULT NULL,
  `des_seo` text COLLATE utf8_unicode_ci DEFAULT NULL
) ENGINE=InnoDB DEFAULT CHARSET=utf8 COLLATE=utf8_unicode_ci;

--
-- Đang đổ dữ liệu cho bảng `productcat_languages`
--

INSERT INTO `productcat_languages` (`id`, `productcat_id`, `lang_productcat_name`, `languages_code`, `lang_productcat_des`, `lang_productcat_content`, `lang_productcat_sub_info1`, `lang_productcat_sub_info2`, `lang_productcat_sub_info3`, `lang_productcat_sub_info4`, `lang_productcat_sub_info5`, `edit_state`, `friendly_url`, `keyword`, `title_seo`, `des_seo`) VALUES
(1079, 101, 'Máy phát điện', 'vn', '', '', '', '', '', '', '', 0, 'may-phat-dien', '', 'Máy phát điện', ''),
(1080, 101, 'english version Máy xát gạo', 'en', 'english version ', 'english version ', '', '', '', '', '', 0, 'en-may-xat-gao', '', 'Máy xát gạo', ''),
(1081, 102, 'Máy xát gạo', 'vn', '', '', '', '', '', '', '', 0, 'may-xat-gao', '', 'Máy xát gạo', ''),
(1082, 102, 'english version Máy xát gạo', 'en', 'english version ', 'english version ', '', '', '', '', '', 0, 'en-may-xat-gao', '', 'Máy xát gạo', ''),
(1083, 103, 'Máy xới đất', 'vn', '', '', '', '', '', '', '', 0, 'may-xoi-dat', '', 'Máy xới đất', ''),
(1084, 103, 'english version Máy xới đất', 'en', 'english version ', 'english version ', '', '', '', '', '', 0, 'en-may-xoi-dat', '', 'Máy xới đất', ''),
(1085, 104, 'Máy tuốt lúa', 'vn', '', '', '', '', '', '', '', 0, 'may-tuot-lua', '', 'Máy tuốt lúa', ''),
(1086, 104, 'english version Máy tuốt lúa', 'en', 'english version ', 'english version ', '', '', '', '', '', 0, 'en-may-tuot-lua', '', 'Máy tuốt lúa', ''),
(1087, 105, 'Máy nghiền', 'vn', '', '', '', '', '', '', '', 0, 'may-nghien', '', 'Máy nghiền', ''),
(1088, 105, 'english version Máy nghiền', 'en', 'english version ', 'english version ', '', '', '', '', '', 0, 'en-may-nghien', '', 'Máy nghiền', ''),
(1089, 106, 'Máy ép cám viên', 'vn', '', '', '', '', '', '', '', 0, 'may-ep-cam-vien', '', 'Máy ép cám viên', ''),
(1090, 106, 'english version Máy ép cám viên', 'en', 'english version ', 'english version ', '', '', '', '', '', 0, 'en-may-ep-cam-vien', '', 'Máy ép cám viên', ''),
(1091, 107, 'Máy thái cỏ', 'vn', '', '', '', '', '', '', '', 0, 'may-thai-co', '', 'Máy thái cỏ', ''),
(1092, 107, 'english version Máy thái cỏ', 'en', 'english version ', 'english version ', '', '', '', '', '', 0, 'en-may-thai-co', '', 'Máy thái cỏ', ''),
(1093, 108, 'Máy tách hạt ngô', 'vn', '', '', '', '', '', '', '', 0, 'may-tach-hat-ngo', '', 'Máy tách hạt ngô', ''),
(1094, 108, 'english version Máy tách hạt ngô', 'en', 'english version ', 'english version ', '', '', '', '', '', 0, 'en-may-tach-hat-ngo', '', 'Máy tách hạt ngô', ''),
(1095, 109, 'Máy bóc vỏ ngô', 'vn', '', '', '', '', '', '', '', 0, 'may-boc-vo-ngo', '', 'Máy bóc vỏ ngô', ''),
(1096, 109, 'english version Máy bóc vỏ ngô', 'en', 'english version ', 'english version ', '', '', '', '', '', 0, 'en-may-boc-vo-ngo', '', 'Máy bóc vỏ ngô', '');

-- --------------------------------------------------------

--
-- Cấu trúc bảng cho bảng `producttag`
--

CREATE TABLE `producttag` (
  `producttag_id` int(11) NOT NULL,
  `producttag_name` text CHARACTER SET utf8 COLLATE utf8_unicode_ci NOT NULL,
  `producttag_des` text CHARACTER SET utf8 COLLATE utf8_unicode_ci NOT NULL,
  `producttag_content` text CHARACTER SET utf8 COLLATE utf8_unicode_ci NOT NULL,
  `producttag_sort_order` int(11) NOT NULL,
  `producttag_img` text CHARACTER SET utf8 COLLATE utf8_unicode_ci NOT NULL,
  `producttag_created_date` datetime NOT NULL,
  `producttag_update_date` datetime NOT NULL,
  `producttag_sub_info1` text CHARACTER SET utf8 COLLATE utf8_unicode_ci NOT NULL,
  `producttag_sub_info2` text CHARACTER SET utf8 COLLATE utf8_unicode_ci NOT NULL,
  `producttag_sub_info3` text CHARACTER SET utf8 COLLATE utf8_unicode_ci NOT NULL,
  `producttag_sub_info4` text CHARACTER SET utf8 COLLATE utf8_unicode_ci NOT NULL,
  `producttag_sub_info5` text CHARACTER SET utf8 COLLATE utf8_unicode_ci NOT NULL,
  `state` int(11) NOT NULL,
  `title_seo` text CHARACTER SET utf8 COLLATE utf8_unicode_ci NOT NULL,
  `des_seo` text CHARACTER SET utf8 COLLATE utf8_unicode_ci NOT NULL,
  `friendly_url` text CHARACTER SET utf8 COLLATE utf8_unicode_ci NOT NULL,
  `keyword` text CHARACTER SET utf8 COLLATE utf8_unicode_ci NOT NULL,
  `created_id` int(11) NOT NULL
) ENGINE=InnoDB DEFAULT CHARSET=latin1;

--
-- Đang đổ dữ liệu cho bảng `producttag`
--

INSERT INTO `producttag` (`producttag_id`, `producttag_name`, `producttag_des`, `producttag_content`, `producttag_sort_order`, `producttag_img`, `producttag_created_date`, `producttag_update_date`, `producttag_sub_info1`, `producttag_sub_info2`, `producttag_sub_info3`, `producttag_sub_info4`, `producttag_sub_info5`, `state`, `title_seo`, `des_seo`, `friendly_url`, `keyword`, `created_id`) VALUES
(5, 'đỏ', '<p>des</p>\r\n', '<p>content1</p>\r\n', 0, '', '2017-12-12 19:12:53', '2017-12-13 12:12:30', '', '', '', '', '', 1, 'đỏ', 'a1', 'do', 'a1', 1),
(7, 'Xanh', '', '', 0, '', '2017-12-13 12:12:49', '2017-12-13 12:12:49', '', '', '', '', '', 1, 'Xanh', '', 'xanh', '', 1),
(8, 'Vàng', '', '', 0, '', '2017-12-13 12:12:04', '2017-12-13 17:12:26', '', '', '', '', '', 1, 'Vàng', '', 'vang', '', 1);

-- --------------------------------------------------------

--
-- Cấu trúc bảng cho bảng `producttag_languages`
--

CREATE TABLE `producttag_languages` (
  `id` int(11) NOT NULL,
  `producttag_id` int(11) NOT NULL,
  `lang_producttag_name` text CHARACTER SET utf8 COLLATE utf8_unicode_ci NOT NULL,
  `languages_code` varchar(30) CHARACTER SET utf8 COLLATE utf8_unicode_ci NOT NULL,
  `lang_producttag_des` text CHARACTER SET utf8 COLLATE utf8_unicode_ci NOT NULL,
  `lang_producttag_content` text CHARACTER SET utf8 COLLATE utf8_unicode_ci NOT NULL,
  `lang_producttag_sub_info1` text CHARACTER SET utf8 COLLATE utf8_unicode_ci NOT NULL,
  `lang_producttag_sub_info2` text CHARACTER SET utf8 COLLATE utf8_unicode_ci NOT NULL,
  `lang_producttag_sub_info3` text CHARACTER SET utf8 COLLATE utf8_unicode_ci NOT NULL,
  `lang_producttag_sub_info4` text CHARACTER SET utf8 COLLATE utf8_unicode_ci NOT NULL,
  `lang_producttag_sub_info5` text CHARACTER SET utf8 COLLATE utf8_unicode_ci NOT NULL,
  `edit_state` int(11) NOT NULL,
  `friendly_url` varchar(225) CHARACTER SET utf8 COLLATE utf8_unicode_ci NOT NULL,
  `keyword` text CHARACTER SET utf8 COLLATE utf8_unicode_ci NOT NULL,
  `title_seo` varchar(225) CHARACTER SET utf8 COLLATE utf8_unicode_ci NOT NULL,
  `des_seo` text CHARACTER SET utf8 COLLATE utf8_unicode_ci NOT NULL
) ENGINE=InnoDB DEFAULT CHARSET=latin1;

--
-- Đang đổ dữ liệu cho bảng `producttag_languages`
--

INSERT INTO `producttag_languages` (`id`, `producttag_id`, `lang_producttag_name`, `languages_code`, `lang_producttag_des`, `lang_producttag_content`, `lang_producttag_sub_info1`, `lang_producttag_sub_info2`, `lang_producttag_sub_info3`, `lang_producttag_sub_info4`, `lang_producttag_sub_info5`, `edit_state`, `friendly_url`, `keyword`, `title_seo`, `des_seo`) VALUES
(2, 5, 'đỏ', 'vn', '<p>des</p>\r\n', '<p>content1</p>\r\n', '', '', '', '', '', 1, 'do', 'a1', 'đỏ', 'a1'),
(3, 5, 'tag produnt', 'en', '<p>des</p>\r\n', '<p>content</p>\r\n', '', '', '', '', '', 1, 'tag-produnt', 'a', 'tag produnt', 'a'),
(6, 7, 'Xanh', 'vn', '', '', '', '', '', '', '', 1, 'xanh', '', 'Xanh', ''),
(7, 7, 'Xanh', 'en', '', '', '', '', '', '', '', 1, 'xanh', '', 'Xanh', ''),
(8, 8, 'Vàng', 'vn', '<p>1</p>\r\n', '<p>1</p>\r\n', '', '', '', '', '', 1, 'vang', '', 'Vàng', ''),
(9, 8, 'yellow', 'en', '', '', '', '', '', '', '', 1, 'vang', '', 'Vàng', '');

-- --------------------------------------------------------

--
-- Cấu trúc bảng cho bảng `product_color`
--

CREATE TABLE `product_color` (
  `id` bigint(20) NOT NULL,
  `product_id` int(11) NOT NULL,
  `color` text COLLATE utf8_unicode_ci DEFAULT NULL
) ENGINE=InnoDB DEFAULT CHARSET=utf8 COLLATE=utf8_unicode_ci;

-- --------------------------------------------------------

--
-- Cấu trúc bảng cho bảng `product_languages`
--

CREATE TABLE `product_languages` (
  `id` bigint(20) NOT NULL,
  `product_id` int(11) DEFAULT NULL,
  `languages_code` varchar(255) COLLATE utf8_unicode_ci DEFAULT NULL,
  `lang_product_name` text COLLATE utf8_unicode_ci DEFAULT NULL,
  `lang_product_des` text COLLATE utf8_unicode_ci DEFAULT NULL,
  `lang_product_des2` text COLLATE utf8_unicode_ci DEFAULT NULL,
  `lang_product_des3` text COLLATE utf8_unicode_ci DEFAULT NULL,
  `lang_product_content` text COLLATE utf8_unicode_ci DEFAULT NULL,
  `lang_product_content2` text COLLATE utf8_unicode_ci DEFAULT NULL,
  `lang_product_content3` text COLLATE utf8_unicode_ci DEFAULT NULL,
  `lang_product_code` text COLLATE utf8_unicode_ci DEFAULT NULL,
  `lang_product_original` text COLLATE utf8_unicode_ci DEFAULT NULL,
  `lang_product_size` text COLLATE utf8_unicode_ci DEFAULT NULL,
  `lang_product_package` text COLLATE utf8_unicode_ci DEFAULT NULL,
  `lang_product_delivery` text COLLATE utf8_unicode_ci DEFAULT NULL,
  `lang_product_delivery_time` text COLLATE utf8_unicode_ci DEFAULT NULL,
  `lang_product_payment` text COLLATE utf8_unicode_ci DEFAULT NULL,
  `lang_product_payment_type` text COLLATE utf8_unicode_ci DEFAULT NULL,
  `lang_product_sub_info1` text COLLATE utf8_unicode_ci DEFAULT NULL,
  `lang_product_sub_info2` text COLLATE utf8_unicode_ci DEFAULT NULL,
  `lang_product_sub_info3` text COLLATE utf8_unicode_ci DEFAULT NULL,
  `lang_product_sub_info4` text COLLATE utf8_unicode_ci DEFAULT NULL,
  `lang_product_sub_info5` text COLLATE utf8_unicode_ci DEFAULT NULL,
  `edit_state` int(11) NOT NULL DEFAULT 0,
  `friendly_url` varchar(255) COLLATE utf8_unicode_ci DEFAULT NULL,
  `title_seo` varchar(255) COLLATE utf8_unicode_ci DEFAULT NULL,
  `des_seo` text COLLATE utf8_unicode_ci DEFAULT NULL,
  `keyword` text COLLATE utf8_unicode_ci DEFAULT NULL
) ENGINE=InnoDB DEFAULT CHARSET=utf8 COLLATE=utf8_unicode_ci;

--
-- Đang đổ dữ liệu cho bảng `product_languages`
--

INSERT INTO `product_languages` (`id`, `product_id`, `languages_code`, `lang_product_name`, `lang_product_des`, `lang_product_des2`, `lang_product_des3`, `lang_product_content`, `lang_product_content2`, `lang_product_content3`, `lang_product_code`, `lang_product_original`, `lang_product_size`, `lang_product_package`, `lang_product_delivery`, `lang_product_delivery_time`, `lang_product_payment`, `lang_product_payment_type`, `lang_product_sub_info1`, `lang_product_sub_info2`, `lang_product_sub_info3`, `lang_product_sub_info4`, `lang_product_sub_info5`, `edit_state`, `friendly_url`, `title_seo`, `des_seo`, `keyword`) VALUES
(4291, 2152, 'vn', 'Máy phát điện LOWENZAHN', '<p>C&ocirc;ng ty TNHH Hợp Lực Cảng Việt chuy&ecirc;n cung cấp c&aacute;c loại m&oacute;c c&ocirc;ng nghiệp như m&aacute;y ph&aacute;t điện, m&aacute;y x&aacute;t gạo, m&aacute;y xới đất, m&aacute;y tuốt l&uacute;a,... Đ&acirc;y l&agrave; c&aacute;c loại m&aacute;y được ch&uacute;ng t&ocirc;i nhập khẩu ch&iacute;nh h&atilde;ng nguy&ecirc;n chiếc, gi&uacute;p cho b&agrave; con n&ocirc;ng d&acirc;n v&agrave; c&aacute;c chủ doanh nghiệp c&oacute; thể tiết kiệm c&ocirc;ng sức lao độn, n&acirc;ng cao hiệu suất c&ocirc;ng việc sản xuất.</p>\r\n', '', '', '<p><strong>TH&Ocirc;NG SỐ KỸ THUẬT</strong></p>\r\n\r\n<ul>\r\n	<li>Type:&nbsp;LZ3500IGC</li>\r\n	<li>Rated Power:&nbsp;3.2 KW</li>\r\n	<li>Max Power:&nbsp;3.5 KW</li>\r\n	<li>Rated Voltage:&nbsp;230V</li>\r\n	<li>Rated Current:&nbsp;50Hz</li>\r\n	<li>Rated Frequency:&nbsp;Digital AVR</li>\r\n	<li>Fuel Tank Capacity:&nbsp;15L</li>\r\n	<li>Fuel Consumption:&nbsp;&le; 374g/kW.h</li>\r\n	<li>Produce Date:&nbsp;07/06/2023</li>\r\n</ul>\r\n', '', '', '', '', '', '', '', '', '', '', '', '', '', '', '', 0, 'may-phat-dien-lowenzahn', 'Máy phát điện LOWENZAHN', '', ''),
(4292, 2152, 'en', 'english version Lowenzahn LZ3500iGS', 'english version <p>C&ocirc;ng ty TNHH Hợp Lực Cảng Việt chuy&ecirc;n cung cấp c&aacute;c loại m&oacute;c c&ocirc;ng nghiệp như m&aacute;y ph&aacute;t điện, m&aacute;y x&aacute;t gạo, m&aacute;y xới đất, m&aacute;y tuốt l&uacute;a,... Đ&acirc;y l&agrave; c&aacute;c loại m&aacute;y được ch&uacute;ng t&ocirc;i nhập khẩu ch&iacute;nh h&atilde;ng nguy&ecirc;n chiếc, gi&uacute;p cho b&agrave; con n&ocirc;ng d&acirc;n v&agrave; c&aacute;c chủ doanh nghiệp c&oacute; thể tiết kiệm c&ocirc;ng sức lao độn, n&acirc;ng cao hiệu suất c&ocirc;ng việc sản xuất.</p>\r\n', '', '', 'english version <p>C&Ocirc;NG SUẤT CAO - GI&Aacute; CỰC TỐT</p>\r\n\r\n<p>H&Agrave;NG CH&Iacute;NH H&Atilde;NG - NHẬP KHẨU NGUY&Ecirc;N CHIẾC</p>\r\n\r\n<p>Hiệu suất cao - chất lượng tốt lu&ocirc;n l&agrave; ti&ecirc;u ch&iacute; h&agrave;ng đầu khi kh&aacute;ch h&agrave;ng t&igrave;m kiếm c&aacute;c d&ograve;ng sản phẩm m&aacute;y m&oacute;c c&ocirc;ng nghiệp.</p>\r\n\r\n<p>Thấu hiểu được điều đ&oacute;, Hợp Lực Cảng tự h&agrave;o giới thiệu đến qu&yacute; kh&aacute;ch những d&ograve;ng sản phẩm h&agrave;ng đầu trong ng&agrave;nh, bao gồm m&aacute;y ph&aacute;t điện, m&aacute;y x&aacute;t gạo, m&aacute;y xới đất v&agrave; m&aacute;y tuốt l&uacute;a.</p>\r\n\r\n<p>Tất cả c&aacute;c sản phẩm v&agrave; dịch vụ m&agrave; ch&uacute;ng t&ocirc;i cung cấp đều được kiểm tra v&agrave; đảm bảo tu&acirc;n thủ c&aacute;c ti&ecirc;u chuẩn chất lượng cao nhất</p>\r\n\r\n<p>Li&ecirc;n hệ ngay để được tư vấn v&agrave; nhận th&ocirc;ng tin chi tiết về c&aacute;c sản phẩm c&ocirc;ng nghiệp h&agrave;ng đầu của ch&uacute;ng t&ocirc;i.</p>\r\n\r\n<p>Hợp lực cảng Việt - Đối t&aacute;c đ&aacute;ng tin cậy cho c&aacute;c giải ph&aacute;p c&ocirc;ng nghiệp vượt trội!</p>\r\n', '', '', '', '', '', '', '', '', '', '', '', '', '', '', '', 0, 'en-lowenzahn-lz3500igs', 'Lowenzahn LZ3500iGS', '', ''),
(4293, 2153, 'vn', 'Máy phát điện JIAMU', '<p>C&ocirc;ng ty TNHH Hợp Lực Cảng Việt chuy&ecirc;n cung cấp c&aacute;c loại m&oacute;c c&ocirc;ng nghiệp như m&aacute;y ph&aacute;t điện, m&aacute;y x&aacute;t gạo, m&aacute;y xới đất, m&aacute;y tuốt l&uacute;a,... Đ&acirc;y l&agrave; c&aacute;c loại m&aacute;y được ch&uacute;ng t&ocirc;i nhập khẩu ch&iacute;nh h&atilde;ng nguy&ecirc;n chiếc, gi&uacute;p cho b&agrave; con n&ocirc;ng d&acirc;n v&agrave; c&aacute;c chủ doanh nghiệp c&oacute; thể tiết kiệm c&ocirc;ng sức lao độn, n&acirc;ng cao hiệu suất c&ocirc;ng việc sản xuất.</p>\r\n', '', '', '<p><strong>TH&Ocirc;NG SỐ KỸ THUẬT:</strong></p>\r\n\r\n<p><strong><img alt=\"\" height=\"307\" src=\"/image/images/m%C3%94%20T%E1%BA%A2%20S%E1%BA%A2N%20PH%E1%BA%A8M%20JIAMU.png\" width=\"1042\" /></strong></p>\r\n', '', '', '', '', '', '', '', '', '', '', '', '', '', '', '', 0, 'may-phat-dien-jiamu', 'Máy phát điện JIAMU', '', ''),
(4294, 2153, 'en', 'english version Máy phát điện TATRA', 'english version <p>C&ocirc;ng ty TNHH Hợp Lực Cảng Việt chuy&ecirc;n cung cấp c&aacute;c loại m&oacute;c c&ocirc;ng nghiệp như m&aacute;y ph&aacute;t điện, m&aacute;y x&aacute;t gạo, m&aacute;y xới đất, m&aacute;y tuốt l&uacute;a,... Đ&acirc;y l&agrave; c&aacute;c loại m&aacute;y được ch&uacute;ng t&ocirc;i nhập khẩu ch&iacute;nh h&atilde;ng nguy&ecirc;n chiếc, gi&uacute;p cho b&agrave; con n&ocirc;ng d&acirc;n v&agrave; c&aacute;c chủ doanh nghiệp c&oacute; thể tiết kiệm c&ocirc;ng sức lao độn, n&acirc;ng cao hiệu suất c&ocirc;ng việc sản xuất.</p>\r\n', '', '', 'english version <p>C&Ocirc;NG SUẤT CAO - GI&Aacute; CỰC TỐT</p>\r\n\r\n<p>H&Agrave;NG CH&Iacute;NH H&Atilde;NG - NHẬP KHẨU NGUY&Ecirc;N CHIẾC</p>\r\n\r\n<p>Hiệu suất cao - chất lượng tốt lu&ocirc;n l&agrave; ti&ecirc;u ch&iacute; h&agrave;ng đầu khi kh&aacute;ch h&agrave;ng t&igrave;m kiếm c&aacute;c d&ograve;ng sản phẩm m&aacute;y m&oacute;c c&ocirc;ng nghiệp.</p>\r\n\r\n<p>Thấu hiểu được điều đ&oacute;, Hợp Lực Cảng tự h&agrave;o giới thiệu đến qu&yacute; kh&aacute;ch những d&ograve;ng sản phẩm h&agrave;ng đầu trong ng&agrave;nh, bao gồm m&aacute;y ph&aacute;t điện, m&aacute;y x&aacute;t gạo, m&aacute;y xới đất v&agrave; m&aacute;y tuốt l&uacute;a.</p>\r\n\r\n<p>Tất cả c&aacute;c sản phẩm v&agrave; dịch vụ m&agrave; ch&uacute;ng t&ocirc;i cung cấp đều được kiểm tra v&agrave; đảm bảo tu&acirc;n thủ c&aacute;c ti&ecirc;u chuẩn chất lượng cao nhất</p>\r\n\r\n<p>Li&ecirc;n hệ ngay để được tư vấn v&agrave; nhận th&ocirc;ng tin chi tiết về c&aacute;c sản phẩm c&ocirc;ng nghiệp h&agrave;ng đầu của ch&uacute;ng t&ocirc;i.</p>\r\n\r\n<p>Hợp lực cảng Việt - Đối t&aacute;c đ&aacute;ng tin cậy cho c&aacute;c giải ph&aacute;p c&ocirc;ng nghiệp vượt trội!</p>\r\n', '', '', '', '', '', '', '', '', '', '', '', '', '', '', '', 0, 'en-may-phat-dien-tatra', 'Máy phát điện TATRA', '', ''),
(4295, 2154, 'vn', 'Máy phát điện CADPRO 2.8-6.0 KW', '<p>C&ocirc;ng ty TNHH Hợp Lực Cảng Việt chuy&ecirc;n cung cấp c&aacute;c loại m&oacute;c c&ocirc;ng nghiệp như m&aacute;y ph&aacute;t điện, m&aacute;y x&aacute;t gạo, m&aacute;y xới đất, m&aacute;y tuốt l&uacute;a,... Đ&acirc;y l&agrave; c&aacute;c loại m&aacute;y được ch&uacute;ng t&ocirc;i nhập khẩu ch&iacute;nh h&atilde;ng nguy&ecirc;n chiếc, gi&uacute;p cho b&agrave; con n&ocirc;ng d&acirc;n v&agrave; c&aacute;c chủ doanh nghiệp c&oacute; thể tiết kiệm c&ocirc;ng sức lao độn, n&acirc;ng cao hiệu suất c&ocirc;ng việc sản xuất.</p>\r\n', '', '', '<p><strong>TH&Ocirc;NG SỐ KỸ THUẬT:</strong></p>\r\n\r\n<p><strong>Type 1:&nbsp;KP3500X-G</strong></p>\r\n\r\n<ul>\r\n	<li>Rated Power:&nbsp;2.8 KW</li>\r\n	<li>Max Power:&nbsp;3.0 KW</li>\r\n	<li>Rated Voltage:&nbsp;230V</li>\r\n	<li>Rated Current:&nbsp;12.2A</li>\r\n	<li>Rated Frequency:&nbsp;50Hz</li>\r\n	<li>Voltage Regulation:&nbsp;Digital AVR</li>\r\n	<li>Fuel Tank Capacity:&nbsp;25l</li>\r\n	<li>Fuel Consumption:&nbsp;&le; 374g/kW.h</li>\r\n	<li>Produce Date: 20/05/2023</li>\r\n</ul>\r\n\r\n<p><strong>Type 2:&nbsp;KP7500E-G</strong></p>\r\n\r\n<ul>\r\n	<li>Rated Power:&nbsp;6.0 KW</li>\r\n	<li>Max Power:&nbsp;6.5 KW</li>\r\n	<li>Rated Voltage:&nbsp;230V</li>\r\n	<li>Rated Current:&nbsp;26.1A</li>\r\n	<li>Rated Frequency:&nbsp;50Hz</li>\r\n	<li>Voltage Regulation:&nbsp;Digital AVR</li>\r\n	<li>Fuel Tank Capacity:&nbsp;25l</li>\r\n	<li>Fuel Consumption:&nbsp;&le; 460g/kW.h</li>\r\n	<li>Produce Date:&nbsp;20/05/2023</li>\r\n</ul>\r\n', '', '', '', '', '', '', '', '', '', '', '', '', '', '', '', 0, 'may-phat-dien-cadpro-28-60-kw', 'Máy phát điện CADPRO 2.8-6.0 KW', '', ''),
(4296, 2154, 'en', 'english version Máy phát điện Caopro KP3500 X - G', 'english version <p>C&ocirc;ng ty TNHH Hợp Lực Cảng Việt chuy&ecirc;n cung cấp c&aacute;c loại m&oacute;c c&ocirc;ng nghiệp như m&aacute;y ph&aacute;t điện, m&aacute;y x&aacute;t gạo, m&aacute;y xới đất, m&aacute;y tuốt l&uacute;a,... Đ&acirc;y l&agrave; c&aacute;c loại m&aacute;y được ch&uacute;ng t&ocirc;i nhập khẩu ch&iacute;nh h&atilde;ng nguy&ecirc;n chiếc, gi&uacute;p cho b&agrave; con n&ocirc;ng d&acirc;n v&agrave; c&aacute;c chủ doanh nghiệp c&oacute; thể tiết kiệm c&ocirc;ng sức lao độn, n&acirc;ng cao hiệu suất c&ocirc;ng việc sản xuất.</p>\r\n', '', '', 'english version <p>C&Ocirc;NG SUẤT CAO - GI&Aacute; CỰC TỐT</p>\r\n\r\n<p>H&Agrave;NG CH&Iacute;NH H&Atilde;NG - NHẬP KHẨU NGUY&Ecirc;N CHIẾC</p>\r\n\r\n<p>Hiệu suất cao - chất lượng tốt lu&ocirc;n l&agrave; ti&ecirc;u ch&iacute; h&agrave;ng đầu khi kh&aacute;ch h&agrave;ng t&igrave;m kiếm c&aacute;c d&ograve;ng sản phẩm m&aacute;y m&oacute;c c&ocirc;ng nghiệp.</p>\r\n\r\n<p>Thấu hiểu được điều đ&oacute;, Hợp Lực Cảng tự h&agrave;o giới thiệu đến qu&yacute; kh&aacute;ch những d&ograve;ng sản phẩm h&agrave;ng đầu trong ng&agrave;nh, bao gồm m&aacute;y ph&aacute;t điện, m&aacute;y x&aacute;t gạo, m&aacute;y xới đất v&agrave; m&aacute;y tuốt l&uacute;a.</p>\r\n\r\n<p>Tất cả c&aacute;c sản phẩm v&agrave; dịch vụ m&agrave; ch&uacute;ng t&ocirc;i cung cấp đều được kiểm tra v&agrave; đảm bảo tu&acirc;n thủ c&aacute;c ti&ecirc;u chuẩn chất lượng cao nhất</p>\r\n\r\n<p>Li&ecirc;n hệ ngay để được tư vấn v&agrave; nhận th&ocirc;ng tin chi tiết về c&aacute;c sản phẩm c&ocirc;ng nghiệp h&agrave;ng đầu của ch&uacute;ng t&ocirc;i.</p>\r\n\r\n<p>Hợp lực cảng Việt - Đối t&aacute;c đ&aacute;ng tin cậy cho c&aacute;c giải ph&aacute;p c&ocirc;ng nghiệp vượt trội!</p>\r\n', '', '', '', '', '', '', '', '', '', '', '', '', '', '', '', 0, 'en-may-phat-dien-caopro-kp3500-x-g', 'Máy phát điện Caopro KP3500 X - G', '', ''),
(4297, 2155, 'vn', 'Máy phát điện CADPRO 2.8-3.2 KW', '<p>C&ocirc;ng ty TNHH Hợp Lực Cảng Việt chuy&ecirc;n cung cấp c&aacute;c loại m&oacute;c c&ocirc;ng nghiệp như m&aacute;y ph&aacute;t điện, m&aacute;y x&aacute;t gạo, m&aacute;y xới đất, m&aacute;y tuốt l&uacute;a,... Đ&acirc;y l&agrave; c&aacute;c loại m&aacute;y được ch&uacute;ng t&ocirc;i nhập khẩu ch&iacute;nh h&atilde;ng nguy&ecirc;n chiếc, gi&uacute;p cho b&agrave; con n&ocirc;ng d&acirc;n v&agrave; c&aacute;c chủ doanh nghiệp c&oacute; thể tiết kiệm c&ocirc;ng sức lao độn, n&acirc;ng cao hiệu suất c&ocirc;ng việc sản xuất.</p>\r\n', '', '', '<p><strong>TH&Ocirc;NG SỐ KỸ THUẬT:</strong></p>\r\n\r\n<p><strong>Type 1:&nbsp;</strong>KP3500X-P</p>\r\n\r\n<ul>\r\n	<li>Rated Power:&nbsp;2.8 KW</li>\r\n	<li>Max Power:&nbsp;3.0 KW</li>\r\n	<li>Rated Voltage:&nbsp;230V</li>\r\n	<li>Rated Current:&nbsp;12.2A</li>\r\n	<li>Rated Frequency:&nbsp;50Hz</li>\r\n	<li>Voltage Regulation:&nbsp;Digital AVR</li>\r\n	<li>Fuel Tank Capacity: 5l</li>\r\n	<li>Fuel Consumption:&nbsp;&le; 374g/kW.h</li>\r\n	<li>Produce Date: 07/06/2023</li>\r\n</ul>\r\n\r\n<p><strong>Type 2:&nbsp;KP3500E-P</strong></p>\r\n\r\n<ul>\r\n	<li>Rated Power:&nbsp;2.8KW</li>\r\n	<li>Max Power:&nbsp;3.0 KW</li>\r\n	<li>Rated Voltage:&nbsp;230V</li>\r\n	<li>Rated Current:&nbsp;12.2A</li>\r\n	<li>Rated Frequency:&nbsp;50Hz</li>\r\n	<li>Voltage Regulation:&nbsp;Digital AVR</li>\r\n	<li>Fuel Tank Capacity: 5l</li>\r\n	<li>Fuel Consumption:&nbsp;&le; 374g/kW.h</li>\r\n	<li>Produce Date:&nbsp;07/06/2023</li>\r\n</ul>\r\n\r\n<p><strong>Type 3:&nbsp;KP4500X-P</strong></p>\r\n\r\n<ul>\r\n	<li>Rated Power:&nbsp;3.2KW</li>\r\n	<li>Max Power:&nbsp;3.5 KW</li>\r\n	<li>Rated Voltage:&nbsp;230V</li>\r\n	<li>Rated Current:&nbsp;13.9A</li>\r\n	<li>Rated Frequency:&nbsp;50Hz</li>\r\n	<li>Voltage Regulation:&nbsp;Digital AVR</li>\r\n	<li>Fuel Tank Capacity:&nbsp;15l</li>\r\n	<li>Fuel Consumption:&nbsp;&le; 374g/kW.h</li>\r\n	<li>Produce Date:&nbsp;07/06/2023</li>\r\n</ul>\r\n', '', '', '', '', '', '', '', '', '', '', '', '', '', '', '', 0, 'may-phat-dien-cadpro-28-32-kw', 'Máy phát điện CADPRO 2.8-3.2 KW', '', ''),
(4298, 2155, 'en', 'english version Máy phát điện HY10000LE', 'english version <p>C&ocirc;ng ty TNHH Hợp Lực Cảng Việt chuy&ecirc;n cung cấp c&aacute;c loại m&oacute;c c&ocirc;ng nghiệp như m&aacute;y ph&aacute;t điện, m&aacute;y x&aacute;t gạo, m&aacute;y xới đất, m&aacute;y tuốt l&uacute;a,... Đ&acirc;y l&agrave; c&aacute;c loại m&aacute;y được ch&uacute;ng t&ocirc;i nhập khẩu ch&iacute;nh h&atilde;ng nguy&ecirc;n chiếc, gi&uacute;p cho b&agrave; con n&ocirc;ng d&acirc;n v&agrave; c&aacute;c chủ doanh nghiệp c&oacute; thể tiết kiệm c&ocirc;ng sức lao độn, n&acirc;ng cao hiệu suất c&ocirc;ng việc sản xuất.</p>\r\n', '', '', 'english version <p>C&Ocirc;NG SUẤT CAO - GI&Aacute; CỰC TỐT</p>\r\n\r\n<p>H&Agrave;NG CH&Iacute;NH H&Atilde;NG - NHẬP KHẨU NGUY&Ecirc;N CHIẾC</p>\r\n\r\n<p>Hiệu suất cao - chất lượng tốt lu&ocirc;n l&agrave; ti&ecirc;u ch&iacute; h&agrave;ng đầu khi kh&aacute;ch h&agrave;ng t&igrave;m kiếm c&aacute;c d&ograve;ng sản phẩm m&aacute;y m&oacute;c c&ocirc;ng nghiệp.</p>\r\n\r\n<p>Thấu hiểu được điều đ&oacute;, Hợp Lực Cảng tự h&agrave;o giới thiệu đến qu&yacute; kh&aacute;ch những d&ograve;ng sản phẩm h&agrave;ng đầu trong ng&agrave;nh, bao gồm m&aacute;y ph&aacute;t điện, m&aacute;y x&aacute;t gạo, m&aacute;y xới đất v&agrave; m&aacute;y tuốt l&uacute;a.</p>\r\n\r\n<p>Tất cả c&aacute;c sản phẩm v&agrave; dịch vụ m&agrave; ch&uacute;ng t&ocirc;i cung cấp đều được kiểm tra v&agrave; đảm bảo tu&acirc;n thủ c&aacute;c ti&ecirc;u chuẩn chất lượng cao nhất</p>\r\n\r\n<p>Li&ecirc;n hệ ngay để được tư vấn v&agrave; nhận th&ocirc;ng tin chi tiết về c&aacute;c sản phẩm c&ocirc;ng nghiệp h&agrave;ng đầu của ch&uacute;ng t&ocirc;i.</p>\r\n\r\n<p>Hợp lực cảng Việt - Đối t&aacute;c đ&aacute;ng tin cậy cho c&aacute;c giải ph&aacute;p c&ocirc;ng nghiệp vượt trội!</p>\r\n', '', '', '', '', '', '', '', '', '', '', '', '', '', '', '', 0, 'en-may-phat-dien-hy10000le', 'Máy phát điện HY10000LE', '', ''),
(4299, 2156, 'vn', 'Máy phát điện TARA', '<p>C&ocirc;ng ty TNHH Hợp Lực Cảng Việt chuy&ecirc;n cung cấp c&aacute;c loại m&oacute;c c&ocirc;ng nghiệp như m&aacute;y ph&aacute;t điện, m&aacute;y x&aacute;t gạo, m&aacute;y xới đất, m&aacute;y tuốt l&uacute;a,... Đ&acirc;y l&agrave; c&aacute;c loại m&aacute;y được ch&uacute;ng t&ocirc;i nhập khẩu ch&iacute;nh h&atilde;ng nguy&ecirc;n chiếc, gi&uacute;p cho b&agrave; con n&ocirc;ng d&acirc;n v&agrave; c&aacute;c chủ doanh nghiệp c&oacute; thể tiết kiệm c&ocirc;ng sức lao độn, n&acirc;ng cao hiệu suất c&ocirc;ng việc sản xuất.</p>\r\n', '', '', '<p><strong>TH&Ocirc;NG SỐ KỸ THUẬT:</strong></p>\r\n\r\n<p><strong>Type:&nbsp;GE5600</strong></p>\r\n\r\n<ul>\r\n	<li>Rated Power:&nbsp;5.2KW</li>\r\n	<li>Max Power:&nbsp;5.8 KW</li>\r\n	<li>Rated Voltage:&nbsp;230V</li>\r\n	<li>Rated Current:&nbsp;22.6A</li>\r\n	<li>Rated Frequency:&nbsp;50Hz</li>\r\n	<li>Voltage Regulation:&nbsp;Digital AVR</li>\r\n	<li>Fuel Tank Capacity:&nbsp;25l</li>\r\n	<li>Fuel Consumption:&nbsp;&le; 460g/kW.h</li>\r\n	<li>Produce Date: 03/03/2023</li>\r\n</ul>\r\n', '', '', '', '', '', '', '', '', '', '', '', '', '', '', '', 0, 'may-phat-dien-tara', 'Máy phát điện TARA', '', ''),
(4300, 2156, 'en', 'english version Máy phát điện Huyndai 2,3kW YCLE', 'english version <p>C&ocirc;ng ty TNHH Hợp Lực Cảng Việt chuy&ecirc;n cung cấp c&aacute;c loại m&oacute;c c&ocirc;ng nghiệp như m&aacute;y ph&aacute;t điện, m&aacute;y x&aacute;t gạo, m&aacute;y xới đất, m&aacute;y tuốt l&uacute;a,... Đ&acirc;y l&agrave; c&aacute;c loại m&aacute;y được ch&uacute;ng t&ocirc;i nhập khẩu ch&iacute;nh h&atilde;ng nguy&ecirc;n chiếc, gi&uacute;p cho b&agrave; con n&ocirc;ng d&acirc;n v&agrave; c&aacute;c chủ doanh nghiệp c&oacute; thể tiết kiệm c&ocirc;ng sức lao độn, n&acirc;ng cao hiệu suất c&ocirc;ng việc sản xuất.</p>\r\n', '', '', 'english version <p>C&Ocirc;NG SUẤT CAO - GI&Aacute; CỰC TỐT</p>\r\n\r\n<p>H&Agrave;NG CH&Iacute;NH H&Atilde;NG - NHẬP KHẨU NGUY&Ecirc;N CHIẾC</p>\r\n\r\n<p>Hiệu suất cao - chất lượng tốt lu&ocirc;n l&agrave; ti&ecirc;u ch&iacute; h&agrave;ng đầu khi kh&aacute;ch h&agrave;ng t&igrave;m kiếm c&aacute;c d&ograve;ng sản phẩm m&aacute;y m&oacute;c c&ocirc;ng nghiệp.</p>\r\n\r\n<p>Thấu hiểu được điều đ&oacute;, Hợp Lực Cảng tự h&agrave;o giới thiệu đến qu&yacute; kh&aacute;ch những d&ograve;ng sản phẩm h&agrave;ng đầu trong ng&agrave;nh, bao gồm m&aacute;y ph&aacute;t điện, m&aacute;y x&aacute;t gạo, m&aacute;y xới đất v&agrave; m&aacute;y tuốt l&uacute;a.</p>\r\n\r\n<p>Tất cả c&aacute;c sản phẩm v&agrave; dịch vụ m&agrave; ch&uacute;ng t&ocirc;i cung cấp đều được kiểm tra v&agrave; đảm bảo tu&acirc;n thủ c&aacute;c ti&ecirc;u chuẩn chất lượng cao nhất</p>\r\n\r\n<p>Li&ecirc;n hệ ngay để được tư vấn v&agrave; nhận th&ocirc;ng tin chi tiết về c&aacute;c sản phẩm c&ocirc;ng nghiệp h&agrave;ng đầu của ch&uacute;ng t&ocirc;i.</p>\r\n\r\n<p>Hợp lực cảng Việt - Đối t&aacute;c đ&aacute;ng tin cậy cho c&aacute;c giải ph&aacute;p c&ocirc;ng nghiệp vượt trội!</p>\r\n', '', '', '', '', '', '', '', '', '', '', '', '', '', '', '', 0, 'en-may-phat-dien-huyndai-23kw-ycle', 'Máy phát điện Huyndai 2,3kW YCLE', '', ''),
(4301, 2157, 'vn', 'Máy phát điện Huyndai (DEMO)', '<p>C&ocirc;ng ty TNHH Hợp Lực Cảng Việt chuy&ecirc;n cung cấp c&aacute;c loại m&oacute;c c&ocirc;ng nghiệp như m&aacute;y ph&aacute;t điện, m&aacute;y x&aacute;t gạo, m&aacute;y xới đất, m&aacute;y tuốt l&uacute;a,... Đ&acirc;y l&agrave; c&aacute;c loại m&aacute;y được ch&uacute;ng t&ocirc;i nhập khẩu ch&iacute;nh h&atilde;ng nguy&ecirc;n chiếc, gi&uacute;p cho b&agrave; con n&ocirc;ng d&acirc;n v&agrave; c&aacute;c chủ doanh nghiệp c&oacute; thể tiết kiệm c&ocirc;ng sức lao độn, n&acirc;ng cao hiệu suất c&ocirc;ng việc sản xuất.</p>\r\n', '', '', '<p>C&Ocirc;NG SUẤT CAO - GI&Aacute; CỰC TỐT</p>\r\n\r\n<p>H&Agrave;NG CH&Iacute;NH H&Atilde;NG - NHẬP KHẨU NGUY&Ecirc;N CHIẾC</p>\r\n\r\n<p>Hiệu suất cao - chất lượng tốt lu&ocirc;n l&agrave; ti&ecirc;u ch&iacute; h&agrave;ng đầu khi kh&aacute;ch h&agrave;ng t&igrave;m kiếm c&aacute;c d&ograve;ng sản phẩm m&aacute;y m&oacute;c c&ocirc;ng nghiệp.</p>\r\n\r\n<p>Thấu hiểu được điều đ&oacute;, Hợp Lực Cảng tự h&agrave;o giới thiệu đến qu&yacute; kh&aacute;ch những d&ograve;ng sản phẩm h&agrave;ng đầu trong ng&agrave;nh, bao gồm m&aacute;y ph&aacute;t điện, m&aacute;y x&aacute;t gạo, m&aacute;y xới đất v&agrave; m&aacute;y tuốt l&uacute;a.</p>\r\n\r\n<p>Tất cả c&aacute;c sản phẩm v&agrave; dịch vụ m&agrave; ch&uacute;ng t&ocirc;i cung cấp đều được kiểm tra v&agrave; đảm bảo tu&acirc;n thủ c&aacute;c ti&ecirc;u chuẩn chất lượng cao nhất</p>\r\n\r\n<p>Li&ecirc;n hệ ngay để được tư vấn v&agrave; nhận th&ocirc;ng tin chi tiết về c&aacute;c sản phẩm c&ocirc;ng nghiệp h&agrave;ng đầu của ch&uacute;ng t&ocirc;i.</p>\r\n\r\n<p>Hợp lực cảng Việt - Đối t&aacute;c đ&aacute;ng tin cậy cho c&aacute;c giải ph&aacute;p c&ocirc;ng nghiệp vượt trội!</p>\r\n', '', '', '', '', '', '', '', '', '', '', '', '', '', '', '', 0, 'may-phat-dien-huyndai-demo', 'Máy phát điện Huyndai (DEMO)', '', ''),
(4302, 2157, 'en', 'english version Máy phát điện Huyndai 6kW HY9000LE', 'english version <p>C&ocirc;ng ty TNHH Hợp Lực Cảng Việt chuy&ecirc;n cung cấp c&aacute;c loại m&oacute;c c&ocirc;ng nghiệp như m&aacute;y ph&aacute;t điện, m&aacute;y x&aacute;t gạo, m&aacute;y xới đất, m&aacute;y tuốt l&uacute;a,... Đ&acirc;y l&agrave; c&aacute;c loại m&aacute;y được ch&uacute;ng t&ocirc;i nhập khẩu ch&iacute;nh h&atilde;ng nguy&ecirc;n chiếc, gi&uacute;p cho b&agrave; con n&ocirc;ng d&acirc;n v&agrave; c&aacute;c chủ doanh nghiệp c&oacute; thể tiết kiệm c&ocirc;ng sức lao độn, n&acirc;ng cao hiệu suất c&ocirc;ng việc sản xuất.</p>\r\n', '', '', 'english version <p>C&Ocirc;NG SUẤT CAO - GI&Aacute; CỰC TỐT</p>\r\n\r\n<p>H&Agrave;NG CH&Iacute;NH H&Atilde;NG - NHẬP KHẨU NGUY&Ecirc;N CHIẾC</p>\r\n\r\n<p>Hiệu suất cao - chất lượng tốt lu&ocirc;n l&agrave; ti&ecirc;u ch&iacute; h&agrave;ng đầu khi kh&aacute;ch h&agrave;ng t&igrave;m kiếm c&aacute;c d&ograve;ng sản phẩm m&aacute;y m&oacute;c c&ocirc;ng nghiệp.</p>\r\n\r\n<p>Thấu hiểu được điều đ&oacute;, Hợp Lực Cảng tự h&agrave;o giới thiệu đến qu&yacute; kh&aacute;ch những d&ograve;ng sản phẩm h&agrave;ng đầu trong ng&agrave;nh, bao gồm m&aacute;y ph&aacute;t điện, m&aacute;y x&aacute;t gạo, m&aacute;y xới đất v&agrave; m&aacute;y tuốt l&uacute;a.</p>\r\n\r\n<p>Tất cả c&aacute;c sản phẩm v&agrave; dịch vụ m&agrave; ch&uacute;ng t&ocirc;i cung cấp đều được kiểm tra v&agrave; đảm bảo tu&acirc;n thủ c&aacute;c ti&ecirc;u chuẩn chất lượng cao nhất</p>\r\n\r\n<p>Li&ecirc;n hệ ngay để được tư vấn v&agrave; nhận th&ocirc;ng tin chi tiết về c&aacute;c sản phẩm c&ocirc;ng nghiệp h&agrave;ng đầu của ch&uacute;ng t&ocirc;i.</p>\r\n\r\n<p>Hợp lực cảng Việt - Đối t&aacute;c đ&aacute;ng tin cậy cho c&aacute;c giải ph&aacute;p c&ocirc;ng nghiệp vượt trội!</p>\r\n', '', '', '', '', '', '', '', '', '', '', '', '', '', '', '', 0, 'en-may-phat-dien-huyndai-6kw-hy9000le', 'Máy phát điện Huyndai 6kW HY9000LE', '', ''),
(4303, 2158, 'vn', 'Máy phát điện 2,5kW Huyndai (DEMO)', '<p>C&ocirc;ng ty TNHH Hợp Lực Cảng Việt chuy&ecirc;n cung cấp c&aacute;c loại m&oacute;c c&ocirc;ng nghiệp như m&aacute;y ph&aacute;t điện, m&aacute;y x&aacute;t gạo, m&aacute;y xới đất, m&aacute;y tuốt l&uacute;a,... Đ&acirc;y l&agrave; c&aacute;c loại m&aacute;y được ch&uacute;ng t&ocirc;i nhập khẩu ch&iacute;nh h&atilde;ng nguy&ecirc;n chiếc, gi&uacute;p cho b&agrave; con n&ocirc;ng d&acirc;n v&agrave; c&aacute;c chủ doanh nghiệp c&oacute; thể tiết kiệm c&ocirc;ng sức lao độn, n&acirc;ng cao hiệu suất c&ocirc;ng việc sản xuất.</p>\r\n', '', '', '<p>C&Ocirc;NG SUẤT CAO - GI&Aacute; CỰC TỐT</p>\r\n\r\n<p>H&Agrave;NG CH&Iacute;NH H&Atilde;NG - NHẬP KHẨU NGUY&Ecirc;N CHIẾC</p>\r\n\r\n<p>Hiệu suất cao - chất lượng tốt lu&ocirc;n l&agrave; ti&ecirc;u ch&iacute; h&agrave;ng đầu khi kh&aacute;ch h&agrave;ng t&igrave;m kiếm c&aacute;c d&ograve;ng sản phẩm m&aacute;y m&oacute;c c&ocirc;ng nghiệp.</p>\r\n\r\n<p>Thấu hiểu được điều đ&oacute;, Hợp Lực Cảng tự h&agrave;o giới thiệu đến qu&yacute; kh&aacute;ch những d&ograve;ng sản phẩm h&agrave;ng đầu trong ng&agrave;nh, bao gồm m&aacute;y ph&aacute;t điện, m&aacute;y x&aacute;t gạo, m&aacute;y xới đất v&agrave; m&aacute;y tuốt l&uacute;a.</p>\r\n\r\n<p>Tất cả c&aacute;c sản phẩm v&agrave; dịch vụ m&agrave; ch&uacute;ng t&ocirc;i cung cấp đều được kiểm tra v&agrave; đảm bảo tu&acirc;n thủ c&aacute;c ti&ecirc;u chuẩn chất lượng cao nhất</p>\r\n\r\n<p>Li&ecirc;n hệ ngay để được tư vấn v&agrave; nhận th&ocirc;ng tin chi tiết về c&aacute;c sản phẩm c&ocirc;ng nghiệp h&agrave;ng đầu của ch&uacute;ng t&ocirc;i.</p>\r\n\r\n<p>Hợp lực cảng Việt - Đối t&aacute;c đ&aacute;ng tin cậy cho c&aacute;c giải ph&aacute;p c&ocirc;ng nghiệp vượt trội!</p>\r\n', '', '', '', '', '', '', '', '', '', '', '', '', '', '', '', 0, 'may-phat-dien-25kw-huyndai-demo', 'Máy phát điện 2,5kW Huyndai (DEMO)', '', ''),
(4304, 2158, 'en', 'english version Máy phát điện 2,5kW Huyndai HY3100LE', 'english version <p>C&ocirc;ng ty TNHH Hợp Lực Cảng Việt chuy&ecirc;n cung cấp c&aacute;c loại m&oacute;c c&ocirc;ng nghiệp như m&aacute;y ph&aacute;t điện, m&aacute;y x&aacute;t gạo, m&aacute;y xới đất, m&aacute;y tuốt l&uacute;a,... Đ&acirc;y l&agrave; c&aacute;c loại m&aacute;y được ch&uacute;ng t&ocirc;i nhập khẩu ch&iacute;nh h&atilde;ng nguy&ecirc;n chiếc, gi&uacute;p cho b&agrave; con n&ocirc;ng d&acirc;n v&agrave; c&aacute;c chủ doanh nghiệp c&oacute; thể tiết kiệm c&ocirc;ng sức lao độn, n&acirc;ng cao hiệu suất c&ocirc;ng việc sản xuất.</p>\r\n', '', '', 'english version <p>C&Ocirc;NG SUẤT CAO - GI&Aacute; CỰC TỐT</p>\r\n\r\n<p>H&Agrave;NG CH&Iacute;NH H&Atilde;NG - NHẬP KHẨU NGUY&Ecirc;N CHIẾC</p>\r\n\r\n<p>Hiệu suất cao - chất lượng tốt lu&ocirc;n l&agrave; ti&ecirc;u ch&iacute; h&agrave;ng đầu khi kh&aacute;ch h&agrave;ng t&igrave;m kiếm c&aacute;c d&ograve;ng sản phẩm m&aacute;y m&oacute;c c&ocirc;ng nghiệp.</p>\r\n\r\n<p>Thấu hiểu được điều đ&oacute;, Hợp Lực Cảng tự h&agrave;o giới thiệu đến qu&yacute; kh&aacute;ch những d&ograve;ng sản phẩm h&agrave;ng đầu trong ng&agrave;nh, bao gồm m&aacute;y ph&aacute;t điện, m&aacute;y x&aacute;t gạo, m&aacute;y xới đất v&agrave; m&aacute;y tuốt l&uacute;a.</p>\r\n\r\n<p>Tất cả c&aacute;c sản phẩm v&agrave; dịch vụ m&agrave; ch&uacute;ng t&ocirc;i cung cấp đều được kiểm tra v&agrave; đảm bảo tu&acirc;n thủ c&aacute;c ti&ecirc;u chuẩn chất lượng cao nhất</p>\r\n\r\n<p>Li&ecirc;n hệ ngay để được tư vấn v&agrave; nhận th&ocirc;ng tin chi tiết về c&aacute;c sản phẩm c&ocirc;ng nghiệp h&agrave;ng đầu của ch&uacute;ng t&ocirc;i.</p>\r\n\r\n<p>Hợp lực cảng Việt - Đối t&aacute;c đ&aacute;ng tin cậy cho c&aacute;c giải ph&aacute;p c&ocirc;ng nghiệp vượt trội!</p>\r\n', '', '', '', '', '', '', '', '', '', '', '', '', '', '', '', 0, 'en-may-phat-dien-25kw-huyndai-hy3100le', 'Máy phát điện 2,5kW Huyndai HY3100LE', '', ''),
(4305, 2159, 'vn', 'Máy phát điện Huyndai HY7000LE (dEMO)', '<p>C&ocirc;ng ty TNHH Hợp Lực Cảng Việt chuy&ecirc;n cung cấp c&aacute;c loại m&oacute;c c&ocirc;ng nghiệp như m&aacute;y ph&aacute;t điện, m&aacute;y x&aacute;t gạo, m&aacute;y xới đất, m&aacute;y tuốt l&uacute;a,... Đ&acirc;y l&agrave; c&aacute;c loại m&aacute;y được ch&uacute;ng t&ocirc;i nhập khẩu ch&iacute;nh h&atilde;ng nguy&ecirc;n chiếc, gi&uacute;p cho b&agrave; con n&ocirc;ng d&acirc;n v&agrave; c&aacute;c chủ doanh nghiệp c&oacute; thể tiết kiệm c&ocirc;ng sức lao độn, n&acirc;ng cao hiệu suất c&ocirc;ng việc sản xuất.</p>\r\n', '', '', '<p>C&Ocirc;NG SUẤT CAO - GI&Aacute; CỰC TỐT</p>\r\n\r\n<p>H&Agrave;NG CH&Iacute;NH H&Atilde;NG - NHẬP KHẨU NGUY&Ecirc;N CHIẾC</p>\r\n\r\n<p>Hiệu suất cao - chất lượng tốt lu&ocirc;n l&agrave; ti&ecirc;u ch&iacute; h&agrave;ng đầu khi kh&aacute;ch h&agrave;ng t&igrave;m kiếm c&aacute;c d&ograve;ng sản phẩm m&aacute;y m&oacute;c c&ocirc;ng nghiệp.</p>\r\n\r\n<p>Thấu hiểu được điều đ&oacute;, Hợp Lực Cảng tự h&agrave;o giới thiệu đến qu&yacute; kh&aacute;ch những d&ograve;ng sản phẩm h&agrave;ng đầu trong ng&agrave;nh, bao gồm m&aacute;y ph&aacute;t điện, m&aacute;y x&aacute;t gạo, m&aacute;y xới đất v&agrave; m&aacute;y tuốt l&uacute;a.</p>\r\n\r\n<p>Tất cả c&aacute;c sản phẩm v&agrave; dịch vụ m&agrave; ch&uacute;ng t&ocirc;i cung cấp đều được kiểm tra v&agrave; đảm bảo tu&acirc;n thủ c&aacute;c ti&ecirc;u chuẩn chất lượng cao nhất</p>\r\n\r\n<p>Li&ecirc;n hệ ngay để được tư vấn v&agrave; nhận th&ocirc;ng tin chi tiết về c&aacute;c sản phẩm c&ocirc;ng nghiệp h&agrave;ng đầu của ch&uacute;ng t&ocirc;i.</p>\r\n\r\n<p>Hợp lực cảng Việt - Đối t&aacute;c đ&aacute;ng tin cậy cho c&aacute;c giải ph&aacute;p c&ocirc;ng nghiệp vượt trội!</p>\r\n', '', '', '', '', '', '', '', '', '', '', '', '', '', '', '', 0, 'may-phat-dien-huyndai-hy7000le-demo', 'Máy phát điện Huyndai HY7000LE (dEMO)', '', ''),
(4306, 2159, 'en', 'english version Máy phát điện Huyndai HY7000LE', 'english version <p>C&ocirc;ng ty TNHH Hợp Lực Cảng Việt chuy&ecirc;n cung cấp c&aacute;c loại m&oacute;c c&ocirc;ng nghiệp như m&aacute;y ph&aacute;t điện, m&aacute;y x&aacute;t gạo, m&aacute;y xới đất, m&aacute;y tuốt l&uacute;a,... Đ&acirc;y l&agrave; c&aacute;c loại m&aacute;y được ch&uacute;ng t&ocirc;i nhập khẩu ch&iacute;nh h&atilde;ng nguy&ecirc;n chiếc, gi&uacute;p cho b&agrave; con n&ocirc;ng d&acirc;n v&agrave; c&aacute;c chủ doanh nghiệp c&oacute; thể tiết kiệm c&ocirc;ng sức lao độn, n&acirc;ng cao hiệu suất c&ocirc;ng việc sản xuất.</p>\r\n', '', '', 'english version <p>C&Ocirc;NG SUẤT CAO - GI&Aacute; CỰC TỐT</p>\r\n\r\n<p>H&Agrave;NG CH&Iacute;NH H&Atilde;NG - NHẬP KHẨU NGUY&Ecirc;N CHIẾC</p>\r\n\r\n<p>Hiệu suất cao - chất lượng tốt lu&ocirc;n l&agrave; ti&ecirc;u ch&iacute; h&agrave;ng đầu khi kh&aacute;ch h&agrave;ng t&igrave;m kiếm c&aacute;c d&ograve;ng sản phẩm m&aacute;y m&oacute;c c&ocirc;ng nghiệp.</p>\r\n\r\n<p>Thấu hiểu được điều đ&oacute;, Hợp Lực Cảng tự h&agrave;o giới thiệu đến qu&yacute; kh&aacute;ch những d&ograve;ng sản phẩm h&agrave;ng đầu trong ng&agrave;nh, bao gồm m&aacute;y ph&aacute;t điện, m&aacute;y x&aacute;t gạo, m&aacute;y xới đất v&agrave; m&aacute;y tuốt l&uacute;a.</p>\r\n\r\n<p>Tất cả c&aacute;c sản phẩm v&agrave; dịch vụ m&agrave; ch&uacute;ng t&ocirc;i cung cấp đều được kiểm tra v&agrave; đảm bảo tu&acirc;n thủ c&aacute;c ti&ecirc;u chuẩn chất lượng cao nhất</p>\r\n\r\n<p>Li&ecirc;n hệ ngay để được tư vấn v&agrave; nhận th&ocirc;ng tin chi tiết về c&aacute;c sản phẩm c&ocirc;ng nghiệp h&agrave;ng đầu của ch&uacute;ng t&ocirc;i.</p>\r\n\r\n<p>Hợp lực cảng Việt - Đối t&aacute;c đ&aacute;ng tin cậy cho c&aacute;c giải ph&aacute;p c&ocirc;ng nghiệp vượt trội!</p>\r\n', '', '', '', '', '', '', '', '', '', '', '', '', '', '', '', 0, 'en-may-phat-dien-huyndai-hy7000le', 'Máy phát điện Huyndai HY7000LE', '', ''),
(4307, 2160, 'vn', 'Máy xát gạo TL - 58SC (chưa gồm động cơ)', '<p>C&ocirc;ng ty TNHH Hợp Lực Cảng Việt chuy&ecirc;n cung cấp c&aacute;c loại m&oacute;c c&ocirc;ng nghiệp như m&aacute;y ph&aacute;t điện, m&aacute;y x&aacute;t gạo, m&aacute;y xới đất, m&aacute;y tuốt l&uacute;a,... Đ&acirc;y l&agrave; c&aacute;c loại m&aacute;y được ch&uacute;ng t&ocirc;i nhập khẩu ch&iacute;nh h&atilde;ng nguy&ecirc;n chiếc, gi&uacute;p cho b&agrave; con n&ocirc;ng d&acirc;n v&agrave; c&aacute;c chủ doanh nghiệp c&oacute; thể tiết kiệm c&ocirc;ng sức lao độn, n&acirc;ng cao hiệu suất c&ocirc;ng việc sản xuất.</p>\r\n', '', '', '<p>C&Ocirc;NG SUẤT CAO - GI&Aacute; CỰC TỐT</p>\r\n\r\n<p>H&Agrave;NG CH&Iacute;NH H&Atilde;NG - NHẬP KHẨU NGUY&Ecirc;N CHIẾC</p>\r\n\r\n<p>Hiệu suất cao - chất lượng tốt lu&ocirc;n l&agrave; ti&ecirc;u ch&iacute; h&agrave;ng đầu khi kh&aacute;ch h&agrave;ng t&igrave;m kiếm c&aacute;c d&ograve;ng sản phẩm m&aacute;y m&oacute;c c&ocirc;ng nghiệp.</p>\r\n\r\n<p>Thấu hiểu được điều đ&oacute;, Hợp Lực Cảng tự h&agrave;o giới thiệu đến qu&yacute; kh&aacute;ch những d&ograve;ng sản phẩm h&agrave;ng đầu trong ng&agrave;nh, bao gồm m&aacute;y ph&aacute;t điện, m&aacute;y x&aacute;t gạo, m&aacute;y xới đất v&agrave; m&aacute;y tuốt l&uacute;a.</p>\r\n\r\n<p>Tất cả c&aacute;c sản phẩm v&agrave; dịch vụ m&agrave; ch&uacute;ng t&ocirc;i cung cấp đều được kiểm tra v&agrave; đảm bảo tu&acirc;n thủ c&aacute;c ti&ecirc;u chuẩn chất lượng cao nhất</p>\r\n\r\n<p>Li&ecirc;n hệ ngay để được tư vấn v&agrave; nhận th&ocirc;ng tin chi tiết về c&aacute;c sản phẩm c&ocirc;ng nghiệp h&agrave;ng đầu của ch&uacute;ng t&ocirc;i.</p>\r\n\r\n<p>Hợp lực cảng Việt - Đối t&aacute;c đ&aacute;ng tin cậy cho c&aacute;c giải ph&aacute;p c&ocirc;ng nghiệp vượt trội!</p>\r\n', '', '', '', '', '', '', '', '', '', '', '', '', '', '', '', 0, 'may-xat-gao-tl-58sc-chua-gom-dong-co', 'Máy xát gạo TL - 58SC (chưa gồm động cơ)', '', ''),
(4308, 2160, 'en', 'english version Máy xát gạo 3 cấp UN-A3000', 'english version <p>C&ocirc;ng ty TNHH Hợp Lực Cảng Việt chuy&ecirc;n cung cấp c&aacute;c loại m&oacute;c c&ocirc;ng nghiệp như m&aacute;y ph&aacute;t điện, m&aacute;y x&aacute;t gạo, m&aacute;y xới đất, m&aacute;y tuốt l&uacute;a,... Đ&acirc;y l&agrave; c&aacute;c loại m&aacute;y được ch&uacute;ng t&ocirc;i nhập khẩu ch&iacute;nh h&atilde;ng nguy&ecirc;n chiếc, gi&uacute;p cho b&agrave; con n&ocirc;ng d&acirc;n v&agrave; c&aacute;c chủ doanh nghiệp c&oacute; thể tiết kiệm c&ocirc;ng sức lao độn, n&acirc;ng cao hiệu suất c&ocirc;ng việc sản xuất.</p>\r\n', '', '', 'english version <p>C&Ocirc;NG SUẤT CAO - GI&Aacute; CỰC TỐT</p>\r\n\r\n<p>H&Agrave;NG CH&Iacute;NH H&Atilde;NG - NHẬP KHẨU NGUY&Ecirc;N CHIẾC</p>\r\n\r\n<p>Hiệu suất cao - chất lượng tốt lu&ocirc;n l&agrave; ti&ecirc;u ch&iacute; h&agrave;ng đầu khi kh&aacute;ch h&agrave;ng t&igrave;m kiếm c&aacute;c d&ograve;ng sản phẩm m&aacute;y m&oacute;c c&ocirc;ng nghiệp.</p>\r\n\r\n<p>Thấu hiểu được điều đ&oacute;, Hợp Lực Cảng tự h&agrave;o giới thiệu đến qu&yacute; kh&aacute;ch những d&ograve;ng sản phẩm h&agrave;ng đầu trong ng&agrave;nh, bao gồm m&aacute;y ph&aacute;t điện, m&aacute;y x&aacute;t gạo, m&aacute;y xới đất v&agrave; m&aacute;y tuốt l&uacute;a.</p>\r\n\r\n<p>Tất cả c&aacute;c sản phẩm v&agrave; dịch vụ m&agrave; ch&uacute;ng t&ocirc;i cung cấp đều được kiểm tra v&agrave; đảm bảo tu&acirc;n thủ c&aacute;c ti&ecirc;u chuẩn chất lượng cao nhất</p>\r\n\r\n<p>Li&ecirc;n hệ ngay để được tư vấn v&agrave; nhận th&ocirc;ng tin chi tiết về c&aacute;c sản phẩm c&ocirc;ng nghiệp h&agrave;ng đầu của ch&uacute;ng t&ocirc;i.</p>\r\n\r\n<p>Hợp lực cảng Việt - Đối t&aacute;c đ&aacute;ng tin cậy cho c&aacute;c giải ph&aacute;p c&ocirc;ng nghiệp vượt trội!</p>\r\n', '', '', '', '', '', '', '', '', '', '', '', '', '', '', '', 0, 'en-may-xat-gao-3-cap-un-a3000', 'Máy xát gạo 3 cấp UN-A3000', '', ''),
(4309, 2161, 'vn', 'Máy xát gạo TL-358 có lọc sạn 5 cấp đời mới (chưa gồm động cơ)', '<p>C&ocirc;ng ty TNHH Hợp Lực Cảng Việt chuy&ecirc;n cung cấp c&aacute;c loại m&oacute;c c&ocirc;ng nghiệp như m&aacute;y ph&aacute;t điện, m&aacute;y x&aacute;t gạo, m&aacute;y xới đất, m&aacute;y tuốt l&uacute;a,... Đ&acirc;y l&agrave; c&aacute;c loại m&aacute;y được ch&uacute;ng t&ocirc;i nhập khẩu ch&iacute;nh h&atilde;ng nguy&ecirc;n chiếc, gi&uacute;p cho b&agrave; con n&ocirc;ng d&acirc;n v&agrave; c&aacute;c chủ doanh nghiệp c&oacute; thể tiết kiệm c&ocirc;ng sức lao độn, n&acirc;ng cao hiệu suất c&ocirc;ng việc sản xuất.</p>\r\n', '', '', '<p>C&Ocirc;NG SUẤT CAO - GI&Aacute; CỰC TỐT</p>\r\n\r\n<p>H&Agrave;NG CH&Iacute;NH H&Atilde;NG - NHẬP KHẨU NGUY&Ecirc;N CHIẾC</p>\r\n\r\n<p>Hiệu suất cao - chất lượng tốt lu&ocirc;n l&agrave; ti&ecirc;u ch&iacute; h&agrave;ng đầu khi kh&aacute;ch h&agrave;ng t&igrave;m kiếm c&aacute;c d&ograve;ng sản phẩm m&aacute;y m&oacute;c c&ocirc;ng nghiệp.</p>\r\n\r\n<p>Thấu hiểu được điều đ&oacute;, Hợp Lực Cảng tự h&agrave;o giới thiệu đến qu&yacute; kh&aacute;ch những d&ograve;ng sản phẩm h&agrave;ng đầu trong ng&agrave;nh, bao gồm m&aacute;y ph&aacute;t điện, m&aacute;y x&aacute;t gạo, m&aacute;y xới đất v&agrave; m&aacute;y tuốt l&uacute;a.</p>\r\n\r\n<p>Tất cả c&aacute;c sản phẩm v&agrave; dịch vụ m&agrave; ch&uacute;ng t&ocirc;i cung cấp đều được kiểm tra v&agrave; đảm bảo tu&acirc;n thủ c&aacute;c ti&ecirc;u chuẩn chất lượng cao nhất</p>\r\n\r\n<p>Li&ecirc;n hệ ngay để được tư vấn v&agrave; nhận th&ocirc;ng tin chi tiết về c&aacute;c sản phẩm c&ocirc;ng nghiệp h&agrave;ng đầu của ch&uacute;ng t&ocirc;i.</p>\r\n\r\n<p>Hợp lực cảng Việt - Đối t&aacute;c đ&aacute;ng tin cậy cho c&aacute;c giải ph&aacute;p c&ocirc;ng nghiệp vượt trội!</p>\r\n', '', '', '', '', '', '', '', '', '', '', '', '', '', '', '', 0, 'may-xat-gao-tl-358-co-loc-san-5-cap-doi-moi-chua-gom-dong-co', 'Máy xát gạo TL-358 có lọc sạn 5 cấp đời mới (chưa gồm động cơ)', '', ''),
(4310, 2161, 'en', 'english version Máy xát gạo mini gia đình UN-A50', 'english version <p>C&ocirc;ng ty TNHH Hợp Lực Cảng Việt chuy&ecirc;n cung cấp c&aacute;c loại m&oacute;c c&ocirc;ng nghiệp như m&aacute;y ph&aacute;t điện, m&aacute;y x&aacute;t gạo, m&aacute;y xới đất, m&aacute;y tuốt l&uacute;a,... Đ&acirc;y l&agrave; c&aacute;c loại m&aacute;y được ch&uacute;ng t&ocirc;i nhập khẩu ch&iacute;nh h&atilde;ng nguy&ecirc;n chiếc, gi&uacute;p cho b&agrave; con n&ocirc;ng d&acirc;n v&agrave; c&aacute;c chủ doanh nghiệp c&oacute; thể tiết kiệm c&ocirc;ng sức lao độn, n&acirc;ng cao hiệu suất c&ocirc;ng việc sản xuất.</p>\r\n', '', '', 'english version <p>C&Ocirc;NG SUẤT CAO - GI&Aacute; CỰC TỐT</p>\r\n\r\n<p>H&Agrave;NG CH&Iacute;NH H&Atilde;NG - NHẬP KHẨU NGUY&Ecirc;N CHIẾC</p>\r\n\r\n<p>Hiệu suất cao - chất lượng tốt lu&ocirc;n l&agrave; ti&ecirc;u ch&iacute; h&agrave;ng đầu khi kh&aacute;ch h&agrave;ng t&igrave;m kiếm c&aacute;c d&ograve;ng sản phẩm m&aacute;y m&oacute;c c&ocirc;ng nghiệp.</p>\r\n\r\n<p>Thấu hiểu được điều đ&oacute;, Hợp Lực Cảng tự h&agrave;o giới thiệu đến qu&yacute; kh&aacute;ch những d&ograve;ng sản phẩm h&agrave;ng đầu trong ng&agrave;nh, bao gồm m&aacute;y ph&aacute;t điện, m&aacute;y x&aacute;t gạo, m&aacute;y xới đất v&agrave; m&aacute;y tuốt l&uacute;a.</p>\r\n\r\n<p>Tất cả c&aacute;c sản phẩm v&agrave; dịch vụ m&agrave; ch&uacute;ng t&ocirc;i cung cấp đều được kiểm tra v&agrave; đảm bảo tu&acirc;n thủ c&aacute;c ti&ecirc;u chuẩn chất lượng cao nhất</p>\r\n\r\n<p>Li&ecirc;n hệ ngay để được tư vấn v&agrave; nhận th&ocirc;ng tin chi tiết về c&aacute;c sản phẩm c&ocirc;ng nghiệp h&agrave;ng đầu của ch&uacute;ng t&ocirc;i.</p>\r\n\r\n<p>Hợp lực cảng Việt - Đối t&aacute;c đ&aacute;ng tin cậy cho c&aacute;c giải ph&aacute;p c&ocirc;ng nghiệp vượt trội!</p>\r\n', '', '', '', '', '', '', '', '', '', '', '', '', '', '', '', 0, 'en-may-xat-gao-mini-gia-dinh-un-a50', 'Máy xát gạo mini gia đình UN-A50', '', ''),
(4311, 2162, 'vn', 'Máy xát gạo TL-358 có sàng rung (chưa gồm động cơ)', '<p>C&ocirc;ng ty TNHH Hợp Lực Cảng Việt chuy&ecirc;n cung cấp c&aacute;c loại m&oacute;c c&ocirc;ng nghiệp như m&aacute;y ph&aacute;t điện, m&aacute;y x&aacute;t gạo, m&aacute;y xới đất, m&aacute;y tuốt l&uacute;a,... Đ&acirc;y l&agrave; c&aacute;c loại m&aacute;y được ch&uacute;ng t&ocirc;i nhập khẩu ch&iacute;nh h&atilde;ng nguy&ecirc;n chiếc, gi&uacute;p cho b&agrave; con n&ocirc;ng d&acirc;n v&agrave; c&aacute;c chủ doanh nghiệp c&oacute; thể tiết kiệm c&ocirc;ng sức lao độn, n&acirc;ng cao hiệu suất c&ocirc;ng việc sản xuất.</p>\r\n', '', '', '<p>C&Ocirc;NG SUẤT CAO - GI&Aacute; CỰC TỐT</p>\r\n\r\n<p>H&Agrave;NG CH&Iacute;NH H&Atilde;NG - NHẬP KHẨU NGUY&Ecirc;N CHIẾC</p>\r\n\r\n<p>Hiệu suất cao - chất lượng tốt lu&ocirc;n l&agrave; ti&ecirc;u ch&iacute; h&agrave;ng đầu khi kh&aacute;ch h&agrave;ng t&igrave;m kiếm c&aacute;c d&ograve;ng sản phẩm m&aacute;y m&oacute;c c&ocirc;ng nghiệp.</p>\r\n\r\n<p>Thấu hiểu được điều đ&oacute;, Hợp Lực Cảng tự h&agrave;o giới thiệu đến qu&yacute; kh&aacute;ch những d&ograve;ng sản phẩm h&agrave;ng đầu trong ng&agrave;nh, bao gồm m&aacute;y ph&aacute;t điện, m&aacute;y x&aacute;t gạo, m&aacute;y xới đất v&agrave; m&aacute;y tuốt l&uacute;a.</p>\r\n\r\n<p>Tất cả c&aacute;c sản phẩm v&agrave; dịch vụ m&agrave; ch&uacute;ng t&ocirc;i cung cấp đều được kiểm tra v&agrave; đảm bảo tu&acirc;n thủ c&aacute;c ti&ecirc;u chuẩn chất lượng cao nhất</p>\r\n\r\n<p>Li&ecirc;n hệ ngay để được tư vấn v&agrave; nhận th&ocirc;ng tin chi tiết về c&aacute;c sản phẩm c&ocirc;ng nghiệp h&agrave;ng đầu của ch&uacute;ng t&ocirc;i.</p>\r\n\r\n<p>Hợp lực cảng Việt - Đối t&aacute;c đ&aacute;ng tin cậy cho c&aacute;c giải ph&aacute;p c&ocirc;ng nghiệp vượt trội!</p>\r\n', '', '', '', '', '', '', '', '', '', '', '', '', '', '', '', 0, 'may-xat-gao-tl-358-co-sang-rung-chua-gom-dong-co', 'Máy xát gạo TL-358 có sàng rung (chưa gồm động cơ)', '', ''),
(4312, 2162, 'en', 'english version Máy xát gạo UN T1000', 'english version <p>C&ocirc;ng ty TNHH Hợp Lực Cảng Việt chuy&ecirc;n cung cấp c&aacute;c loại m&oacute;c c&ocirc;ng nghiệp như m&aacute;y ph&aacute;t điện, m&aacute;y x&aacute;t gạo, m&aacute;y xới đất, m&aacute;y tuốt l&uacute;a,... Đ&acirc;y l&agrave; c&aacute;c loại m&aacute;y được ch&uacute;ng t&ocirc;i nhập khẩu ch&iacute;nh h&atilde;ng nguy&ecirc;n chiếc, gi&uacute;p cho b&agrave; con n&ocirc;ng d&acirc;n v&agrave; c&aacute;c chủ doanh nghiệp c&oacute; thể tiết kiệm c&ocirc;ng sức lao độn, n&acirc;ng cao hiệu suất c&ocirc;ng việc sản xuất.</p>\r\n', '', '', 'english version <p>C&Ocirc;NG SUẤT CAO - GI&Aacute; CỰC TỐT</p>\r\n\r\n<p>H&Agrave;NG CH&Iacute;NH H&Atilde;NG - NHẬP KHẨU NGUY&Ecirc;N CHIẾC</p>\r\n\r\n<p>Hiệu suất cao - chất lượng tốt lu&ocirc;n l&agrave; ti&ecirc;u ch&iacute; h&agrave;ng đầu khi kh&aacute;ch h&agrave;ng t&igrave;m kiếm c&aacute;c d&ograve;ng sản phẩm m&aacute;y m&oacute;c c&ocirc;ng nghiệp.</p>\r\n\r\n<p>Thấu hiểu được điều đ&oacute;, Hợp Lực Cảng tự h&agrave;o giới thiệu đến qu&yacute; kh&aacute;ch những d&ograve;ng sản phẩm h&agrave;ng đầu trong ng&agrave;nh, bao gồm m&aacute;y ph&aacute;t điện, m&aacute;y x&aacute;t gạo, m&aacute;y xới đất v&agrave; m&aacute;y tuốt l&uacute;a.</p>\r\n\r\n<p>Tất cả c&aacute;c sản phẩm v&agrave; dịch vụ m&agrave; ch&uacute;ng t&ocirc;i cung cấp đều được kiểm tra v&agrave; đảm bảo tu&acirc;n thủ c&aacute;c ti&ecirc;u chuẩn chất lượng cao nhất</p>\r\n\r\n<p>Li&ecirc;n hệ ngay để được tư vấn v&agrave; nhận th&ocirc;ng tin chi tiết về c&aacute;c sản phẩm c&ocirc;ng nghiệp h&agrave;ng đầu của ch&uacute;ng t&ocirc;i.</p>\r\n\r\n<p>Hợp lực cảng Việt - Đối t&aacute;c đ&aacute;ng tin cậy cho c&aacute;c giải ph&aacute;p c&ocirc;ng nghiệp vượt trội!</p>\r\n', '', '', '', '', '', '', '', '', '', '', '', '', '', '', '', 0, 'en-may-xat-gao-un-t1000', 'Máy xát gạo UN T1000', '', ''),
(4313, 2163, 'vn', 'Máy xát gạo TL - 380B có lọc sạn 5 cấp đời mới (chưa gồm động cơ)', '<p>C&ocirc;ng ty TNHH Hợp Lực Cảng Việt chuy&ecirc;n cung cấp c&aacute;c loại m&oacute;c c&ocirc;ng nghiệp như m&aacute;y ph&aacute;t điện, m&aacute;y x&aacute;t gạo, m&aacute;y xới đất, m&aacute;y tuốt l&uacute;a,... Đ&acirc;y l&agrave; c&aacute;c loại m&aacute;y được ch&uacute;ng t&ocirc;i nhập khẩu ch&iacute;nh h&atilde;ng nguy&ecirc;n chiếc, gi&uacute;p cho b&agrave; con n&ocirc;ng d&acirc;n v&agrave; c&aacute;c chủ doanh nghiệp c&oacute; thể tiết kiệm c&ocirc;ng sức lao độn, n&acirc;ng cao hiệu suất c&ocirc;ng việc sản xuất.</p>\r\n', '', '', '<p>C&Ocirc;NG SUẤT CAO - GI&Aacute; CỰC TỐT</p>\r\n\r\n<p>H&Agrave;NG CH&Iacute;NH H&Atilde;NG - NHẬP KHẨU NGUY&Ecirc;N CHIẾC</p>\r\n\r\n<p>Hiệu suất cao - chất lượng tốt lu&ocirc;n l&agrave; ti&ecirc;u ch&iacute; h&agrave;ng đầu khi kh&aacute;ch h&agrave;ng t&igrave;m kiếm c&aacute;c d&ograve;ng sản phẩm m&aacute;y m&oacute;c c&ocirc;ng nghiệp.</p>\r\n\r\n<p>Thấu hiểu được điều đ&oacute;, Hợp Lực Cảng tự h&agrave;o giới thiệu đến qu&yacute; kh&aacute;ch những d&ograve;ng sản phẩm h&agrave;ng đầu trong ng&agrave;nh, bao gồm m&aacute;y ph&aacute;t điện, m&aacute;y x&aacute;t gạo, m&aacute;y xới đất v&agrave; m&aacute;y tuốt l&uacute;a.</p>\r\n\r\n<p>Tất cả c&aacute;c sản phẩm v&agrave; dịch vụ m&agrave; ch&uacute;ng t&ocirc;i cung cấp đều được kiểm tra v&agrave; đảm bảo tu&acirc;n thủ c&aacute;c ti&ecirc;u chuẩn chất lượng cao nhất</p>\r\n\r\n<p>Li&ecirc;n hệ ngay để được tư vấn v&agrave; nhận th&ocirc;ng tin chi tiết về c&aacute;c sản phẩm c&ocirc;ng nghiệp h&agrave;ng đầu của ch&uacute;ng t&ocirc;i.</p>\r\n\r\n<p>Hợp lực cảng Việt - Đối t&aacute;c đ&aacute;ng tin cậy cho c&aacute;c giải ph&aacute;p c&ocirc;ng nghiệp vượt trội!</p>\r\n', '', '', '', '', '', '', '', '', '', '', '', '', '', '', '', 0, 'may-xat-gao-tl-380b-co-loc-san-5-cap-doi-moi-chua-gom-dong-co', 'Máy xát gạo TL - 380B có lọc sạn 5 cấp đời mới (chưa gồm động cơ)', '', ''),
(4314, 2163, 'en', 'english version Máy xát gạo lứt - Gạo nấu rượu CL400', 'english version <p>C&ocirc;ng ty TNHH Hợp Lực Cảng Việt chuy&ecirc;n cung cấp c&aacute;c loại m&oacute;c c&ocirc;ng nghiệp như m&aacute;y ph&aacute;t điện, m&aacute;y x&aacute;t gạo, m&aacute;y xới đất, m&aacute;y tuốt l&uacute;a,... Đ&acirc;y l&agrave; c&aacute;c loại m&aacute;y được ch&uacute;ng t&ocirc;i nhập khẩu ch&iacute;nh h&atilde;ng nguy&ecirc;n chiếc, gi&uacute;p cho b&agrave; con n&ocirc;ng d&acirc;n v&agrave; c&aacute;c chủ doanh nghiệp c&oacute; thể tiết kiệm c&ocirc;ng sức lao độn, n&acirc;ng cao hiệu suất c&ocirc;ng việc sản xuất.</p>\r\n', '', '', 'english version <p>C&Ocirc;NG SUẤT CAO - GI&Aacute; CỰC TỐT</p>\r\n\r\n<p>H&Agrave;NG CH&Iacute;NH H&Atilde;NG - NHẬP KHẨU NGUY&Ecirc;N CHIẾC</p>\r\n\r\n<p>Hiệu suất cao - chất lượng tốt lu&ocirc;n l&agrave; ti&ecirc;u ch&iacute; h&agrave;ng đầu khi kh&aacute;ch h&agrave;ng t&igrave;m kiếm c&aacute;c d&ograve;ng sản phẩm m&aacute;y m&oacute;c c&ocirc;ng nghiệp.</p>\r\n\r\n<p>Thấu hiểu được điều đ&oacute;, Hợp Lực Cảng tự h&agrave;o giới thiệu đến qu&yacute; kh&aacute;ch những d&ograve;ng sản phẩm h&agrave;ng đầu trong ng&agrave;nh, bao gồm m&aacute;y ph&aacute;t điện, m&aacute;y x&aacute;t gạo, m&aacute;y xới đất v&agrave; m&aacute;y tuốt l&uacute;a.</p>\r\n\r\n<p>Tất cả c&aacute;c sản phẩm v&agrave; dịch vụ m&agrave; ch&uacute;ng t&ocirc;i cung cấp đều được kiểm tra v&agrave; đảm bảo tu&acirc;n thủ c&aacute;c ti&ecirc;u chuẩn chất lượng cao nhất</p>\r\n\r\n<p>Li&ecirc;n hệ ngay để được tư vấn v&agrave; nhận th&ocirc;ng tin chi tiết về c&aacute;c sản phẩm c&ocirc;ng nghiệp h&agrave;ng đầu của ch&uacute;ng t&ocirc;i.</p>\r\n\r\n<p>Hợp lực cảng Việt - Đối t&aacute;c đ&aacute;ng tin cậy cho c&aacute;c giải ph&aacute;p c&ocirc;ng nghiệp vượt trội!</p>\r\n', '', '', '', '', '', '', '', '', '', '', '', '', '', '', '', 0, 'en-may-xat-gao-lut-gao-nau-ruou-cl400', 'Máy xát gạo lứt - Gạo nấu rượu CL400', '', ''),
(4315, 2164, 'vn', 'Máy xát gạo TL - 380B Inox đảo chiều (chưa gồm động cơ)', '<p>C&ocirc;ng ty TNHH Hợp Lực Cảng Việt chuy&ecirc;n cung cấp c&aacute;c loại m&oacute;c c&ocirc;ng nghiệp như m&aacute;y ph&aacute;t điện, m&aacute;y x&aacute;t gạo, m&aacute;y xới đất, m&aacute;y tuốt l&uacute;a,... Đ&acirc;y l&agrave; c&aacute;c loại m&aacute;y được ch&uacute;ng t&ocirc;i nhập khẩu ch&iacute;nh h&atilde;ng nguy&ecirc;n chiếc, gi&uacute;p cho b&agrave; con n&ocirc;ng d&acirc;n v&agrave; c&aacute;c chủ doanh nghiệp c&oacute; thể tiết kiệm c&ocirc;ng sức lao độn, n&acirc;ng cao hiệu suất c&ocirc;ng việc sản xuất.</p>\r\n', '', '', '<p>C&Ocirc;NG SUẤT CAO - GI&Aacute; CỰC TỐT</p>\r\n\r\n<p>H&Agrave;NG CH&Iacute;NH H&Atilde;NG - NHẬP KHẨU NGUY&Ecirc;N CHIẾC</p>\r\n\r\n<p>Hiệu suất cao - chất lượng tốt lu&ocirc;n l&agrave; ti&ecirc;u ch&iacute; h&agrave;ng đầu khi kh&aacute;ch h&agrave;ng t&igrave;m kiếm c&aacute;c d&ograve;ng sản phẩm m&aacute;y m&oacute;c c&ocirc;ng nghiệp.</p>\r\n\r\n<p>Thấu hiểu được điều đ&oacute;, Hợp Lực Cảng tự h&agrave;o giới thiệu đến qu&yacute; kh&aacute;ch những d&ograve;ng sản phẩm h&agrave;ng đầu trong ng&agrave;nh, bao gồm m&aacute;y ph&aacute;t điện, m&aacute;y x&aacute;t gạo, m&aacute;y xới đất v&agrave; m&aacute;y tuốt l&uacute;a.</p>\r\n\r\n<p>Tất cả c&aacute;c sản phẩm v&agrave; dịch vụ m&agrave; ch&uacute;ng t&ocirc;i cung cấp đều được kiểm tra v&agrave; đảm bảo tu&acirc;n thủ c&aacute;c ti&ecirc;u chuẩn chất lượng cao nhất</p>\r\n\r\n<p>Li&ecirc;n hệ ngay để được tư vấn v&agrave; nhận th&ocirc;ng tin chi tiết về c&aacute;c sản phẩm c&ocirc;ng nghiệp h&agrave;ng đầu của ch&uacute;ng t&ocirc;i.</p>\r\n\r\n<p>Hợp lực cảng Việt - Đối t&aacute;c đ&aacute;ng tin cậy cho c&aacute;c giải ph&aacute;p c&ocirc;ng nghiệp vượt trội!</p>\r\n', '', '', '', '', '', '', '', '', '', '', '', '', '', '', '', 0, 'may-xat-gao-tl-380b-inox-dao-chieu-chua-gom-dong-co', 'Máy xát gạo TL - 380B Inox đảo chiều (chưa gồm động cơ)', '', ''),
(4316, 2164, 'en', 'english version Máy xát gạo 2 chức năng UN 6N40-9FQ20', 'english version <p>C&ocirc;ng ty TNHH Hợp Lực Cảng Việt chuy&ecirc;n cung cấp c&aacute;c loại m&oacute;c c&ocirc;ng nghiệp như m&aacute;y ph&aacute;t điện, m&aacute;y x&aacute;t gạo, m&aacute;y xới đất, m&aacute;y tuốt l&uacute;a,... Đ&acirc;y l&agrave; c&aacute;c loại m&aacute;y được ch&uacute;ng t&ocirc;i nhập khẩu ch&iacute;nh h&atilde;ng nguy&ecirc;n chiếc, gi&uacute;p cho b&agrave; con n&ocirc;ng d&acirc;n v&agrave; c&aacute;c chủ doanh nghiệp c&oacute; thể tiết kiệm c&ocirc;ng sức lao độn, n&acirc;ng cao hiệu suất c&ocirc;ng việc sản xuất.</p>\r\n', '', '', 'english version <p>C&Ocirc;NG SUẤT CAO - GI&Aacute; CỰC TỐT</p>\r\n\r\n<p>H&Agrave;NG CH&Iacute;NH H&Atilde;NG - NHẬP KHẨU NGUY&Ecirc;N CHIẾC</p>\r\n\r\n<p>Hiệu suất cao - chất lượng tốt lu&ocirc;n l&agrave; ti&ecirc;u ch&iacute; h&agrave;ng đầu khi kh&aacute;ch h&agrave;ng t&igrave;m kiếm c&aacute;c d&ograve;ng sản phẩm m&aacute;y m&oacute;c c&ocirc;ng nghiệp.</p>\r\n\r\n<p>Thấu hiểu được điều đ&oacute;, Hợp Lực Cảng tự h&agrave;o giới thiệu đến qu&yacute; kh&aacute;ch những d&ograve;ng sản phẩm h&agrave;ng đầu trong ng&agrave;nh, bao gồm m&aacute;y ph&aacute;t điện, m&aacute;y x&aacute;t gạo, m&aacute;y xới đất v&agrave; m&aacute;y tuốt l&uacute;a.</p>\r\n\r\n<p>Tất cả c&aacute;c sản phẩm v&agrave; dịch vụ m&agrave; ch&uacute;ng t&ocirc;i cung cấp đều được kiểm tra v&agrave; đảm bảo tu&acirc;n thủ c&aacute;c ti&ecirc;u chuẩn chất lượng cao nhất</p>\r\n\r\n<p>Li&ecirc;n hệ ngay để được tư vấn v&agrave; nhận th&ocirc;ng tin chi tiết về c&aacute;c sản phẩm c&ocirc;ng nghiệp h&agrave;ng đầu của ch&uacute;ng t&ocirc;i.</p>\r\n\r\n<p>Hợp lực cảng Việt - Đối t&aacute;c đ&aacute;ng tin cậy cho c&aacute;c giải ph&aacute;p c&ocirc;ng nghiệp vượt trội!</p>\r\n', '', '', '', '', '', '', '', '', '', '', '', '', '', '', '', 0, 'en-may-xat-gao-2-chuc-nang-un-6n40-9fq20', 'Máy xát gạo 2 chức năng UN 6N40-9FQ20', '', '');
INSERT INTO `product_languages` (`id`, `product_id`, `languages_code`, `lang_product_name`, `lang_product_des`, `lang_product_des2`, `lang_product_des3`, `lang_product_content`, `lang_product_content2`, `lang_product_content3`, `lang_product_code`, `lang_product_original`, `lang_product_size`, `lang_product_package`, `lang_product_delivery`, `lang_product_delivery_time`, `lang_product_payment`, `lang_product_payment_type`, `lang_product_sub_info1`, `lang_product_sub_info2`, `lang_product_sub_info3`, `lang_product_sub_info4`, `lang_product_sub_info5`, `edit_state`, `friendly_url`, `title_seo`, `des_seo`, `keyword`) VALUES
(4317, 2165, 'vn', 'Máy xát gạo TL - 380B đảo chiều (chưa gồm động cơ) ', '<p>C&ocirc;ng ty TNHH Hợp Lực Cảng Việt chuy&ecirc;n cung cấp c&aacute;c loại m&oacute;c c&ocirc;ng nghiệp như m&aacute;y ph&aacute;t điện, m&aacute;y x&aacute;t gạo, m&aacute;y xới đất, m&aacute;y tuốt l&uacute;a,... Đ&acirc;y l&agrave; c&aacute;c loại m&aacute;y được ch&uacute;ng t&ocirc;i nhập khẩu ch&iacute;nh h&atilde;ng nguy&ecirc;n chiếc, gi&uacute;p cho b&agrave; con n&ocirc;ng d&acirc;n v&agrave; c&aacute;c chủ doanh nghiệp c&oacute; thể tiết kiệm c&ocirc;ng sức lao độn, n&acirc;ng cao hiệu suất c&ocirc;ng việc sản xuất.</p>\r\n', '', '', '<p>C&Ocirc;NG SUẤT CAO - GI&Aacute; CỰC TỐT</p>\r\n\r\n<p>H&Agrave;NG CH&Iacute;NH H&Atilde;NG - NHẬP KHẨU NGUY&Ecirc;N CHIẾC</p>\r\n\r\n<p>Hiệu suất cao - chất lượng tốt lu&ocirc;n l&agrave; ti&ecirc;u ch&iacute; h&agrave;ng đầu khi kh&aacute;ch h&agrave;ng t&igrave;m kiếm c&aacute;c d&ograve;ng sản phẩm m&aacute;y m&oacute;c c&ocirc;ng nghiệp.</p>\r\n\r\n<p>Thấu hiểu được điều đ&oacute;, Hợp Lực Cảng tự h&agrave;o giới thiệu đến qu&yacute; kh&aacute;ch những d&ograve;ng sản phẩm h&agrave;ng đầu trong ng&agrave;nh, bao gồm m&aacute;y ph&aacute;t điện, m&aacute;y x&aacute;t gạo, m&aacute;y xới đất v&agrave; m&aacute;y tuốt l&uacute;a.</p>\r\n\r\n<p>Tất cả c&aacute;c sản phẩm v&agrave; dịch vụ m&agrave; ch&uacute;ng t&ocirc;i cung cấp đều được kiểm tra v&agrave; đảm bảo tu&acirc;n thủ c&aacute;c ti&ecirc;u chuẩn chất lượng cao nhất</p>\r\n\r\n<p>Li&ecirc;n hệ ngay để được tư vấn v&agrave; nhận th&ocirc;ng tin chi tiết về c&aacute;c sản phẩm c&ocirc;ng nghiệp h&agrave;ng đầu của ch&uacute;ng t&ocirc;i.</p>\r\n\r\n<p>Hợp lực cảng Việt - Đối t&aacute;c đ&aacute;ng tin cậy cho c&aacute;c giải ph&aacute;p c&ocirc;ng nghiệp vượt trội!</p>\r\n', '', '', '', '', '', '', '', '', '', '', '', '', '', '', '', 0, 'may-xat-gao-tl-380b-dao-chieu-chua-gom-dong-co', 'Máy xát gạo TL - 380B đảo chiều (chưa gồm động cơ) ', '', ''),
(4318, 2165, 'en', 'english version Máy xát gạo chống ồn đa năng UN 6N40-CO', 'english version <p>C&ocirc;ng ty TNHH Hợp Lực Cảng Việt chuy&ecirc;n cung cấp c&aacute;c loại m&oacute;c c&ocirc;ng nghiệp như m&aacute;y ph&aacute;t điện, m&aacute;y x&aacute;t gạo, m&aacute;y xới đất, m&aacute;y tuốt l&uacute;a,... Đ&acirc;y l&agrave; c&aacute;c loại m&aacute;y được ch&uacute;ng t&ocirc;i nhập khẩu ch&iacute;nh h&atilde;ng nguy&ecirc;n chiếc, gi&uacute;p cho b&agrave; con n&ocirc;ng d&acirc;n v&agrave; c&aacute;c chủ doanh nghiệp c&oacute; thể tiết kiệm c&ocirc;ng sức lao độn, n&acirc;ng cao hiệu suất c&ocirc;ng việc sản xuất.</p>\r\n', '', '', 'english version <p>C&Ocirc;NG SUẤT CAO - GI&Aacute; CỰC TỐT</p>\r\n\r\n<p>H&Agrave;NG CH&Iacute;NH H&Atilde;NG - NHẬP KHẨU NGUY&Ecirc;N CHIẾC</p>\r\n\r\n<p>Hiệu suất cao - chất lượng tốt lu&ocirc;n l&agrave; ti&ecirc;u ch&iacute; h&agrave;ng đầu khi kh&aacute;ch h&agrave;ng t&igrave;m kiếm c&aacute;c d&ograve;ng sản phẩm m&aacute;y m&oacute;c c&ocirc;ng nghiệp.</p>\r\n\r\n<p>Thấu hiểu được điều đ&oacute;, Hợp Lực Cảng tự h&agrave;o giới thiệu đến qu&yacute; kh&aacute;ch những d&ograve;ng sản phẩm h&agrave;ng đầu trong ng&agrave;nh, bao gồm m&aacute;y ph&aacute;t điện, m&aacute;y x&aacute;t gạo, m&aacute;y xới đất v&agrave; m&aacute;y tuốt l&uacute;a.</p>\r\n\r\n<p>Tất cả c&aacute;c sản phẩm v&agrave; dịch vụ m&agrave; ch&uacute;ng t&ocirc;i cung cấp đều được kiểm tra v&agrave; đảm bảo tu&acirc;n thủ c&aacute;c ti&ecirc;u chuẩn chất lượng cao nhất</p>\r\n\r\n<p>Li&ecirc;n hệ ngay để được tư vấn v&agrave; nhận th&ocirc;ng tin chi tiết về c&aacute;c sản phẩm c&ocirc;ng nghiệp h&agrave;ng đầu của ch&uacute;ng t&ocirc;i.</p>\r\n\r\n<p>Hợp lực cảng Việt - Đối t&aacute;c đ&aacute;ng tin cậy cho c&aacute;c giải ph&aacute;p c&ocirc;ng nghiệp vượt trội!</p>\r\n', '', '', '', '', '', '', '', '', '', '', '', '', '', '', '', 0, 'en-may-xat-gao-chong-on-da-nang-un-6n40-co', 'Máy xát gạo chống ồn đa năng UN 6N40-CO', '', ''),
(4319, 2166, 'vn', 'Máy xát gạo TL - 982', '<p>C&ocirc;ng ty TNHH Hợp Lực Cảng Việt chuy&ecirc;n cung cấp c&aacute;c loại m&oacute;c c&ocirc;ng nghiệp như m&aacute;y ph&aacute;t điện, m&aacute;y x&aacute;t gạo, m&aacute;y xới đất, m&aacute;y tuốt l&uacute;a,... Đ&acirc;y l&agrave; c&aacute;c loại m&aacute;y được ch&uacute;ng t&ocirc;i nhập khẩu ch&iacute;nh h&atilde;ng nguy&ecirc;n chiếc, gi&uacute;p cho b&agrave; con n&ocirc;ng d&acirc;n v&agrave; c&aacute;c chủ doanh nghiệp c&oacute; thể tiết kiệm c&ocirc;ng sức lao độn, n&acirc;ng cao hiệu suất c&ocirc;ng việc sản xuất.</p>\r\n', '', '', '<p>C&Ocirc;NG SUẤT CAO - GI&Aacute; CỰC TỐT</p>\r\n\r\n<p>H&Agrave;NG CH&Iacute;NH H&Atilde;NG - NHẬP KHẨU NGUY&Ecirc;N CHIẾC</p>\r\n\r\n<p>Hiệu suất cao - chất lượng tốt lu&ocirc;n l&agrave; ti&ecirc;u ch&iacute; h&agrave;ng đầu khi kh&aacute;ch h&agrave;ng t&igrave;m kiếm c&aacute;c d&ograve;ng sản phẩm m&aacute;y m&oacute;c c&ocirc;ng nghiệp.</p>\r\n\r\n<p>Thấu hiểu được điều đ&oacute;, Hợp Lực Cảng tự h&agrave;o giới thiệu đến qu&yacute; kh&aacute;ch những d&ograve;ng sản phẩm h&agrave;ng đầu trong ng&agrave;nh, bao gồm m&aacute;y ph&aacute;t điện, m&aacute;y x&aacute;t gạo, m&aacute;y xới đất v&agrave; m&aacute;y tuốt l&uacute;a.</p>\r\n\r\n<p>Tất cả c&aacute;c sản phẩm v&agrave; dịch vụ m&agrave; ch&uacute;ng t&ocirc;i cung cấp đều được kiểm tra v&agrave; đảm bảo tu&acirc;n thủ c&aacute;c ti&ecirc;u chuẩn chất lượng cao nhất</p>\r\n\r\n<p>Li&ecirc;n hệ ngay để được tư vấn v&agrave; nhận th&ocirc;ng tin chi tiết về c&aacute;c sản phẩm c&ocirc;ng nghiệp h&agrave;ng đầu của ch&uacute;ng t&ocirc;i.</p>\r\n\r\n<p>Hợp lực cảng Việt - Đối t&aacute;c đ&aacute;ng tin cậy cho c&aacute;c giải ph&aacute;p c&ocirc;ng nghiệp vượt trội!</p>\r\n', '', '', '', '', '', '', '', '', '', '', '', '', '', '', '', 0, 'may-xat-gao-tl-982', 'Máy xát gạo TL - 982', '', ''),
(4320, 2166, 'en', 'english version Máy xát gạo gia đình Takyo TK 220', 'english version <p>C&ocirc;ng ty TNHH Hợp Lực Cảng Việt chuy&ecirc;n cung cấp c&aacute;c loại m&oacute;c c&ocirc;ng nghiệp như m&aacute;y ph&aacute;t điện, m&aacute;y x&aacute;t gạo, m&aacute;y xới đất, m&aacute;y tuốt l&uacute;a,... Đ&acirc;y l&agrave; c&aacute;c loại m&aacute;y được ch&uacute;ng t&ocirc;i nhập khẩu ch&iacute;nh h&atilde;ng nguy&ecirc;n chiếc, gi&uacute;p cho b&agrave; con n&ocirc;ng d&acirc;n v&agrave; c&aacute;c chủ doanh nghiệp c&oacute; thể tiết kiệm c&ocirc;ng sức lao độn, n&acirc;ng cao hiệu suất c&ocirc;ng việc sản xuất.</p>\r\n', '', '', 'english version <p>C&Ocirc;NG SUẤT CAO - GI&Aacute; CỰC TỐT</p>\r\n\r\n<p>H&Agrave;NG CH&Iacute;NH H&Atilde;NG - NHẬP KHẨU NGUY&Ecirc;N CHIẾC</p>\r\n\r\n<p>Hiệu suất cao - chất lượng tốt lu&ocirc;n l&agrave; ti&ecirc;u ch&iacute; h&agrave;ng đầu khi kh&aacute;ch h&agrave;ng t&igrave;m kiếm c&aacute;c d&ograve;ng sản phẩm m&aacute;y m&oacute;c c&ocirc;ng nghiệp.</p>\r\n\r\n<p>Thấu hiểu được điều đ&oacute;, Hợp Lực Cảng tự h&agrave;o giới thiệu đến qu&yacute; kh&aacute;ch những d&ograve;ng sản phẩm h&agrave;ng đầu trong ng&agrave;nh, bao gồm m&aacute;y ph&aacute;t điện, m&aacute;y x&aacute;t gạo, m&aacute;y xới đất v&agrave; m&aacute;y tuốt l&uacute;a.</p>\r\n\r\n<p>Tất cả c&aacute;c sản phẩm v&agrave; dịch vụ m&agrave; ch&uacute;ng t&ocirc;i cung cấp đều được kiểm tra v&agrave; đảm bảo tu&acirc;n thủ c&aacute;c ti&ecirc;u chuẩn chất lượng cao nhất</p>\r\n\r\n<p>Li&ecirc;n hệ ngay để được tư vấn v&agrave; nhận th&ocirc;ng tin chi tiết về c&aacute;c sản phẩm c&ocirc;ng nghiệp h&agrave;ng đầu của ch&uacute;ng t&ocirc;i.</p>\r\n\r\n<p>Hợp lực cảng Việt - Đối t&aacute;c đ&aacute;ng tin cậy cho c&aacute;c giải ph&aacute;p c&ocirc;ng nghiệp vượt trội!</p>\r\n', '', '', '', '', '', '', '', '', '', '', '', '', '', '', '', 0, 'en-may-xat-gao-gia-dinh-takyo-tk-220', 'Máy xát gạo gia đình Takyo TK 220', '', ''),
(4321, 2167, 'vn', 'Máy xát gạo TL - 56 (chưa gồm động cơ)', '<p>C&ocirc;ng ty TNHH Hợp Lực Cảng Việt chuy&ecirc;n cung cấp c&aacute;c loại m&oacute;c c&ocirc;ng nghiệp như m&aacute;y ph&aacute;t điện, m&aacute;y x&aacute;t gạo, m&aacute;y xới đất, m&aacute;y tuốt l&uacute;a,... Đ&acirc;y l&agrave; c&aacute;c loại m&aacute;y được ch&uacute;ng t&ocirc;i nhập khẩu ch&iacute;nh h&atilde;ng nguy&ecirc;n chiếc, gi&uacute;p cho b&agrave; con n&ocirc;ng d&acirc;n v&agrave; c&aacute;c chủ doanh nghiệp c&oacute; thể tiết kiệm c&ocirc;ng sức lao độn, n&acirc;ng cao hiệu suất c&ocirc;ng việc sản xuất.</p>\r\n', '', '', '<p>C&Ocirc;NG SUẤT CAO - GI&Aacute; CỰC TỐT</p>\r\n\r\n<p>H&Agrave;NG CH&Iacute;NH H&Atilde;NG - NHẬP KHẨU NGUY&Ecirc;N CHIẾC</p>\r\n\r\n<p>Hiệu suất cao - chất lượng tốt lu&ocirc;n l&agrave; ti&ecirc;u ch&iacute; h&agrave;ng đầu khi kh&aacute;ch h&agrave;ng t&igrave;m kiếm c&aacute;c d&ograve;ng sản phẩm m&aacute;y m&oacute;c c&ocirc;ng nghiệp.</p>\r\n\r\n<p>Thấu hiểu được điều đ&oacute;, Hợp Lực Cảng tự h&agrave;o giới thiệu đến qu&yacute; kh&aacute;ch những d&ograve;ng sản phẩm h&agrave;ng đầu trong ng&agrave;nh, bao gồm m&aacute;y ph&aacute;t điện, m&aacute;y x&aacute;t gạo, m&aacute;y xới đất v&agrave; m&aacute;y tuốt l&uacute;a.</p>\r\n\r\n<p>Tất cả c&aacute;c sản phẩm v&agrave; dịch vụ m&agrave; ch&uacute;ng t&ocirc;i cung cấp đều được kiểm tra v&agrave; đảm bảo tu&acirc;n thủ c&aacute;c ti&ecirc;u chuẩn chất lượng cao nhất</p>\r\n\r\n<p>Li&ecirc;n hệ ngay để được tư vấn v&agrave; nhận th&ocirc;ng tin chi tiết về c&aacute;c sản phẩm c&ocirc;ng nghiệp h&agrave;ng đầu của ch&uacute;ng t&ocirc;i.</p>\r\n\r\n<p>Hợp lực cảng Việt - Đối t&aacute;c đ&aacute;ng tin cậy cho c&aacute;c giải ph&aacute;p c&ocirc;ng nghiệp vượt trội!</p>\r\n', '', '', '', '', '', '', '', '', '', '', '', '', '', '', '', 0, 'may-xat-gao-tl-56-chua-gom-dong-co', 'Máy xát gạo TL - 56 (chưa gồm động cơ)', '', ''),
(4322, 2167, 'en', 'english version Máy xát gạo gia đình Takyo Tk 200', 'english version <p>C&ocirc;ng ty TNHH Hợp Lực Cảng Việt chuy&ecirc;n cung cấp c&aacute;c loại m&oacute;c c&ocirc;ng nghiệp như m&aacute;y ph&aacute;t điện, m&aacute;y x&aacute;t gạo, m&aacute;y xới đất, m&aacute;y tuốt l&uacute;a,... Đ&acirc;y l&agrave; c&aacute;c loại m&aacute;y được ch&uacute;ng t&ocirc;i nhập khẩu ch&iacute;nh h&atilde;ng nguy&ecirc;n chiếc, gi&uacute;p cho b&agrave; con n&ocirc;ng d&acirc;n v&agrave; c&aacute;c chủ doanh nghiệp c&oacute; thể tiết kiệm c&ocirc;ng sức lao độn, n&acirc;ng cao hiệu suất c&ocirc;ng việc sản xuất.</p>\r\n', '', '', 'english version <p>C&Ocirc;NG SUẤT CAO - GI&Aacute; CỰC TỐT</p>\r\n\r\n<p>H&Agrave;NG CH&Iacute;NH H&Atilde;NG - NHẬP KHẨU NGUY&Ecirc;N CHIẾC</p>\r\n\r\n<p>Hiệu suất cao - chất lượng tốt lu&ocirc;n l&agrave; ti&ecirc;u ch&iacute; h&agrave;ng đầu khi kh&aacute;ch h&agrave;ng t&igrave;m kiếm c&aacute;c d&ograve;ng sản phẩm m&aacute;y m&oacute;c c&ocirc;ng nghiệp.</p>\r\n\r\n<p>Thấu hiểu được điều đ&oacute;, Hợp Lực Cảng tự h&agrave;o giới thiệu đến qu&yacute; kh&aacute;ch những d&ograve;ng sản phẩm h&agrave;ng đầu trong ng&agrave;nh, bao gồm m&aacute;y ph&aacute;t điện, m&aacute;y x&aacute;t gạo, m&aacute;y xới đất v&agrave; m&aacute;y tuốt l&uacute;a.</p>\r\n\r\n<p>Tất cả c&aacute;c sản phẩm v&agrave; dịch vụ m&agrave; ch&uacute;ng t&ocirc;i cung cấp đều được kiểm tra v&agrave; đảm bảo tu&acirc;n thủ c&aacute;c ti&ecirc;u chuẩn chất lượng cao nhất</p>\r\n\r\n<p>Li&ecirc;n hệ ngay để được tư vấn v&agrave; nhận th&ocirc;ng tin chi tiết về c&aacute;c sản phẩm c&ocirc;ng nghiệp h&agrave;ng đầu của ch&uacute;ng t&ocirc;i.</p>\r\n\r\n<p>Hợp lực cảng Việt - Đối t&aacute;c đ&aacute;ng tin cậy cho c&aacute;c giải ph&aacute;p c&ocirc;ng nghiệp vượt trội!</p>\r\n', '', '', '', '', '', '', '', '', '', '', '', '', '', '', '', 0, 'en-may-xat-gao-gia-dinh-takyo-tk-200', 'Máy xát gạo gia đình Takyo Tk 200', '', ''),
(4323, 2168, 'vn', 'Máy xới đất HV170-CR MINI TILLER ', '<p>C&ocirc;ng ty TNHH Hợp Lực Cảng Việt chuy&ecirc;n cung cấp c&aacute;c loại m&oacute;c c&ocirc;ng nghiệp như m&aacute;y ph&aacute;t điện, m&aacute;y x&aacute;t gạo, m&aacute;y xới đất, m&aacute;y tuốt l&uacute;a,... Đ&acirc;y l&agrave; c&aacute;c loại m&aacute;y được ch&uacute;ng t&ocirc;i nhập khẩu ch&iacute;nh h&atilde;ng nguy&ecirc;n chiếc, gi&uacute;p cho b&agrave; con n&ocirc;ng d&acirc;n v&agrave; c&aacute;c chủ doanh nghiệp c&oacute; thể tiết kiệm c&ocirc;ng sức lao độn, n&acirc;ng cao hiệu suất c&ocirc;ng việc sản xuất.</p>\r\n', '', '', '<p><strong>TH&Ocirc;NG SỐ KỸ THUẬT:</strong></p>\r\n\r\n<p>1. Engine Power: 3.5KW gasoline engine</p>\r\n\r\n<p>2. Tilling depth: &ge; 100 mm</p>\r\n\r\n<p>3. Tilling width: 800 mm</p>\r\n\r\n<p>4. Productivity: 0.04- 0.07hm/h.m</p>\r\n\r\n<p>5. Fuel Consumption: &le; 25 kg/hm</p>\r\n\r\n<p>6. Package: wooden crates (840*460*600)</p>\r\n\r\n<p>7. Weight: 87kg</p>\r\n\r\n<p>&nbsp;</p>\r\n\r\n<p>&nbsp;</p>\r\n', '', '', '', '', '', '', '', '', '', '', '', '', '', '', '', 0, 'may-xoi-dat-hv170-cr-mini-tiller', 'Máy xới đất HV170-CR MINI TILLER ', '', ''),
(4324, 2168, 'en', 'english version Máy xới đất 170-DD', 'english version <p>C&ocirc;ng ty TNHH Hợp Lực Cảng Việt chuy&ecirc;n cung cấp c&aacute;c loại m&oacute;c c&ocirc;ng nghiệp như m&aacute;y ph&aacute;t điện, m&aacute;y x&aacute;t gạo, m&aacute;y xới đất, m&aacute;y tuốt l&uacute;a,... Đ&acirc;y l&agrave; c&aacute;c loại m&aacute;y được ch&uacute;ng t&ocirc;i nhập khẩu ch&iacute;nh h&atilde;ng nguy&ecirc;n chiếc, gi&uacute;p cho b&agrave; con n&ocirc;ng d&acirc;n v&agrave; c&aacute;c chủ doanh nghiệp c&oacute; thể tiết kiệm c&ocirc;ng sức lao độn, n&acirc;ng cao hiệu suất c&ocirc;ng việc sản xuất.</p>\r\n', '', '', 'english version <p>C&Ocirc;NG SUẤT CAO - GI&Aacute; CỰC TỐT</p>\r\n\r\n<p>H&Agrave;NG CH&Iacute;NH H&Atilde;NG - NHẬP KHẨU NGUY&Ecirc;N CHIẾC</p>\r\n\r\n<p>Hiệu suất cao - chất lượng tốt lu&ocirc;n l&agrave; ti&ecirc;u ch&iacute; h&agrave;ng đầu khi kh&aacute;ch h&agrave;ng t&igrave;m kiếm c&aacute;c d&ograve;ng sản phẩm m&aacute;y m&oacute;c c&ocirc;ng nghiệp.</p>\r\n\r\n<p>Thấu hiểu được điều đ&oacute;, Hợp Lực Cảng tự h&agrave;o giới thiệu đến qu&yacute; kh&aacute;ch những d&ograve;ng sản phẩm h&agrave;ng đầu trong ng&agrave;nh, bao gồm m&aacute;y ph&aacute;t điện, m&aacute;y x&aacute;t gạo, m&aacute;y xới đất v&agrave; m&aacute;y tuốt l&uacute;a.</p>\r\n\r\n<p>Tất cả c&aacute;c sản phẩm v&agrave; dịch vụ m&agrave; ch&uacute;ng t&ocirc;i cung cấp đều được kiểm tra v&agrave; đảm bảo tu&acirc;n thủ c&aacute;c ti&ecirc;u chuẩn chất lượng cao nhất</p>\r\n\r\n<p>Li&ecirc;n hệ ngay để được tư vấn v&agrave; nhận th&ocirc;ng tin chi tiết về c&aacute;c sản phẩm c&ocirc;ng nghiệp h&agrave;ng đầu của ch&uacute;ng t&ocirc;i.</p>\r\n\r\n<p>Hợp lực cảng Việt - Đối t&aacute;c đ&aacute;ng tin cậy cho c&aacute;c giải ph&aacute;p c&ocirc;ng nghiệp vượt trội!</p>\r\n', '', '', '', '', '', '', '', '', '', '', '', '', '', '', '', 0, 'en-may-xoi-dat-170-dd', 'Máy xới đất 170-DD', '', ''),
(4325, 2169, 'vn', 'Máy xới đất HV170-DD MINI TILLER', '<p>C&ocirc;ng ty TNHH Hợp Lực Cảng Việt chuy&ecirc;n cung cấp c&aacute;c loại m&oacute;c c&ocirc;ng nghiệp như m&aacute;y ph&aacute;t điện, m&aacute;y x&aacute;t gạo, m&aacute;y xới đất, m&aacute;y tuốt l&uacute;a,... Đ&acirc;y l&agrave; c&aacute;c loại m&aacute;y được ch&uacute;ng t&ocirc;i nhập khẩu ch&iacute;nh h&atilde;ng nguy&ecirc;n chiếc, gi&uacute;p cho b&agrave; con n&ocirc;ng d&acirc;n v&agrave; c&aacute;c chủ doanh nghiệp c&oacute; thể tiết kiệm c&ocirc;ng sức lao độn, n&acirc;ng cao hiệu suất c&ocirc;ng việc sản xuất.</p>\r\n', '', '', '<p><strong>TH&Ocirc;NG SỐ KỸ THUẬT:</strong></p>\r\n\r\n<p>1. Engine Power: 3.5KW gasoline engine</p>\r\n\r\n<p>2. Tilling depth: &ge; 100 mm</p>\r\n\r\n<p>3. Tilling width: 800 mm</p>\r\n\r\n<p>4. Productivity: 0.04- 0.07hm/h.m</p>\r\n\r\n<p>5. Fuel Consumption: &le; 25 kg/hm</p>\r\n\r\n<p>6. Package: wooden crates (840*460*600)</p>\r\n\r\n<p>7. Weight: 86kg</p>\r\n', '', '', '', '', '', '', '', '', '', '', '', '', '', '', '', 0, 'may-xoi-dat-hv170-dd-mini-tiller', 'Máy xới đất HV170-DD MINI TILLER', '', ''),
(4326, 2169, 'en', 'english version Máy xới đất HV 173-DD', 'english version <p>C&ocirc;ng ty TNHH Hợp Lực Cảng Việt chuy&ecirc;n cung cấp c&aacute;c loại m&oacute;c c&ocirc;ng nghiệp như m&aacute;y ph&aacute;t điện, m&aacute;y x&aacute;t gạo, m&aacute;y xới đất, m&aacute;y tuốt l&uacute;a,... Đ&acirc;y l&agrave; c&aacute;c loại m&aacute;y được ch&uacute;ng t&ocirc;i nhập khẩu ch&iacute;nh h&atilde;ng nguy&ecirc;n chiếc, gi&uacute;p cho b&agrave; con n&ocirc;ng d&acirc;n v&agrave; c&aacute;c chủ doanh nghiệp c&oacute; thể tiết kiệm c&ocirc;ng sức lao độn, n&acirc;ng cao hiệu suất c&ocirc;ng việc sản xuất.</p>\r\n', '', '', 'english version <p>C&Ocirc;NG SUẤT CAO - GI&Aacute; CỰC TỐT</p>\r\n\r\n<p>H&Agrave;NG CH&Iacute;NH H&Atilde;NG - NHẬP KHẨU NGUY&Ecirc;N CHIẾC</p>\r\n\r\n<p>Hiệu suất cao - chất lượng tốt lu&ocirc;n l&agrave; ti&ecirc;u ch&iacute; h&agrave;ng đầu khi kh&aacute;ch h&agrave;ng t&igrave;m kiếm c&aacute;c d&ograve;ng sản phẩm m&aacute;y m&oacute;c c&ocirc;ng nghiệp.</p>\r\n\r\n<p>Thấu hiểu được điều đ&oacute;, Hợp Lực Cảng tự h&agrave;o giới thiệu đến qu&yacute; kh&aacute;ch những d&ograve;ng sản phẩm h&agrave;ng đầu trong ng&agrave;nh, bao gồm m&aacute;y ph&aacute;t điện, m&aacute;y x&aacute;t gạo, m&aacute;y xới đất v&agrave; m&aacute;y tuốt l&uacute;a.</p>\r\n\r\n<p>Tất cả c&aacute;c sản phẩm v&agrave; dịch vụ m&agrave; ch&uacute;ng t&ocirc;i cung cấp đều được kiểm tra v&agrave; đảm bảo tu&acirc;n thủ c&aacute;c ti&ecirc;u chuẩn chất lượng cao nhất</p>\r\n\r\n<p>Li&ecirc;n hệ ngay để được tư vấn v&agrave; nhận th&ocirc;ng tin chi tiết về c&aacute;c sản phẩm c&ocirc;ng nghiệp h&agrave;ng đầu của ch&uacute;ng t&ocirc;i.</p>\r\n\r\n<p>Hợp lực cảng Việt - Đối t&aacute;c đ&aacute;ng tin cậy cho c&aacute;c giải ph&aacute;p c&ocirc;ng nghiệp vượt trội!</p>\r\n', '', '', '', '', '', '', '', '', '', '', '', '', '', '', '', 0, 'en-may-xoi-dat-hv-173-dd', 'Máy xới đất HV 173-DD', '', ''),
(4327, 2170, 'vn', 'Máy xới đất HV173D  MINI TILLER', '<p>C&ocirc;ng ty TNHH Hợp Lực Cảng Việt chuy&ecirc;n cung cấp c&aacute;c loại m&oacute;c c&ocirc;ng nghiệp như m&aacute;y ph&aacute;t điện, m&aacute;y x&aacute;t gạo, m&aacute;y xới đất, m&aacute;y tuốt l&uacute;a,... Đ&acirc;y l&agrave; c&aacute;c loại m&aacute;y được ch&uacute;ng t&ocirc;i nhập khẩu ch&iacute;nh h&atilde;ng nguy&ecirc;n chiếc, gi&uacute;p cho b&agrave; con n&ocirc;ng d&acirc;n v&agrave; c&aacute;c chủ doanh nghiệp c&oacute; thể tiết kiệm c&ocirc;ng sức lao độn, n&acirc;ng cao hiệu suất c&ocirc;ng việc sản xuất.</p>\r\n', '', '', '<p><strong>TH&Ocirc;NG SỐ KỸ THUẬT</strong></p>\r\n\r\n<p>1. Engine Power: 3.5KW diesel engine</p>\r\n\r\n<p>2. Tilling depth: &ge; 100 mm</p>\r\n\r\n<p>3. Tilling width: 1000 mm</p>\r\n\r\n<p>4. Productivity: 0.04- 0.07hm/h.m</p>\r\n\r\n<p>5. Fuel Consumption: &le; 25 kg/hm</p>\r\n\r\n<p>6. Package: wooden crates (840*460*600)</p>\r\n\r\n<p>7. Weight: 97 kg</p>\r\n', '', '', '', '', '', '', '', '', '', '', '', '', '', '', '', 0, 'may-xoi-dat-hv173d-mini-tiller', 'Máy xới đất HV173D  MINI TILLER', '', ''),
(4328, 2170, 'en', 'english version Máy xới đất HV 178-DD', 'english version <p>C&ocirc;ng ty TNHH Hợp Lực Cảng Việt chuy&ecirc;n cung cấp c&aacute;c loại m&oacute;c c&ocirc;ng nghiệp như m&aacute;y ph&aacute;t điện, m&aacute;y x&aacute;t gạo, m&aacute;y xới đất, m&aacute;y tuốt l&uacute;a,... Đ&acirc;y l&agrave; c&aacute;c loại m&aacute;y được ch&uacute;ng t&ocirc;i nhập khẩu ch&iacute;nh h&atilde;ng nguy&ecirc;n chiếc, gi&uacute;p cho b&agrave; con n&ocirc;ng d&acirc;n v&agrave; c&aacute;c chủ doanh nghiệp c&oacute; thể tiết kiệm c&ocirc;ng sức lao độn, n&acirc;ng cao hiệu suất c&ocirc;ng việc sản xuất.</p>\r\n', '', '', 'english version <p>C&Ocirc;NG SUẤT CAO - GI&Aacute; CỰC TỐT</p>\r\n\r\n<p>H&Agrave;NG CH&Iacute;NH H&Atilde;NG - NHẬP KHẨU NGUY&Ecirc;N CHIẾC</p>\r\n\r\n<p>Hiệu suất cao - chất lượng tốt lu&ocirc;n l&agrave; ti&ecirc;u ch&iacute; h&agrave;ng đầu khi kh&aacute;ch h&agrave;ng t&igrave;m kiếm c&aacute;c d&ograve;ng sản phẩm m&aacute;y m&oacute;c c&ocirc;ng nghiệp.</p>\r\n\r\n<p>Thấu hiểu được điều đ&oacute;, Hợp Lực Cảng tự h&agrave;o giới thiệu đến qu&yacute; kh&aacute;ch những d&ograve;ng sản phẩm h&agrave;ng đầu trong ng&agrave;nh, bao gồm m&aacute;y ph&aacute;t điện, m&aacute;y x&aacute;t gạo, m&aacute;y xới đất v&agrave; m&aacute;y tuốt l&uacute;a.</p>\r\n\r\n<p>Tất cả c&aacute;c sản phẩm v&agrave; dịch vụ m&agrave; ch&uacute;ng t&ocirc;i cung cấp đều được kiểm tra v&agrave; đảm bảo tu&acirc;n thủ c&aacute;c ti&ecirc;u chuẩn chất lượng cao nhất</p>\r\n\r\n<p>Li&ecirc;n hệ ngay để được tư vấn v&agrave; nhận th&ocirc;ng tin chi tiết về c&aacute;c sản phẩm c&ocirc;ng nghiệp h&agrave;ng đầu của ch&uacute;ng t&ocirc;i.</p>\r\n\r\n<p>Hợp lực cảng Việt - Đối t&aacute;c đ&aacute;ng tin cậy cho c&aacute;c giải ph&aacute;p c&ocirc;ng nghiệp vượt trội!</p>\r\n', '', '', '', '', '', '', '', '', '', '', '', '', '', '', '', 0, 'en-may-xoi-dat-hv-178-dd', 'Máy xới đất HV 178-DD', '', ''),
(4329, 2171, 'vn', 'Máy xới đất HV178D  MINI TILLER', '<p>C&ocirc;ng ty TNHH Hợp Lực Cảng Việt chuy&ecirc;n cung cấp c&aacute;c loại m&oacute;c c&ocirc;ng nghiệp như m&aacute;y ph&aacute;t điện, m&aacute;y x&aacute;t gạo, m&aacute;y xới đất, m&aacute;y tuốt l&uacute;a,... Đ&acirc;y l&agrave; c&aacute;c loại m&aacute;y được ch&uacute;ng t&ocirc;i nhập khẩu ch&iacute;nh h&atilde;ng nguy&ecirc;n chiếc, gi&uacute;p cho b&agrave; con n&ocirc;ng d&acirc;n v&agrave; c&aacute;c chủ doanh nghiệp c&oacute; thể tiết kiệm c&ocirc;ng sức lao độn, n&acirc;ng cao hiệu suất c&ocirc;ng việc sản xuất.</p>\r\n', '', '', '<p><strong>TH&Ocirc;NG SỐ KỸ THUẬT</strong></p>\r\n\r\n<p>1. Engine Power: 4.0KW diesel engine</p>\r\n\r\n<p>2. Tilling depth: &ge; 100 mm</p>\r\n\r\n<p>3. Tilling width: 1050 mm</p>\r\n\r\n<p>4. Productivity: 0.04- 0.07hm/h.m</p>\r\n\r\n<p>5. Fuel Consumption: &le; 25 kg/hm</p>\r\n\r\n<p>6. Package: wooden crates (840*460*600)</p>\r\n\r\n<p>7. Weight: 116kg</p>\r\n', '', '', '', '', '', '', '', '', '', '', '', '', '', '', '', 0, 'may-xoi-dat-hv178d-mini-tiller', 'Máy xới đất HV178D  MINI TILLER', '', ''),
(4330, 2171, 'en', 'english version Máy xới đất HV 186-DD', 'english version <p>C&ocirc;ng ty TNHH Hợp Lực Cảng Việt chuy&ecirc;n cung cấp c&aacute;c loại m&oacute;c c&ocirc;ng nghiệp như m&aacute;y ph&aacute;t điện, m&aacute;y x&aacute;t gạo, m&aacute;y xới đất, m&aacute;y tuốt l&uacute;a,... Đ&acirc;y l&agrave; c&aacute;c loại m&aacute;y được ch&uacute;ng t&ocirc;i nhập khẩu ch&iacute;nh h&atilde;ng nguy&ecirc;n chiếc, gi&uacute;p cho b&agrave; con n&ocirc;ng d&acirc;n v&agrave; c&aacute;c chủ doanh nghiệp c&oacute; thể tiết kiệm c&ocirc;ng sức lao độn, n&acirc;ng cao hiệu suất c&ocirc;ng việc sản xuất.</p>\r\n', '', '', 'english version <p>C&Ocirc;NG SUẤT CAO - GI&Aacute; CỰC TỐT</p>\r\n\r\n<p>H&Agrave;NG CH&Iacute;NH H&Atilde;NG - NHẬP KHẨU NGUY&Ecirc;N CHIẾC</p>\r\n\r\n<p>Hiệu suất cao - chất lượng tốt lu&ocirc;n l&agrave; ti&ecirc;u ch&iacute; h&agrave;ng đầu khi kh&aacute;ch h&agrave;ng t&igrave;m kiếm c&aacute;c d&ograve;ng sản phẩm m&aacute;y m&oacute;c c&ocirc;ng nghiệp.</p>\r\n\r\n<p>Thấu hiểu được điều đ&oacute;, Hợp Lực Cảng tự h&agrave;o giới thiệu đến qu&yacute; kh&aacute;ch những d&ograve;ng sản phẩm h&agrave;ng đầu trong ng&agrave;nh, bao gồm m&aacute;y ph&aacute;t điện, m&aacute;y x&aacute;t gạo, m&aacute;y xới đất v&agrave; m&aacute;y tuốt l&uacute;a.</p>\r\n\r\n<p>Tất cả c&aacute;c sản phẩm v&agrave; dịch vụ m&agrave; ch&uacute;ng t&ocirc;i cung cấp đều được kiểm tra v&agrave; đảm bảo tu&acirc;n thủ c&aacute;c ti&ecirc;u chuẩn chất lượng cao nhất</p>\r\n\r\n<p>Li&ecirc;n hệ ngay để được tư vấn v&agrave; nhận th&ocirc;ng tin chi tiết về c&aacute;c sản phẩm c&ocirc;ng nghiệp h&agrave;ng đầu của ch&uacute;ng t&ocirc;i.</p>\r\n\r\n<p>Hợp lực cảng Việt - Đối t&aacute;c đ&aacute;ng tin cậy cho c&aacute;c giải ph&aacute;p c&ocirc;ng nghiệp vượt trội!</p>\r\n', '', '', '', '', '', '', '', '', '', '', '', '', '', '', '', 0, 'en-may-xoi-dat-hv-186-dd', 'Máy xới đất HV 186-DD', '', ''),
(4331, 2172, 'vn', 'Máy xới đất HV186D  MINI TILLER', '<p>C&ocirc;ng ty TNHH Hợp Lực Cảng Việt chuy&ecirc;n cung cấp c&aacute;c loại m&oacute;c c&ocirc;ng nghiệp như m&aacute;y ph&aacute;t điện, m&aacute;y x&aacute;t gạo, m&aacute;y xới đất, m&aacute;y tuốt l&uacute;a,... Đ&acirc;y l&agrave; c&aacute;c loại m&aacute;y được ch&uacute;ng t&ocirc;i nhập khẩu ch&iacute;nh h&atilde;ng nguy&ecirc;n chiếc, gi&uacute;p cho b&agrave; con n&ocirc;ng d&acirc;n v&agrave; c&aacute;c chủ doanh nghiệp c&oacute; thể tiết kiệm c&ocirc;ng sức lao độn, n&acirc;ng cao hiệu suất c&ocirc;ng việc sản xuất.</p>\r\n', '', '', '<p><strong>TH&Ocirc;NG SỐ KỸ THUẬT</strong></p>\r\n\r\n<p>1. Engine Power: 5.5KW diesel engine</p>\r\n\r\n<p>2. Tilling depth:&nbsp;&ge; 100 mm</p>\r\n\r\n<p>3. Tilling width: 1050 mm</p>\r\n\r\n<p>4. Productivity: 0.04- 0.07hm/h.m</p>\r\n\r\n<p>5. Fuel Consumption: &le; 25 kg/hm</p>\r\n\r\n<p>6. Package: wooden crates (980*570*780)</p>\r\n\r\n<p>7. Weight: 129kg</p>\r\n\r\n<p>&nbsp;</p>\r\n\r\n<p>&nbsp;</p>\r\n', '', '', '', '', '', '', '', '', '', '', '', '', '', '', '', 0, 'may-xoi-dat-hv186d-mini-tiller', 'Máy xới đất HV186D  MINI TILLER', '', ''),
(4332, 2172, 'en', 'english version Máy xới đất HV 188-DD', 'english version <p>C&ocirc;ng ty TNHH Hợp Lực Cảng Việt chuy&ecirc;n cung cấp c&aacute;c loại m&oacute;c c&ocirc;ng nghiệp như m&aacute;y ph&aacute;t điện, m&aacute;y x&aacute;t gạo, m&aacute;y xới đất, m&aacute;y tuốt l&uacute;a,... Đ&acirc;y l&agrave; c&aacute;c loại m&aacute;y được ch&uacute;ng t&ocirc;i nhập khẩu ch&iacute;nh h&atilde;ng nguy&ecirc;n chiếc, gi&uacute;p cho b&agrave; con n&ocirc;ng d&acirc;n v&agrave; c&aacute;c chủ doanh nghiệp c&oacute; thể tiết kiệm c&ocirc;ng sức lao độn, n&acirc;ng cao hiệu suất c&ocirc;ng việc sản xuất.</p>\r\n', '', '', 'english version <p>C&Ocirc;NG SUẤT CAO - GI&Aacute; CỰC TỐT</p>\r\n\r\n<p>H&Agrave;NG CH&Iacute;NH H&Atilde;NG - NHẬP KHẨU NGUY&Ecirc;N CHIẾC</p>\r\n\r\n<p>Hiệu suất cao - chất lượng tốt lu&ocirc;n l&agrave; ti&ecirc;u ch&iacute; h&agrave;ng đầu khi kh&aacute;ch h&agrave;ng t&igrave;m kiếm c&aacute;c d&ograve;ng sản phẩm m&aacute;y m&oacute;c c&ocirc;ng nghiệp.</p>\r\n\r\n<p>Thấu hiểu được điều đ&oacute;, Hợp Lực Cảng tự h&agrave;o giới thiệu đến qu&yacute; kh&aacute;ch những d&ograve;ng sản phẩm h&agrave;ng đầu trong ng&agrave;nh, bao gồm m&aacute;y ph&aacute;t điện, m&aacute;y x&aacute;t gạo, m&aacute;y xới đất v&agrave; m&aacute;y tuốt l&uacute;a.</p>\r\n\r\n<p>Tất cả c&aacute;c sản phẩm v&agrave; dịch vụ m&agrave; ch&uacute;ng t&ocirc;i cung cấp đều được kiểm tra v&agrave; đảm bảo tu&acirc;n thủ c&aacute;c ti&ecirc;u chuẩn chất lượng cao nhất</p>\r\n\r\n<p>Li&ecirc;n hệ ngay để được tư vấn v&agrave; nhận th&ocirc;ng tin chi tiết về c&aacute;c sản phẩm c&ocirc;ng nghiệp h&agrave;ng đầu của ch&uacute;ng t&ocirc;i.</p>\r\n\r\n<p>Hợp lực cảng Việt - Đối t&aacute;c đ&aacute;ng tin cậy cho c&aacute;c giải ph&aacute;p c&ocirc;ng nghiệp vượt trội!</p>\r\n', '', '', '', '', '', '', '', '', '', '', '', '', '', '', '', 0, 'en-may-xoi-dat-hv-188-dd', 'Máy xới đất HV 188-DD', '', ''),
(4333, 2173, 'vn', 'Máy xới đất HV188D  MINI TILLER', '<p>C&ocirc;ng ty TNHH Hợp Lực Cảng Việt chuy&ecirc;n cung cấp c&aacute;c loại m&oacute;c c&ocirc;ng nghiệp như m&aacute;y ph&aacute;t điện, m&aacute;y x&aacute;t gạo, m&aacute;y xới đất, m&aacute;y tuốt l&uacute;a,... Đ&acirc;y l&agrave; c&aacute;c loại m&aacute;y được ch&uacute;ng t&ocirc;i nhập khẩu ch&iacute;nh h&atilde;ng nguy&ecirc;n chiếc, gi&uacute;p cho b&agrave; con n&ocirc;ng d&acirc;n v&agrave; c&aacute;c chủ doanh nghiệp c&oacute; thể tiết kiệm c&ocirc;ng sức lao độn, n&acirc;ng cao hiệu suất c&ocirc;ng việc sản xuất.</p>\r\n', '', '', '<p><strong>TH&Ocirc;NG SỐ KỸ THUẬT</strong></p>\r\n\r\n<p>1. Engine Power: 5.5KW diesel engine</p>\r\n\r\n<p>2. Tilling depth: &ge; 100 mm</p>\r\n\r\n<p>3. Tilling width: 1000 mm</p>\r\n\r\n<p>4. Productivity: 0.04- 0.07hm/h.m</p>\r\n\r\n<p>5. Fuel Consumption: &le; 25 kg/hm</p>\r\n\r\n<p>6. Package: wooden crates (980*570*780)</p>\r\n\r\n<p>7. Weight: 132kg</p>\r\n', '', '', '', '', '', '', '', '', '', '', '', '', '', '', '', 0, 'may-xoi-dat-hv188d-mini-tiller', 'Máy xới đất HV188D  MINI TILLER', '', ''),
(4334, 2173, 'en', 'english version Máy xới đất Kamasuki', 'english version <p>C&ocirc;ng ty TNHH Hợp Lực Cảng Việt chuy&ecirc;n cung cấp c&aacute;c loại m&oacute;c c&ocirc;ng nghiệp như m&aacute;y ph&aacute;t điện, m&aacute;y x&aacute;t gạo, m&aacute;y xới đất, m&aacute;y tuốt l&uacute;a,... Đ&acirc;y l&agrave; c&aacute;c loại m&aacute;y được ch&uacute;ng t&ocirc;i nhập khẩu ch&iacute;nh h&atilde;ng nguy&ecirc;n chiếc, gi&uacute;p cho b&agrave; con n&ocirc;ng d&acirc;n v&agrave; c&aacute;c chủ doanh nghiệp c&oacute; thể tiết kiệm c&ocirc;ng sức lao độn, n&acirc;ng cao hiệu suất c&ocirc;ng việc sản xuất.</p>\r\n', '', '', 'english version <p>C&Ocirc;NG SUẤT CAO - GI&Aacute; CỰC TỐT</p>\r\n\r\n<p>H&Agrave;NG CH&Iacute;NH H&Atilde;NG - NHẬP KHẨU NGUY&Ecirc;N CHIẾC</p>\r\n\r\n<p>Hiệu suất cao - chất lượng tốt lu&ocirc;n l&agrave; ti&ecirc;u ch&iacute; h&agrave;ng đầu khi kh&aacute;ch h&agrave;ng t&igrave;m kiếm c&aacute;c d&ograve;ng sản phẩm m&aacute;y m&oacute;c c&ocirc;ng nghiệp.</p>\r\n\r\n<p>Thấu hiểu được điều đ&oacute;, Hợp Lực Cảng tự h&agrave;o giới thiệu đến qu&yacute; kh&aacute;ch những d&ograve;ng sản phẩm h&agrave;ng đầu trong ng&agrave;nh, bao gồm m&aacute;y ph&aacute;t điện, m&aacute;y x&aacute;t gạo, m&aacute;y xới đất v&agrave; m&aacute;y tuốt l&uacute;a.</p>\r\n\r\n<p>Tất cả c&aacute;c sản phẩm v&agrave; dịch vụ m&agrave; ch&uacute;ng t&ocirc;i cung cấp đều được kiểm tra v&agrave; đảm bảo tu&acirc;n thủ c&aacute;c ti&ecirc;u chuẩn chất lượng cao nhất</p>\r\n\r\n<p>Li&ecirc;n hệ ngay để được tư vấn v&agrave; nhận th&ocirc;ng tin chi tiết về c&aacute;c sản phẩm c&ocirc;ng nghiệp h&agrave;ng đầu của ch&uacute;ng t&ocirc;i.</p>\r\n\r\n<p>Hợp lực cảng Việt - Đối t&aacute;c đ&aacute;ng tin cậy cho c&aacute;c giải ph&aacute;p c&ocirc;ng nghiệp vượt trội!</p>\r\n', '', '', '', '', '', '', '', '', '', '', '', '', '', '', '', 0, 'en-may-xoi-dat-kamasuki', 'Máy xới đất Kamasuki', '', ''),
(4335, 2174, 'vn', 'Máy xới đất đeo vai Honda GX65 (demo)', '<p>C&ocirc;ng ty TNHH Hợp Lực Cảng Việt chuy&ecirc;n cung cấp c&aacute;c loại m&oacute;c c&ocirc;ng nghiệp như m&aacute;y ph&aacute;t điện, m&aacute;y x&aacute;t gạo, m&aacute;y xới đất, m&aacute;y tuốt l&uacute;a,... Đ&acirc;y l&agrave; c&aacute;c loại m&aacute;y được ch&uacute;ng t&ocirc;i nhập khẩu ch&iacute;nh h&atilde;ng nguy&ecirc;n chiếc, gi&uacute;p cho b&agrave; con n&ocirc;ng d&acirc;n v&agrave; c&aacute;c chủ doanh nghiệp c&oacute; thể tiết kiệm c&ocirc;ng sức lao độn, n&acirc;ng cao hiệu suất c&ocirc;ng việc sản xuất.</p>\r\n', '', '', '<p>C&Ocirc;NG SUẤT CAO - GI&Aacute; CỰC TỐT</p>\r\n\r\n<p>H&Agrave;NG CH&Iacute;NH H&Atilde;NG - NHẬP KHẨU NGUY&Ecirc;N CHIẾC</p>\r\n\r\n<p>Hiệu suất cao - chất lượng tốt lu&ocirc;n l&agrave; ti&ecirc;u ch&iacute; h&agrave;ng đầu khi kh&aacute;ch h&agrave;ng t&igrave;m kiếm c&aacute;c d&ograve;ng sản phẩm m&aacute;y m&oacute;c c&ocirc;ng nghiệp.</p>\r\n\r\n<p>Thấu hiểu được điều đ&oacute;, Hợp Lực Cảng tự h&agrave;o giới thiệu đến qu&yacute; kh&aacute;ch những d&ograve;ng sản phẩm h&agrave;ng đầu trong ng&agrave;nh, bao gồm m&aacute;y ph&aacute;t điện, m&aacute;y x&aacute;t gạo, m&aacute;y xới đất v&agrave; m&aacute;y tuốt l&uacute;a.</p>\r\n\r\n<p>Tất cả c&aacute;c sản phẩm v&agrave; dịch vụ m&agrave; ch&uacute;ng t&ocirc;i cung cấp đều được kiểm tra v&agrave; đảm bảo tu&acirc;n thủ c&aacute;c ti&ecirc;u chuẩn chất lượng cao nhất</p>\r\n\r\n<p>Li&ecirc;n hệ ngay để được tư vấn v&agrave; nhận th&ocirc;ng tin chi tiết về c&aacute;c sản phẩm c&ocirc;ng nghiệp h&agrave;ng đầu của ch&uacute;ng t&ocirc;i.</p>\r\n\r\n<p>Hợp lực cảng Việt - Đối t&aacute;c đ&aacute;ng tin cậy cho c&aacute;c giải ph&aacute;p c&ocirc;ng nghiệp vượt trội!</p>\r\n', '', '', '', '', '', '', '', '', '', '', '', '', '', '', '', 0, 'may-xoi-dat-deo-vai-honda-gx65-demo', 'Máy xới đất đeo vai Honda GX65 (demo)', '', ''),
(4336, 2174, 'en', 'english version Máy xới đất đeo vai Honda GX65', 'english version <p>C&ocirc;ng ty TNHH Hợp Lực Cảng Việt chuy&ecirc;n cung cấp c&aacute;c loại m&oacute;c c&ocirc;ng nghiệp như m&aacute;y ph&aacute;t điện, m&aacute;y x&aacute;t gạo, m&aacute;y xới đất, m&aacute;y tuốt l&uacute;a,... Đ&acirc;y l&agrave; c&aacute;c loại m&aacute;y được ch&uacute;ng t&ocirc;i nhập khẩu ch&iacute;nh h&atilde;ng nguy&ecirc;n chiếc, gi&uacute;p cho b&agrave; con n&ocirc;ng d&acirc;n v&agrave; c&aacute;c chủ doanh nghiệp c&oacute; thể tiết kiệm c&ocirc;ng sức lao độn, n&acirc;ng cao hiệu suất c&ocirc;ng việc sản xuất.</p>\r\n', '', '', 'english version <p>C&Ocirc;NG SUẤT CAO - GI&Aacute; CỰC TỐT</p>\r\n\r\n<p>H&Agrave;NG CH&Iacute;NH H&Atilde;NG - NHẬP KHẨU NGUY&Ecirc;N CHIẾC</p>\r\n\r\n<p>Hiệu suất cao - chất lượng tốt lu&ocirc;n l&agrave; ti&ecirc;u ch&iacute; h&agrave;ng đầu khi kh&aacute;ch h&agrave;ng t&igrave;m kiếm c&aacute;c d&ograve;ng sản phẩm m&aacute;y m&oacute;c c&ocirc;ng nghiệp.</p>\r\n\r\n<p>Thấu hiểu được điều đ&oacute;, Hợp Lực Cảng tự h&agrave;o giới thiệu đến qu&yacute; kh&aacute;ch những d&ograve;ng sản phẩm h&agrave;ng đầu trong ng&agrave;nh, bao gồm m&aacute;y ph&aacute;t điện, m&aacute;y x&aacute;t gạo, m&aacute;y xới đất v&agrave; m&aacute;y tuốt l&uacute;a.</p>\r\n\r\n<p>Tất cả c&aacute;c sản phẩm v&agrave; dịch vụ m&agrave; ch&uacute;ng t&ocirc;i cung cấp đều được kiểm tra v&agrave; đảm bảo tu&acirc;n thủ c&aacute;c ti&ecirc;u chuẩn chất lượng cao nhất</p>\r\n\r\n<p>Li&ecirc;n hệ ngay để được tư vấn v&agrave; nhận th&ocirc;ng tin chi tiết về c&aacute;c sản phẩm c&ocirc;ng nghiệp h&agrave;ng đầu của ch&uacute;ng t&ocirc;i.</p>\r\n\r\n<p>Hợp lực cảng Việt - Đối t&aacute;c đ&aacute;ng tin cậy cho c&aacute;c giải ph&aacute;p c&ocirc;ng nghiệp vượt trội!</p>\r\n', '', '', '', '', '', '', '', '', '', '', '', '', '', '', '', 0, 'en-may-xoi-dat-deo-vai-honda-gx65', 'Máy xới đất đeo vai Honda GX65', '', ''),
(4337, 2175, 'vn', 'Máy xới đất Huspanda HXD1000 (demo)', '<p>C&ocirc;ng ty TNHH Hợp Lực Cảng Việt chuy&ecirc;n cung cấp c&aacute;c loại m&oacute;c c&ocirc;ng nghiệp như m&aacute;y ph&aacute;t điện, m&aacute;y x&aacute;t gạo, m&aacute;y xới đất, m&aacute;y tuốt l&uacute;a,... Đ&acirc;y l&agrave; c&aacute;c loại m&aacute;y được ch&uacute;ng t&ocirc;i nhập khẩu ch&iacute;nh h&atilde;ng nguy&ecirc;n chiếc, gi&uacute;p cho b&agrave; con n&ocirc;ng d&acirc;n v&agrave; c&aacute;c chủ doanh nghiệp c&oacute; thể tiết kiệm c&ocirc;ng sức lao độn, n&acirc;ng cao hiệu suất c&ocirc;ng việc sản xuất.</p>\r\n', '', '', '<p>C&Ocirc;NG SUẤT CAO - GI&Aacute; CỰC TỐT</p>\r\n\r\n<p>H&Agrave;NG CH&Iacute;NH H&Atilde;NG - NHẬP KHẨU NGUY&Ecirc;N CHIẾC</p>\r\n\r\n<p>Hiệu suất cao - chất lượng tốt lu&ocirc;n l&agrave; ti&ecirc;u ch&iacute; h&agrave;ng đầu khi kh&aacute;ch h&agrave;ng t&igrave;m kiếm c&aacute;c d&ograve;ng sản phẩm m&aacute;y m&oacute;c c&ocirc;ng nghiệp.</p>\r\n\r\n<p>Thấu hiểu được điều đ&oacute;, Hợp Lực Cảng tự h&agrave;o giới thiệu đến qu&yacute; kh&aacute;ch những d&ograve;ng sản phẩm h&agrave;ng đầu trong ng&agrave;nh, bao gồm m&aacute;y ph&aacute;t điện, m&aacute;y x&aacute;t gạo, m&aacute;y xới đất v&agrave; m&aacute;y tuốt l&uacute;a.</p>\r\n\r\n<p>Tất cả c&aacute;c sản phẩm v&agrave; dịch vụ m&agrave; ch&uacute;ng t&ocirc;i cung cấp đều được kiểm tra v&agrave; đảm bảo tu&acirc;n thủ c&aacute;c ti&ecirc;u chuẩn chất lượng cao nhất</p>\r\n\r\n<p>Li&ecirc;n hệ ngay để được tư vấn v&agrave; nhận th&ocirc;ng tin chi tiết về c&aacute;c sản phẩm c&ocirc;ng nghiệp h&agrave;ng đầu của ch&uacute;ng t&ocirc;i.</p>\r\n\r\n<p>Hợp lực cảng Việt - Đối t&aacute;c đ&aacute;ng tin cậy cho c&aacute;c giải ph&aacute;p c&ocirc;ng nghiệp vượt trội!</p>\r\n', '', '', '', '', '', '', '', '', '', '', '', '', '', '', '', 0, 'may-xoi-dat-huspanda-hxd1000-demo', 'Máy xới đất Huspanda HXD1000 (demo)', '', ''),
(4338, 2175, 'en', 'english version Máy xới đất Huspanda HXD1000', 'english version <p>C&ocirc;ng ty TNHH Hợp Lực Cảng Việt chuy&ecirc;n cung cấp c&aacute;c loại m&oacute;c c&ocirc;ng nghiệp như m&aacute;y ph&aacute;t điện, m&aacute;y x&aacute;t gạo, m&aacute;y xới đất, m&aacute;y tuốt l&uacute;a,... Đ&acirc;y l&agrave; c&aacute;c loại m&aacute;y được ch&uacute;ng t&ocirc;i nhập khẩu ch&iacute;nh h&atilde;ng nguy&ecirc;n chiếc, gi&uacute;p cho b&agrave; con n&ocirc;ng d&acirc;n v&agrave; c&aacute;c chủ doanh nghiệp c&oacute; thể tiết kiệm c&ocirc;ng sức lao độn, n&acirc;ng cao hiệu suất c&ocirc;ng việc sản xuất.</p>\r\n', '', '', 'english version <p>C&Ocirc;NG SUẤT CAO - GI&Aacute; CỰC TỐT</p>\r\n\r\n<p>H&Agrave;NG CH&Iacute;NH H&Atilde;NG - NHẬP KHẨU NGUY&Ecirc;N CHIẾC</p>\r\n\r\n<p>Hiệu suất cao - chất lượng tốt lu&ocirc;n l&agrave; ti&ecirc;u ch&iacute; h&agrave;ng đầu khi kh&aacute;ch h&agrave;ng t&igrave;m kiếm c&aacute;c d&ograve;ng sản phẩm m&aacute;y m&oacute;c c&ocirc;ng nghiệp.</p>\r\n\r\n<p>Thấu hiểu được điều đ&oacute;, Hợp Lực Cảng tự h&agrave;o giới thiệu đến qu&yacute; kh&aacute;ch những d&ograve;ng sản phẩm h&agrave;ng đầu trong ng&agrave;nh, bao gồm m&aacute;y ph&aacute;t điện, m&aacute;y x&aacute;t gạo, m&aacute;y xới đất v&agrave; m&aacute;y tuốt l&uacute;a.</p>\r\n\r\n<p>Tất cả c&aacute;c sản phẩm v&agrave; dịch vụ m&agrave; ch&uacute;ng t&ocirc;i cung cấp đều được kiểm tra v&agrave; đảm bảo tu&acirc;n thủ c&aacute;c ti&ecirc;u chuẩn chất lượng cao nhất</p>\r\n\r\n<p>Li&ecirc;n hệ ngay để được tư vấn v&agrave; nhận th&ocirc;ng tin chi tiết về c&aacute;c sản phẩm c&ocirc;ng nghiệp h&agrave;ng đầu của ch&uacute;ng t&ocirc;i.</p>\r\n\r\n<p>Hợp lực cảng Việt - Đối t&aacute;c đ&aacute;ng tin cậy cho c&aacute;c giải ph&aacute;p c&ocirc;ng nghiệp vượt trội!</p>\r\n', '', '', '', '', '', '', '', '', '', '', '', '', '', '', '', 0, 'en-may-xoi-dat-huspanda-hxd1000', 'Máy xới đất Huspanda HXD1000', '', ''),
(4345, 2179, 'vn', 'Máy tuốt lúa Fujikawa TC1400 (demo)', '<p>C&ocirc;ng ty TNHH Hợp Lực Cảng Việt chuy&ecirc;n cung cấp c&aacute;c loại m&oacute;c c&ocirc;ng nghiệp như m&aacute;y ph&aacute;t điện, m&aacute;y x&aacute;t gạo, m&aacute;y xới đất, m&aacute;y tuốt l&uacute;a,... Đ&acirc;y l&agrave; c&aacute;c loại m&aacute;y được ch&uacute;ng t&ocirc;i nhập khẩu ch&iacute;nh h&atilde;ng nguy&ecirc;n chiếc, gi&uacute;p cho b&agrave; con n&ocirc;ng d&acirc;n v&agrave; c&aacute;c chủ doanh nghiệp c&oacute; thể tiết kiệm c&ocirc;ng sức lao độn, n&acirc;ng cao hiệu suất c&ocirc;ng việc sản xuất.</p>\r\n', '', '', '<p>C&Ocirc;NG SUẤT CAO - GI&Aacute; CỰC TỐT</p>\r\n\r\n<p>H&Agrave;NG CH&Iacute;NH H&Atilde;NG - NHẬP KHẨU NGUY&Ecirc;N CHIẾC</p>\r\n\r\n<p>Hiệu suất cao - chất lượng tốt lu&ocirc;n l&agrave; ti&ecirc;u ch&iacute; h&agrave;ng đầu khi kh&aacute;ch h&agrave;ng t&igrave;m kiếm c&aacute;c d&ograve;ng sản phẩm m&aacute;y m&oacute;c c&ocirc;ng nghiệp.</p>\r\n\r\n<p>Thấu hiểu được điều đ&oacute;, Hợp Lực Cảng tự h&agrave;o giới thiệu đến qu&yacute; kh&aacute;ch những d&ograve;ng sản phẩm h&agrave;ng đầu trong ng&agrave;nh, bao gồm m&aacute;y ph&aacute;t điện, m&aacute;y x&aacute;t gạo, m&aacute;y xới đất v&agrave; m&aacute;y tuốt l&uacute;a.</p>\r\n\r\n<p>Tất cả c&aacute;c sản phẩm v&agrave; dịch vụ m&agrave; ch&uacute;ng t&ocirc;i cung cấp đều được kiểm tra v&agrave; đảm bảo tu&acirc;n thủ c&aacute;c ti&ecirc;u chuẩn chất lượng cao nhất</p>\r\n\r\n<p>Li&ecirc;n hệ ngay để được tư vấn v&agrave; nhận th&ocirc;ng tin chi tiết về c&aacute;c sản phẩm c&ocirc;ng nghiệp h&agrave;ng đầu của ch&uacute;ng t&ocirc;i.</p>\r\n\r\n<p>Hợp lực cảng Việt - Đối t&aacute;c đ&aacute;ng tin cậy cho c&aacute;c giải ph&aacute;p c&ocirc;ng nghiệp vượt trội!</p>\r\n', '', '', '', '', '', '', '', '', '', '', '', '', '', '', '', 0, 'may-tuot-lua-fujikawa-tc1400-demo', 'Máy tuốt lúa Fujikawa TC1400 (demo)', '', ''),
(4346, 2179, 'en', 'english version Máy tuốt lúa Fujikawa TC1400', 'english version <p>C&ocirc;ng ty TNHH Hợp Lực Cảng Việt chuy&ecirc;n cung cấp c&aacute;c loại m&oacute;c c&ocirc;ng nghiệp như m&aacute;y ph&aacute;t điện, m&aacute;y x&aacute;t gạo, m&aacute;y xới đất, m&aacute;y tuốt l&uacute;a,... Đ&acirc;y l&agrave; c&aacute;c loại m&aacute;y được ch&uacute;ng t&ocirc;i nhập khẩu ch&iacute;nh h&atilde;ng nguy&ecirc;n chiếc, gi&uacute;p cho b&agrave; con n&ocirc;ng d&acirc;n v&agrave; c&aacute;c chủ doanh nghiệp c&oacute; thể tiết kiệm c&ocirc;ng sức lao độn, n&acirc;ng cao hiệu suất c&ocirc;ng việc sản xuất.</p>\r\n', '', '', 'english version <p>C&Ocirc;NG SUẤT CAO - GI&Aacute; CỰC TỐT</p>\r\n\r\n<p>H&Agrave;NG CH&Iacute;NH H&Atilde;NG - NHẬP KHẨU NGUY&Ecirc;N CHIẾC</p>\r\n\r\n<p>Hiệu suất cao - chất lượng tốt lu&ocirc;n l&agrave; ti&ecirc;u ch&iacute; h&agrave;ng đầu khi kh&aacute;ch h&agrave;ng t&igrave;m kiếm c&aacute;c d&ograve;ng sản phẩm m&aacute;y m&oacute;c c&ocirc;ng nghiệp.</p>\r\n\r\n<p>Thấu hiểu được điều đ&oacute;, Hợp Lực Cảng tự h&agrave;o giới thiệu đến qu&yacute; kh&aacute;ch những d&ograve;ng sản phẩm h&agrave;ng đầu trong ng&agrave;nh, bao gồm m&aacute;y ph&aacute;t điện, m&aacute;y x&aacute;t gạo, m&aacute;y xới đất v&agrave; m&aacute;y tuốt l&uacute;a.</p>\r\n\r\n<p>Tất cả c&aacute;c sản phẩm v&agrave; dịch vụ m&agrave; ch&uacute;ng t&ocirc;i cung cấp đều được kiểm tra v&agrave; đảm bảo tu&acirc;n thủ c&aacute;c ti&ecirc;u chuẩn chất lượng cao nhất</p>\r\n\r\n<p>Li&ecirc;n hệ ngay để được tư vấn v&agrave; nhận th&ocirc;ng tin chi tiết về c&aacute;c sản phẩm c&ocirc;ng nghiệp h&agrave;ng đầu của ch&uacute;ng t&ocirc;i.</p>\r\n\r\n<p>Hợp lực cảng Việt - Đối t&aacute;c đ&aacute;ng tin cậy cho c&aacute;c giải ph&aacute;p c&ocirc;ng nghiệp vượt trội!</p>\r\n', '', '', '', '', '', '', '', '', '', '', '', '', '', '', '', 0, 'en-may-tuot-lua-fujikawa-tc1400', 'Máy tuốt lúa Fujikawa TC1400', '', ''),
(4347, 2180, 'vn', 'Máy tuốt lúa nương TK53 (demo)', '<p>C&ocirc;ng ty TNHH Hợp Lực Cảng Việt chuy&ecirc;n cung cấp c&aacute;c loại m&oacute;c c&ocirc;ng nghiệp như m&aacute;y ph&aacute;t điện, m&aacute;y x&aacute;t gạo, m&aacute;y xới đất, m&aacute;y tuốt l&uacute;a,... Đ&acirc;y l&agrave; c&aacute;c loại m&aacute;y được ch&uacute;ng t&ocirc;i nhập khẩu ch&iacute;nh h&atilde;ng nguy&ecirc;n chiếc, gi&uacute;p cho b&agrave; con n&ocirc;ng d&acirc;n v&agrave; c&aacute;c chủ doanh nghiệp c&oacute; thể tiết kiệm c&ocirc;ng sức lao độn, n&acirc;ng cao hiệu suất c&ocirc;ng việc sản xuất.</p>\r\n', '', '', '<p>C&Ocirc;NG SUẤT CAO - GI&Aacute; CỰC TỐT</p>\r\n\r\n<p>H&Agrave;NG CH&Iacute;NH H&Atilde;NG - NHẬP KHẨU NGUY&Ecirc;N CHIẾC</p>\r\n\r\n<p>Hiệu suất cao - chất lượng tốt lu&ocirc;n l&agrave; ti&ecirc;u ch&iacute; h&agrave;ng đầu khi kh&aacute;ch h&agrave;ng t&igrave;m kiếm c&aacute;c d&ograve;ng sản phẩm m&aacute;y m&oacute;c c&ocirc;ng nghiệp.</p>\r\n\r\n<p>Thấu hiểu được điều đ&oacute;, Hợp Lực Cảng tự h&agrave;o giới thiệu đến qu&yacute; kh&aacute;ch những d&ograve;ng sản phẩm h&agrave;ng đầu trong ng&agrave;nh, bao gồm m&aacute;y ph&aacute;t điện, m&aacute;y x&aacute;t gạo, m&aacute;y xới đất v&agrave; m&aacute;y tuốt l&uacute;a.</p>\r\n\r\n<p>Tất cả c&aacute;c sản phẩm v&agrave; dịch vụ m&agrave; ch&uacute;ng t&ocirc;i cung cấp đều được kiểm tra v&agrave; đảm bảo tu&acirc;n thủ c&aacute;c ti&ecirc;u chuẩn chất lượng cao nhất</p>\r\n\r\n<p>Li&ecirc;n hệ ngay để được tư vấn v&agrave; nhận th&ocirc;ng tin chi tiết về c&aacute;c sản phẩm c&ocirc;ng nghiệp h&agrave;ng đầu của ch&uacute;ng t&ocirc;i.</p>\r\n\r\n<p>Hợp lực cảng Việt - Đối t&aacute;c đ&aacute;ng tin cậy cho c&aacute;c giải ph&aacute;p c&ocirc;ng nghiệp vượt trội!</p>\r\n', '', '', '', '', '', '', '', '', '', '', '', '', '', '', '', 0, 'may-tuot-lua-nuong-tk53-demo', 'Máy tuốt lúa nương TK53 (demo)', '', ''),
(4348, 2180, 'en', 'english version Máy tuốt lúa nương TK53', 'english version <p>C&ocirc;ng ty TNHH Hợp Lực Cảng Việt chuy&ecirc;n cung cấp c&aacute;c loại m&oacute;c c&ocirc;ng nghiệp như m&aacute;y ph&aacute;t điện, m&aacute;y x&aacute;t gạo, m&aacute;y xới đất, m&aacute;y tuốt l&uacute;a,... Đ&acirc;y l&agrave; c&aacute;c loại m&aacute;y được ch&uacute;ng t&ocirc;i nhập khẩu ch&iacute;nh h&atilde;ng nguy&ecirc;n chiếc, gi&uacute;p cho b&agrave; con n&ocirc;ng d&acirc;n v&agrave; c&aacute;c chủ doanh nghiệp c&oacute; thể tiết kiệm c&ocirc;ng sức lao độn, n&acirc;ng cao hiệu suất c&ocirc;ng việc sản xuất.</p>\r\n', '', '', 'english version <p>C&Ocirc;NG SUẤT CAO - GI&Aacute; CỰC TỐT</p>\r\n\r\n<p>H&Agrave;NG CH&Iacute;NH H&Atilde;NG - NHẬP KHẨU NGUY&Ecirc;N CHIẾC</p>\r\n\r\n<p>Hiệu suất cao - chất lượng tốt lu&ocirc;n l&agrave; ti&ecirc;u ch&iacute; h&agrave;ng đầu khi kh&aacute;ch h&agrave;ng t&igrave;m kiếm c&aacute;c d&ograve;ng sản phẩm m&aacute;y m&oacute;c c&ocirc;ng nghiệp.</p>\r\n\r\n<p>Thấu hiểu được điều đ&oacute;, Hợp Lực Cảng tự h&agrave;o giới thiệu đến qu&yacute; kh&aacute;ch những d&ograve;ng sản phẩm h&agrave;ng đầu trong ng&agrave;nh, bao gồm m&aacute;y ph&aacute;t điện, m&aacute;y x&aacute;t gạo, m&aacute;y xới đất v&agrave; m&aacute;y tuốt l&uacute;a.</p>\r\n\r\n<p>Tất cả c&aacute;c sản phẩm v&agrave; dịch vụ m&agrave; ch&uacute;ng t&ocirc;i cung cấp đều được kiểm tra v&agrave; đảm bảo tu&acirc;n thủ c&aacute;c ti&ecirc;u chuẩn chất lượng cao nhất</p>\r\n\r\n<p>Li&ecirc;n hệ ngay để được tư vấn v&agrave; nhận th&ocirc;ng tin chi tiết về c&aacute;c sản phẩm c&ocirc;ng nghiệp h&agrave;ng đầu của ch&uacute;ng t&ocirc;i.</p>\r\n\r\n<p>Hợp lực cảng Việt - Đối t&aacute;c đ&aacute;ng tin cậy cho c&aacute;c giải ph&aacute;p c&ocirc;ng nghiệp vượt trội!</p>\r\n', '', '', '', '', '', '', '', '', '', '', '', '', '', '', '', 0, 'en-may-tuot-lua-nuong-tk53', 'Máy tuốt lúa nương TK53', '', ''),
(4349, 2181, 'vn', 'Máy tuốt lúa hạt mini TC-5TG40 3 kW (demo)', '<p>C&ocirc;ng ty TNHH Hợp Lực Cảng Việt chuy&ecirc;n cung cấp c&aacute;c loại m&oacute;c c&ocirc;ng nghiệp như m&aacute;y ph&aacute;t điện, m&aacute;y x&aacute;t gạo, m&aacute;y xới đất, m&aacute;y tuốt l&uacute;a,... Đ&acirc;y l&agrave; c&aacute;c loại m&aacute;y được ch&uacute;ng t&ocirc;i nhập khẩu ch&iacute;nh h&atilde;ng nguy&ecirc;n chiếc, gi&uacute;p cho b&agrave; con n&ocirc;ng d&acirc;n v&agrave; c&aacute;c chủ doanh nghiệp c&oacute; thể tiết kiệm c&ocirc;ng sức lao độn, n&acirc;ng cao hiệu suất c&ocirc;ng việc sản xuất.</p>\r\n', '', '', '<p>C&Ocirc;NG SUẤT CAO - GI&Aacute; CỰC TỐT</p>\r\n\r\n<p>H&Agrave;NG CH&Iacute;NH H&Atilde;NG - NHẬP KHẨU NGUY&Ecirc;N CHIẾC</p>\r\n\r\n<p>Hiệu suất cao - chất lượng tốt lu&ocirc;n l&agrave; ti&ecirc;u ch&iacute; h&agrave;ng đầu khi kh&aacute;ch h&agrave;ng t&igrave;m kiếm c&aacute;c d&ograve;ng sản phẩm m&aacute;y m&oacute;c c&ocirc;ng nghiệp.</p>\r\n\r\n<p>Thấu hiểu được điều đ&oacute;, Hợp Lực Cảng tự h&agrave;o giới thiệu đến qu&yacute; kh&aacute;ch những d&ograve;ng sản phẩm h&agrave;ng đầu trong ng&agrave;nh, bao gồm m&aacute;y ph&aacute;t điện, m&aacute;y x&aacute;t gạo, m&aacute;y xới đất v&agrave; m&aacute;y tuốt l&uacute;a.</p>\r\n\r\n<p>Tất cả c&aacute;c sản phẩm v&agrave; dịch vụ m&agrave; ch&uacute;ng t&ocirc;i cung cấp đều được kiểm tra v&agrave; đảm bảo tu&acirc;n thủ c&aacute;c ti&ecirc;u chuẩn chất lượng cao nhất</p>\r\n\r\n<p>Li&ecirc;n hệ ngay để được tư vấn v&agrave; nhận th&ocirc;ng tin chi tiết về c&aacute;c sản phẩm c&ocirc;ng nghiệp h&agrave;ng đầu của ch&uacute;ng t&ocirc;i.</p>\r\n\r\n<p>Hợp lực cảng Việt - Đối t&aacute;c đ&aacute;ng tin cậy cho c&aacute;c giải ph&aacute;p c&ocirc;ng nghiệp vượt trội!</p>\r\n', '', '', '', '', '', '', '', '', '', '', '', '', '', '', '', 0, 'may-tuot-lua-hat-mini-tc-5tg40-3-kw-demo', 'Máy tuốt lúa hạt mini TC-5TG40 3 kW (demo)', '', '');
INSERT INTO `product_languages` (`id`, `product_id`, `languages_code`, `lang_product_name`, `lang_product_des`, `lang_product_des2`, `lang_product_des3`, `lang_product_content`, `lang_product_content2`, `lang_product_content3`, `lang_product_code`, `lang_product_original`, `lang_product_size`, `lang_product_package`, `lang_product_delivery`, `lang_product_delivery_time`, `lang_product_payment`, `lang_product_payment_type`, `lang_product_sub_info1`, `lang_product_sub_info2`, `lang_product_sub_info3`, `lang_product_sub_info4`, `lang_product_sub_info5`, `edit_state`, `friendly_url`, `title_seo`, `des_seo`, `keyword`) VALUES
(4350, 2181, 'en', 'english version Máy tuốt lúa hạt mini TC-5TG40 3 kW', 'english version <p>C&ocirc;ng ty TNHH Hợp Lực Cảng Việt chuy&ecirc;n cung cấp c&aacute;c loại m&oacute;c c&ocirc;ng nghiệp như m&aacute;y ph&aacute;t điện, m&aacute;y x&aacute;t gạo, m&aacute;y xới đất, m&aacute;y tuốt l&uacute;a,... Đ&acirc;y l&agrave; c&aacute;c loại m&aacute;y được ch&uacute;ng t&ocirc;i nhập khẩu ch&iacute;nh h&atilde;ng nguy&ecirc;n chiếc, gi&uacute;p cho b&agrave; con n&ocirc;ng d&acirc;n v&agrave; c&aacute;c chủ doanh nghiệp c&oacute; thể tiết kiệm c&ocirc;ng sức lao độn, n&acirc;ng cao hiệu suất c&ocirc;ng việc sản xuất.</p>\r\n', '', '', 'english version <p>C&Ocirc;NG SUẤT CAO - GI&Aacute; CỰC TỐT</p>\r\n\r\n<p>H&Agrave;NG CH&Iacute;NH H&Atilde;NG - NHẬP KHẨU NGUY&Ecirc;N CHIẾC</p>\r\n\r\n<p>Hiệu suất cao - chất lượng tốt lu&ocirc;n l&agrave; ti&ecirc;u ch&iacute; h&agrave;ng đầu khi kh&aacute;ch h&agrave;ng t&igrave;m kiếm c&aacute;c d&ograve;ng sản phẩm m&aacute;y m&oacute;c c&ocirc;ng nghiệp.</p>\r\n\r\n<p>Thấu hiểu được điều đ&oacute;, Hợp Lực Cảng tự h&agrave;o giới thiệu đến qu&yacute; kh&aacute;ch những d&ograve;ng sản phẩm h&agrave;ng đầu trong ng&agrave;nh, bao gồm m&aacute;y ph&aacute;t điện, m&aacute;y x&aacute;t gạo, m&aacute;y xới đất v&agrave; m&aacute;y tuốt l&uacute;a.</p>\r\n\r\n<p>Tất cả c&aacute;c sản phẩm v&agrave; dịch vụ m&agrave; ch&uacute;ng t&ocirc;i cung cấp đều được kiểm tra v&agrave; đảm bảo tu&acirc;n thủ c&aacute;c ti&ecirc;u chuẩn chất lượng cao nhất</p>\r\n\r\n<p>Li&ecirc;n hệ ngay để được tư vấn v&agrave; nhận th&ocirc;ng tin chi tiết về c&aacute;c sản phẩm c&ocirc;ng nghiệp h&agrave;ng đầu của ch&uacute;ng t&ocirc;i.</p>\r\n\r\n<p>Hợp lực cảng Việt - Đối t&aacute;c đ&aacute;ng tin cậy cho c&aacute;c giải ph&aacute;p c&ocirc;ng nghiệp vượt trội!</p>\r\n', '', '', '', '', '', '', '', '', '', '', '', '', '', '', '', 0, 'en-may-tuot-lua-hat-mini-tc-5tg40-3-kw', 'Máy tuốt lúa hạt mini TC-5TG40 3 kW', '', ''),
(4351, 2182, 'vn', 'Máy tuốt lúa đạp chân (demo)', '<p>C&ocirc;ng ty TNHH Hợp Lực Cảng Việt chuy&ecirc;n cung cấp c&aacute;c loại m&oacute;c c&ocirc;ng nghiệp như m&aacute;y ph&aacute;t điện, m&aacute;y x&aacute;t gạo, m&aacute;y xới đất, m&aacute;y tuốt l&uacute;a,... Đ&acirc;y l&agrave; c&aacute;c loại m&aacute;y được ch&uacute;ng t&ocirc;i nhập khẩu ch&iacute;nh h&atilde;ng nguy&ecirc;n chiếc, gi&uacute;p cho b&agrave; con n&ocirc;ng d&acirc;n v&agrave; c&aacute;c chủ doanh nghiệp c&oacute; thể tiết kiệm c&ocirc;ng sức lao độn, n&acirc;ng cao hiệu suất c&ocirc;ng việc sản xuất.</p>\r\n', '', '', '<p>C&Ocirc;NG SUẤT CAO - GI&Aacute; CỰC TỐT</p>\r\n\r\n<p>H&Agrave;NG CH&Iacute;NH H&Atilde;NG - NHẬP KHẨU NGUY&Ecirc;N CHIẾC</p>\r\n\r\n<p>Hiệu suất cao - chất lượng tốt lu&ocirc;n l&agrave; ti&ecirc;u ch&iacute; h&agrave;ng đầu khi kh&aacute;ch h&agrave;ng t&igrave;m kiếm c&aacute;c d&ograve;ng sản phẩm m&aacute;y m&oacute;c c&ocirc;ng nghiệp.</p>\r\n\r\n<p>Thấu hiểu được điều đ&oacute;, Hợp Lực Cảng tự h&agrave;o giới thiệu đến qu&yacute; kh&aacute;ch những d&ograve;ng sản phẩm h&agrave;ng đầu trong ng&agrave;nh, bao gồm m&aacute;y ph&aacute;t điện, m&aacute;y x&aacute;t gạo, m&aacute;y xới đất v&agrave; m&aacute;y tuốt l&uacute;a.</p>\r\n\r\n<p>Tất cả c&aacute;c sản phẩm v&agrave; dịch vụ m&agrave; ch&uacute;ng t&ocirc;i cung cấp đều được kiểm tra v&agrave; đảm bảo tu&acirc;n thủ c&aacute;c ti&ecirc;u chuẩn chất lượng cao nhất</p>\r\n\r\n<p>Li&ecirc;n hệ ngay để được tư vấn v&agrave; nhận th&ocirc;ng tin chi tiết về c&aacute;c sản phẩm c&ocirc;ng nghiệp h&agrave;ng đầu của ch&uacute;ng t&ocirc;i.</p>\r\n\r\n<p>Hợp lực cảng Việt - Đối t&aacute;c đ&aacute;ng tin cậy cho c&aacute;c giải ph&aacute;p c&ocirc;ng nghiệp vượt trội!</p>\r\n', '', '', '', '', '', '', '', '', '', '', '', '', '', '', '', 0, 'may-tuot-lua-dap-chan-demo', 'Máy tuốt lúa đạp chân (demo)', '', ''),
(4352, 2182, 'en', 'english version Máy tuốt lúa đạp chân', 'english version <p>C&ocirc;ng ty TNHH Hợp Lực Cảng Việt chuy&ecirc;n cung cấp c&aacute;c loại m&oacute;c c&ocirc;ng nghiệp như m&aacute;y ph&aacute;t điện, m&aacute;y x&aacute;t gạo, m&aacute;y xới đất, m&aacute;y tuốt l&uacute;a,... Đ&acirc;y l&agrave; c&aacute;c loại m&aacute;y được ch&uacute;ng t&ocirc;i nhập khẩu ch&iacute;nh h&atilde;ng nguy&ecirc;n chiếc, gi&uacute;p cho b&agrave; con n&ocirc;ng d&acirc;n v&agrave; c&aacute;c chủ doanh nghiệp c&oacute; thể tiết kiệm c&ocirc;ng sức lao độn, n&acirc;ng cao hiệu suất c&ocirc;ng việc sản xuất.</p>\r\n', '', '', 'english version <p>C&Ocirc;NG SUẤT CAO - GI&Aacute; CỰC TỐT</p>\r\n\r\n<p>H&Agrave;NG CH&Iacute;NH H&Atilde;NG - NHẬP KHẨU NGUY&Ecirc;N CHIẾC</p>\r\n\r\n<p>Hiệu suất cao - chất lượng tốt lu&ocirc;n l&agrave; ti&ecirc;u ch&iacute; h&agrave;ng đầu khi kh&aacute;ch h&agrave;ng t&igrave;m kiếm c&aacute;c d&ograve;ng sản phẩm m&aacute;y m&oacute;c c&ocirc;ng nghiệp.</p>\r\n\r\n<p>Thấu hiểu được điều đ&oacute;, Hợp Lực Cảng tự h&agrave;o giới thiệu đến qu&yacute; kh&aacute;ch những d&ograve;ng sản phẩm h&agrave;ng đầu trong ng&agrave;nh, bao gồm m&aacute;y ph&aacute;t điện, m&aacute;y x&aacute;t gạo, m&aacute;y xới đất v&agrave; m&aacute;y tuốt l&uacute;a.</p>\r\n\r\n<p>Tất cả c&aacute;c sản phẩm v&agrave; dịch vụ m&agrave; ch&uacute;ng t&ocirc;i cung cấp đều được kiểm tra v&agrave; đảm bảo tu&acirc;n thủ c&aacute;c ti&ecirc;u chuẩn chất lượng cao nhất</p>\r\n\r\n<p>Li&ecirc;n hệ ngay để được tư vấn v&agrave; nhận th&ocirc;ng tin chi tiết về c&aacute;c sản phẩm c&ocirc;ng nghiệp h&agrave;ng đầu của ch&uacute;ng t&ocirc;i.</p>\r\n\r\n<p>Hợp lực cảng Việt - Đối t&aacute;c đ&aacute;ng tin cậy cho c&aacute;c giải ph&aacute;p c&ocirc;ng nghiệp vượt trội!</p>\r\n', '', '', '', '', '', '', '', '', '', '', '', '', '', '', '', 0, 'en-may-tuot-lua-dap-chan', 'Máy tuốt lúa đạp chân', '', ''),
(4353, 2183, 'vn', ' Máy tuốt lúa liên hoàn 1600 (demo)', '<p>C&ocirc;ng ty TNHH Hợp Lực Cảng Việt chuy&ecirc;n cung cấp c&aacute;c loại m&oacute;c c&ocirc;ng nghiệp như m&aacute;y ph&aacute;t điện, m&aacute;y x&aacute;t gạo, m&aacute;y xới đất, m&aacute;y tuốt l&uacute;a,... Đ&acirc;y l&agrave; c&aacute;c loại m&aacute;y được ch&uacute;ng t&ocirc;i nhập khẩu ch&iacute;nh h&atilde;ng nguy&ecirc;n chiếc, gi&uacute;p cho b&agrave; con n&ocirc;ng d&acirc;n v&agrave; c&aacute;c chủ doanh nghiệp c&oacute; thể tiết kiệm c&ocirc;ng sức lao độn, n&acirc;ng cao hiệu suất c&ocirc;ng việc sản xuất.</p>\r\n', '', '', '<p>C&Ocirc;NG SUẤT CAO - GI&Aacute; CỰC TỐT</p>\r\n\r\n<p>H&Agrave;NG CH&Iacute;NH H&Atilde;NG - NHẬP KHẨU NGUY&Ecirc;N CHIẾC</p>\r\n\r\n<p>Hiệu suất cao - chất lượng tốt lu&ocirc;n l&agrave; ti&ecirc;u ch&iacute; h&agrave;ng đầu khi kh&aacute;ch h&agrave;ng t&igrave;m kiếm c&aacute;c d&ograve;ng sản phẩm m&aacute;y m&oacute;c c&ocirc;ng nghiệp.</p>\r\n\r\n<p>Thấu hiểu được điều đ&oacute;, Hợp Lực Cảng tự h&agrave;o giới thiệu đến qu&yacute; kh&aacute;ch những d&ograve;ng sản phẩm h&agrave;ng đầu trong ng&agrave;nh, bao gồm m&aacute;y ph&aacute;t điện, m&aacute;y x&aacute;t gạo, m&aacute;y xới đất v&agrave; m&aacute;y tuốt l&uacute;a.</p>\r\n\r\n<p>Tất cả c&aacute;c sản phẩm v&agrave; dịch vụ m&agrave; ch&uacute;ng t&ocirc;i cung cấp đều được kiểm tra v&agrave; đảm bảo tu&acirc;n thủ c&aacute;c ti&ecirc;u chuẩn chất lượng cao nhất</p>\r\n\r\n<p>Li&ecirc;n hệ ngay để được tư vấn v&agrave; nhận th&ocirc;ng tin chi tiết về c&aacute;c sản phẩm c&ocirc;ng nghiệp h&agrave;ng đầu của ch&uacute;ng t&ocirc;i.</p>\r\n\r\n<p>Hợp lực cảng Việt - Đối t&aacute;c đ&aacute;ng tin cậy cho c&aacute;c giải ph&aacute;p c&ocirc;ng nghiệp vượt trội!</p>\r\n', '', '', '', '', '', '', '', '', '', '', '', '', '', '', '', 0, 'may-tuot-lua-lien-hoan-1600-demo', ' Máy tuốt lúa liên hoàn 1600 (demo)', '', ''),
(4354, 2183, 'en', 'english version  Máy tuốt lúa liên hoàn 1600', 'english version <p>C&ocirc;ng ty TNHH Hợp Lực Cảng Việt chuy&ecirc;n cung cấp c&aacute;c loại m&oacute;c c&ocirc;ng nghiệp như m&aacute;y ph&aacute;t điện, m&aacute;y x&aacute;t gạo, m&aacute;y xới đất, m&aacute;y tuốt l&uacute;a,... Đ&acirc;y l&agrave; c&aacute;c loại m&aacute;y được ch&uacute;ng t&ocirc;i nhập khẩu ch&iacute;nh h&atilde;ng nguy&ecirc;n chiếc, gi&uacute;p cho b&agrave; con n&ocirc;ng d&acirc;n v&agrave; c&aacute;c chủ doanh nghiệp c&oacute; thể tiết kiệm c&ocirc;ng sức lao độn, n&acirc;ng cao hiệu suất c&ocirc;ng việc sản xuất.</p>\r\n', '', '', 'english version <p>C&Ocirc;NG SUẤT CAO - GI&Aacute; CỰC TỐT</p>\r\n\r\n<p>H&Agrave;NG CH&Iacute;NH H&Atilde;NG - NHẬP KHẨU NGUY&Ecirc;N CHIẾC</p>\r\n\r\n<p>Hiệu suất cao - chất lượng tốt lu&ocirc;n l&agrave; ti&ecirc;u ch&iacute; h&agrave;ng đầu khi kh&aacute;ch h&agrave;ng t&igrave;m kiếm c&aacute;c d&ograve;ng sản phẩm m&aacute;y m&oacute;c c&ocirc;ng nghiệp.</p>\r\n\r\n<p>Thấu hiểu được điều đ&oacute;, Hợp Lực Cảng tự h&agrave;o giới thiệu đến qu&yacute; kh&aacute;ch những d&ograve;ng sản phẩm h&agrave;ng đầu trong ng&agrave;nh, bao gồm m&aacute;y ph&aacute;t điện, m&aacute;y x&aacute;t gạo, m&aacute;y xới đất v&agrave; m&aacute;y tuốt l&uacute;a.</p>\r\n\r\n<p>Tất cả c&aacute;c sản phẩm v&agrave; dịch vụ m&agrave; ch&uacute;ng t&ocirc;i cung cấp đều được kiểm tra v&agrave; đảm bảo tu&acirc;n thủ c&aacute;c ti&ecirc;u chuẩn chất lượng cao nhất</p>\r\n\r\n<p>Li&ecirc;n hệ ngay để được tư vấn v&agrave; nhận th&ocirc;ng tin chi tiết về c&aacute;c sản phẩm c&ocirc;ng nghiệp h&agrave;ng đầu của ch&uacute;ng t&ocirc;i.</p>\r\n\r\n<p>Hợp lực cảng Việt - Đối t&aacute;c đ&aacute;ng tin cậy cho c&aacute;c giải ph&aacute;p c&ocirc;ng nghiệp vượt trội!</p>\r\n', '', '', '', '', '', '', '', '', '', '', '', '', '', '', '', 0, 'en-may-tuot-lua-lien-hoan-1600', ' Máy tuốt lúa liên hoàn 1600', '', ''),
(4355, 2184, 'vn', 'Máy xát gạo TL-286 (có động cơ đã lắp ráp sẵn)', '<p>C&ocirc;ng ty TNHH Hợp Lực Cảng Việt chuy&ecirc;n cung cấp c&aacute;c loại m&oacute;c c&ocirc;ng nghiệp như m&aacute;y ph&aacute;t điện, m&aacute;y x&aacute;t gạo, m&aacute;y xới đất, m&aacute;y tuốt l&uacute;a,... Đ&acirc;y l&agrave; c&aacute;c loại m&aacute;y được ch&uacute;ng t&ocirc;i nhập khẩu ch&iacute;nh h&atilde;ng nguy&ecirc;n chiếc, gi&uacute;p cho b&agrave; con n&ocirc;ng d&acirc;n v&agrave; c&aacute;c chủ doanh nghiệp c&oacute; thể tiết kiệm c&ocirc;ng sức lao độn, n&acirc;ng cao hiệu suất c&ocirc;ng việc sản xuất.</p>\r\n', '', '', '<p>C&Ocirc;NG SUẤT CAO - GI&Aacute; CỰC TỐT</p>\r\n\r\n<p>H&Agrave;NG CH&Iacute;NH H&Atilde;NG - NHẬP KHẨU NGUY&Ecirc;N CHIẾC</p>\r\n\r\n<p>Hiệu suất cao - chất lượng tốt lu&ocirc;n l&agrave; ti&ecirc;u ch&iacute; h&agrave;ng đầu khi kh&aacute;ch h&agrave;ng t&igrave;m kiếm c&aacute;c d&ograve;ng sản phẩm m&aacute;y m&oacute;c c&ocirc;ng nghiệp.</p>\r\n\r\n<p>Thấu hiểu được điều đ&oacute;, Hợp Lực Cảng tự h&agrave;o giới thiệu đến qu&yacute; kh&aacute;ch những d&ograve;ng sản phẩm h&agrave;ng đầu trong ng&agrave;nh, bao gồm m&aacute;y ph&aacute;t điện, m&aacute;y x&aacute;t gạo, m&aacute;y xới đất v&agrave; m&aacute;y tuốt l&uacute;a.</p>\r\n\r\n<p>Tất cả c&aacute;c sản phẩm v&agrave; dịch vụ m&agrave; ch&uacute;ng t&ocirc;i cung cấp đều được kiểm tra v&agrave; đảm bảo tu&acirc;n thủ c&aacute;c ti&ecirc;u chuẩn chất lượng cao nhất</p>\r\n\r\n<p>Li&ecirc;n hệ ngay để được tư vấn v&agrave; nhận th&ocirc;ng tin chi tiết về c&aacute;c sản phẩm c&ocirc;ng nghiệp h&agrave;ng đầu của ch&uacute;ng t&ocirc;i.</p>\r\n\r\n<p>Hợp lực cảng Việt - Đối t&aacute;c đ&aacute;ng tin cậy cho c&aacute;c giải ph&aacute;p c&ocirc;ng nghiệp vượt trội!</p>\r\n', '', '', '', '', '', '', '', '', '', '', '', '', '', '', '', 0, 'may-xat-gao-tl-286-co-dong-co-da-lap-rap-san', 'Máy xát gạo TL-286 (có động cơ đã lắp ráp sẵn)', '', ''),
(4356, 2184, 'en', 'english version Máy xát gạo TL-286 (có động cơ đã lắp ráp sẵn)', 'english version <p>C&ocirc;ng ty TNHH Hợp Lực Cảng Việt chuy&ecirc;n cung cấp c&aacute;c loại m&oacute;c c&ocirc;ng nghiệp như m&aacute;y ph&aacute;t điện, m&aacute;y x&aacute;t gạo, m&aacute;y xới đất, m&aacute;y tuốt l&uacute;a,... Đ&acirc;y l&agrave; c&aacute;c loại m&aacute;y được ch&uacute;ng t&ocirc;i nhập khẩu ch&iacute;nh h&atilde;ng nguy&ecirc;n chiếc, gi&uacute;p cho b&agrave; con n&ocirc;ng d&acirc;n v&agrave; c&aacute;c chủ doanh nghiệp c&oacute; thể tiết kiệm c&ocirc;ng sức lao độn, n&acirc;ng cao hiệu suất c&ocirc;ng việc sản xuất.</p>\r\n', '', '', 'english version <p>C&Ocirc;NG SUẤT CAO - GI&Aacute; CỰC TỐT</p>\r\n\r\n<p>H&Agrave;NG CH&Iacute;NH H&Atilde;NG - NHẬP KHẨU NGUY&Ecirc;N CHIẾC</p>\r\n\r\n<p>Hiệu suất cao - chất lượng tốt lu&ocirc;n l&agrave; ti&ecirc;u ch&iacute; h&agrave;ng đầu khi kh&aacute;ch h&agrave;ng t&igrave;m kiếm c&aacute;c d&ograve;ng sản phẩm m&aacute;y m&oacute;c c&ocirc;ng nghiệp.</p>\r\n\r\n<p>Thấu hiểu được điều đ&oacute;, Hợp Lực Cảng tự h&agrave;o giới thiệu đến qu&yacute; kh&aacute;ch những d&ograve;ng sản phẩm h&agrave;ng đầu trong ng&agrave;nh, bao gồm m&aacute;y ph&aacute;t điện, m&aacute;y x&aacute;t gạo, m&aacute;y xới đất v&agrave; m&aacute;y tuốt l&uacute;a.</p>\r\n\r\n<p>Tất cả c&aacute;c sản phẩm v&agrave; dịch vụ m&agrave; ch&uacute;ng t&ocirc;i cung cấp đều được kiểm tra v&agrave; đảm bảo tu&acirc;n thủ c&aacute;c ti&ecirc;u chuẩn chất lượng cao nhất</p>\r\n\r\n<p>Li&ecirc;n hệ ngay để được tư vấn v&agrave; nhận th&ocirc;ng tin chi tiết về c&aacute;c sản phẩm c&ocirc;ng nghiệp h&agrave;ng đầu của ch&uacute;ng t&ocirc;i.</p>\r\n\r\n<p>Hợp lực cảng Việt - Đối t&aacute;c đ&aacute;ng tin cậy cho c&aacute;c giải ph&aacute;p c&ocirc;ng nghiệp vượt trội!</p>\r\n', '', '', '', '', '', '', '', '', '', '', '', '', '', '', '', 0, 'en-may-xat-gao-tl-286-co-dong-co-da-lap-rap-san', 'Máy xát gạo TL-286 (có động cơ đã lắp ráp sẵn)', '', ''),
(4357, 2185, 'vn', 'Máy xát gạo TL-286 đầu nghiền Inox (có động cơ đã lắp ráp sẵn)', '<p>C&ocirc;ng ty TNHH Hợp Lực Cảng Việt chuy&ecirc;n cung cấp c&aacute;c loại m&oacute;c c&ocirc;ng nghiệp như m&aacute;y ph&aacute;t điện, m&aacute;y x&aacute;t gạo, m&aacute;y xới đất, m&aacute;y tuốt l&uacute;a,... Đ&acirc;y l&agrave; c&aacute;c loại m&aacute;y được ch&uacute;ng t&ocirc;i nhập khẩu ch&iacute;nh h&atilde;ng nguy&ecirc;n chiếc, gi&uacute;p cho b&agrave; con n&ocirc;ng d&acirc;n v&agrave; c&aacute;c chủ doanh nghiệp c&oacute; thể tiết kiệm c&ocirc;ng sức lao độn, n&acirc;ng cao hiệu suất c&ocirc;ng việc sản xuất.</p>\r\n', '', '', '<p>C&Ocirc;NG SUẤT CAO - GI&Aacute; CỰC TỐT</p>\r\n\r\n<p>H&Agrave;NG CH&Iacute;NH H&Atilde;NG - NHẬP KHẨU NGUY&Ecirc;N CHIẾC</p>\r\n\r\n<p>Hiệu suất cao - chất lượng tốt lu&ocirc;n l&agrave; ti&ecirc;u ch&iacute; h&agrave;ng đầu khi kh&aacute;ch h&agrave;ng t&igrave;m kiếm c&aacute;c d&ograve;ng sản phẩm m&aacute;y m&oacute;c c&ocirc;ng nghiệp.</p>\r\n\r\n<p>Thấu hiểu được điều đ&oacute;, Hợp Lực Cảng tự h&agrave;o giới thiệu đến qu&yacute; kh&aacute;ch những d&ograve;ng sản phẩm h&agrave;ng đầu trong ng&agrave;nh, bao gồm m&aacute;y ph&aacute;t điện, m&aacute;y x&aacute;t gạo, m&aacute;y xới đất v&agrave; m&aacute;y tuốt l&uacute;a.</p>\r\n\r\n<p>Tất cả c&aacute;c sản phẩm v&agrave; dịch vụ m&agrave; ch&uacute;ng t&ocirc;i cung cấp đều được kiểm tra v&agrave; đảm bảo tu&acirc;n thủ c&aacute;c ti&ecirc;u chuẩn chất lượng cao nhất</p>\r\n\r\n<p>Li&ecirc;n hệ ngay để được tư vấn v&agrave; nhận th&ocirc;ng tin chi tiết về c&aacute;c sản phẩm c&ocirc;ng nghiệp h&agrave;ng đầu của ch&uacute;ng t&ocirc;i.</p>\r\n\r\n<p>Hợp lực cảng Việt - Đối t&aacute;c đ&aacute;ng tin cậy cho c&aacute;c giải ph&aacute;p c&ocirc;ng nghiệp vượt trội!</p>\r\n', '', '', '', '', '', '', '', '', '', '', '', '', '', '', '', 0, 'may-xat-gao-tl-286-dau-nghien-inox-co-dong-co-da-lap-rap-san', 'Máy xát gạo TL-286 đầu nghiền Inox (có động cơ đã lắp ráp sẵn)', '', ''),
(4358, 2185, 'en', 'english version Máy xát gạo TL-286 đầu nghiền Inox (có động cơ đã lắp ráp sẵn)', 'english version <p>C&ocirc;ng ty TNHH Hợp Lực Cảng Việt chuy&ecirc;n cung cấp c&aacute;c loại m&oacute;c c&ocirc;ng nghiệp như m&aacute;y ph&aacute;t điện, m&aacute;y x&aacute;t gạo, m&aacute;y xới đất, m&aacute;y tuốt l&uacute;a,... Đ&acirc;y l&agrave; c&aacute;c loại m&aacute;y được ch&uacute;ng t&ocirc;i nhập khẩu ch&iacute;nh h&atilde;ng nguy&ecirc;n chiếc, gi&uacute;p cho b&agrave; con n&ocirc;ng d&acirc;n v&agrave; c&aacute;c chủ doanh nghiệp c&oacute; thể tiết kiệm c&ocirc;ng sức lao độn, n&acirc;ng cao hiệu suất c&ocirc;ng việc sản xuất.</p>\r\n', '', '', 'english version <p>C&Ocirc;NG SUẤT CAO - GI&Aacute; CỰC TỐT</p>\r\n\r\n<p>H&Agrave;NG CH&Iacute;NH H&Atilde;NG - NHẬP KHẨU NGUY&Ecirc;N CHIẾC</p>\r\n\r\n<p>Hiệu suất cao - chất lượng tốt lu&ocirc;n l&agrave; ti&ecirc;u ch&iacute; h&agrave;ng đầu khi kh&aacute;ch h&agrave;ng t&igrave;m kiếm c&aacute;c d&ograve;ng sản phẩm m&aacute;y m&oacute;c c&ocirc;ng nghiệp.</p>\r\n\r\n<p>Thấu hiểu được điều đ&oacute;, Hợp Lực Cảng tự h&agrave;o giới thiệu đến qu&yacute; kh&aacute;ch những d&ograve;ng sản phẩm h&agrave;ng đầu trong ng&agrave;nh, bao gồm m&aacute;y ph&aacute;t điện, m&aacute;y x&aacute;t gạo, m&aacute;y xới đất v&agrave; m&aacute;y tuốt l&uacute;a.</p>\r\n\r\n<p>Tất cả c&aacute;c sản phẩm v&agrave; dịch vụ m&agrave; ch&uacute;ng t&ocirc;i cung cấp đều được kiểm tra v&agrave; đảm bảo tu&acirc;n thủ c&aacute;c ti&ecirc;u chuẩn chất lượng cao nhất</p>\r\n\r\n<p>Li&ecirc;n hệ ngay để được tư vấn v&agrave; nhận th&ocirc;ng tin chi tiết về c&aacute;c sản phẩm c&ocirc;ng nghiệp h&agrave;ng đầu của ch&uacute;ng t&ocirc;i.</p>\r\n\r\n<p>Hợp lực cảng Việt - Đối t&aacute;c đ&aacute;ng tin cậy cho c&aacute;c giải ph&aacute;p c&ocirc;ng nghiệp vượt trội!</p>\r\n', '', '', '', '', '', '', '', '', '', '', '', '', '', '', '', 0, 'en-may-xat-gao-tl-286-dau-nghien-inox-co-dong-co-da-lap-rap-san', 'Máy xát gạo TL-286 đầu nghiền Inox (có động cơ đã lắp ráp sẵn)', '', ''),
(4359, 2186, 'vn', 'Máy xát gạo TL-286 có sàng rung (có động cơ lắp ráp sẵn)', '<p>C&ocirc;ng ty TNHH Hợp Lực Cảng Việt chuy&ecirc;n cung cấp c&aacute;c loại m&oacute;c c&ocirc;ng nghiệp như m&aacute;y ph&aacute;t điện, m&aacute;y x&aacute;t gạo, m&aacute;y xới đất, m&aacute;y tuốt l&uacute;a,... Đ&acirc;y l&agrave; c&aacute;c loại m&aacute;y được ch&uacute;ng t&ocirc;i nhập khẩu ch&iacute;nh h&atilde;ng nguy&ecirc;n chiếc, gi&uacute;p cho b&agrave; con n&ocirc;ng d&acirc;n v&agrave; c&aacute;c chủ doanh nghiệp c&oacute; thể tiết kiệm c&ocirc;ng sức lao độn, n&acirc;ng cao hiệu suất c&ocirc;ng việc sản xuất.</p>\r\n', '', '', '<p>C&Ocirc;NG SUẤT CAO - GI&Aacute; CỰC TỐT</p>\r\n\r\n<p>H&Agrave;NG CH&Iacute;NH H&Atilde;NG - NHẬP KHẨU NGUY&Ecirc;N CHIẾC</p>\r\n\r\n<p>Hiệu suất cao - chất lượng tốt lu&ocirc;n l&agrave; ti&ecirc;u ch&iacute; h&agrave;ng đầu khi kh&aacute;ch h&agrave;ng t&igrave;m kiếm c&aacute;c d&ograve;ng sản phẩm m&aacute;y m&oacute;c c&ocirc;ng nghiệp.</p>\r\n\r\n<p>Thấu hiểu được điều đ&oacute;, Hợp Lực Cảng tự h&agrave;o giới thiệu đến qu&yacute; kh&aacute;ch những d&ograve;ng sản phẩm h&agrave;ng đầu trong ng&agrave;nh, bao gồm m&aacute;y ph&aacute;t điện, m&aacute;y x&aacute;t gạo, m&aacute;y xới đất v&agrave; m&aacute;y tuốt l&uacute;a.</p>\r\n\r\n<p>Tất cả c&aacute;c sản phẩm v&agrave; dịch vụ m&agrave; ch&uacute;ng t&ocirc;i cung cấp đều được kiểm tra v&agrave; đảm bảo tu&acirc;n thủ c&aacute;c ti&ecirc;u chuẩn chất lượng cao nhất</p>\r\n\r\n<p>Li&ecirc;n hệ ngay để được tư vấn v&agrave; nhận th&ocirc;ng tin chi tiết về c&aacute;c sản phẩm c&ocirc;ng nghiệp h&agrave;ng đầu của ch&uacute;ng t&ocirc;i.</p>\r\n\r\n<p>Hợp lực cảng Việt - Đối t&aacute;c đ&aacute;ng tin cậy cho c&aacute;c giải ph&aacute;p c&ocirc;ng nghiệp vượt trội!</p>\r\n', '', '', '', '', '', '', '', '', '', '', '', '', '', '', '', 0, 'may-xat-gao-tl-286-co-sang-rung-co-dong-co-lap-rap-san', 'Máy xát gạo TL-286 có sàng rung (có động cơ lắp ráp sẵn)', '', ''),
(4360, 2186, 'en', 'english version Máy xát gạo TL-286 có sàng rung (có động cơ lắp ráp sẵn)', 'english version <p>C&ocirc;ng ty TNHH Hợp Lực Cảng Việt chuy&ecirc;n cung cấp c&aacute;c loại m&oacute;c c&ocirc;ng nghiệp như m&aacute;y ph&aacute;t điện, m&aacute;y x&aacute;t gạo, m&aacute;y xới đất, m&aacute;y tuốt l&uacute;a,... Đ&acirc;y l&agrave; c&aacute;c loại m&aacute;y được ch&uacute;ng t&ocirc;i nhập khẩu ch&iacute;nh h&atilde;ng nguy&ecirc;n chiếc, gi&uacute;p cho b&agrave; con n&ocirc;ng d&acirc;n v&agrave; c&aacute;c chủ doanh nghiệp c&oacute; thể tiết kiệm c&ocirc;ng sức lao độn, n&acirc;ng cao hiệu suất c&ocirc;ng việc sản xuất.</p>\r\n', '', '', 'english version <p>C&Ocirc;NG SUẤT CAO - GI&Aacute; CỰC TỐT</p>\r\n\r\n<p>H&Agrave;NG CH&Iacute;NH H&Atilde;NG - NHẬP KHẨU NGUY&Ecirc;N CHIẾC</p>\r\n\r\n<p>Hiệu suất cao - chất lượng tốt lu&ocirc;n l&agrave; ti&ecirc;u ch&iacute; h&agrave;ng đầu khi kh&aacute;ch h&agrave;ng t&igrave;m kiếm c&aacute;c d&ograve;ng sản phẩm m&aacute;y m&oacute;c c&ocirc;ng nghiệp.</p>\r\n\r\n<p>Thấu hiểu được điều đ&oacute;, Hợp Lực Cảng tự h&agrave;o giới thiệu đến qu&yacute; kh&aacute;ch những d&ograve;ng sản phẩm h&agrave;ng đầu trong ng&agrave;nh, bao gồm m&aacute;y ph&aacute;t điện, m&aacute;y x&aacute;t gạo, m&aacute;y xới đất v&agrave; m&aacute;y tuốt l&uacute;a.</p>\r\n\r\n<p>Tất cả c&aacute;c sản phẩm v&agrave; dịch vụ m&agrave; ch&uacute;ng t&ocirc;i cung cấp đều được kiểm tra v&agrave; đảm bảo tu&acirc;n thủ c&aacute;c ti&ecirc;u chuẩn chất lượng cao nhất</p>\r\n\r\n<p>Li&ecirc;n hệ ngay để được tư vấn v&agrave; nhận th&ocirc;ng tin chi tiết về c&aacute;c sản phẩm c&ocirc;ng nghiệp h&agrave;ng đầu của ch&uacute;ng t&ocirc;i.</p>\r\n\r\n<p>Hợp lực cảng Việt - Đối t&aacute;c đ&aacute;ng tin cậy cho c&aacute;c giải ph&aacute;p c&ocirc;ng nghiệp vượt trội!</p>\r\n', '', '', '', '', '', '', '', '', '', '', '', '', '', '', '', 0, 'en-may-xat-gao-tl-286-co-sang-rung-co-dong-co-lap-rap-san', 'Máy xát gạo TL-286 có sàng rung (có động cơ lắp ráp sẵn)', '', ''),
(4361, 2187, 'vn', 'Máy xát gạo TL-286 có mô tơ ráp sẵn (có lọc sạn 5 cấp đời mới) ', '<p>C&ocirc;ng ty TNHH Hợp Lực Cảng Việt chuy&ecirc;n cung cấp c&aacute;c loại m&oacute;c c&ocirc;ng nghiệp như m&aacute;y ph&aacute;t điện, m&aacute;y x&aacute;t gạo, m&aacute;y xới đất, m&aacute;y tuốt l&uacute;a,... Đ&acirc;y l&agrave; c&aacute;c loại m&aacute;y được ch&uacute;ng t&ocirc;i nhập khẩu ch&iacute;nh h&atilde;ng nguy&ecirc;n chiếc, gi&uacute;p cho b&agrave; con n&ocirc;ng d&acirc;n v&agrave; c&aacute;c chủ doanh nghiệp c&oacute; thể tiết kiệm c&ocirc;ng sức lao độn, n&acirc;ng cao hiệu suất c&ocirc;ng việc sản xuất.</p>\r\n', '', '', '<p>C&Ocirc;NG SUẤT CAO - GI&Aacute; CỰC TỐT</p>\r\n\r\n<p>H&Agrave;NG CH&Iacute;NH H&Atilde;NG - NHẬP KHẨU NGUY&Ecirc;N CHIẾC</p>\r\n\r\n<p>Hiệu suất cao - chất lượng tốt lu&ocirc;n l&agrave; ti&ecirc;u ch&iacute; h&agrave;ng đầu khi kh&aacute;ch h&agrave;ng t&igrave;m kiếm c&aacute;c d&ograve;ng sản phẩm m&aacute;y m&oacute;c c&ocirc;ng nghiệp.</p>\r\n\r\n<p>Thấu hiểu được điều đ&oacute;, Hợp Lực Cảng tự h&agrave;o giới thiệu đến qu&yacute; kh&aacute;ch những d&ograve;ng sản phẩm h&agrave;ng đầu trong ng&agrave;nh, bao gồm m&aacute;y ph&aacute;t điện, m&aacute;y x&aacute;t gạo, m&aacute;y xới đất v&agrave; m&aacute;y tuốt l&uacute;a.</p>\r\n\r\n<p>Tất cả c&aacute;c sản phẩm v&agrave; dịch vụ m&agrave; ch&uacute;ng t&ocirc;i cung cấp đều được kiểm tra v&agrave; đảm bảo tu&acirc;n thủ c&aacute;c ti&ecirc;u chuẩn chất lượng cao nhất</p>\r\n\r\n<p>Li&ecirc;n hệ ngay để được tư vấn v&agrave; nhận th&ocirc;ng tin chi tiết về c&aacute;c sản phẩm c&ocirc;ng nghiệp h&agrave;ng đầu của ch&uacute;ng t&ocirc;i.</p>\r\n\r\n<p>Hợp lực cảng Việt - Đối t&aacute;c đ&aacute;ng tin cậy cho c&aacute;c giải ph&aacute;p c&ocirc;ng nghiệp vượt trội!</p>\r\n', '', '', '', '', '', '', '', '', '', '', '', '', '', '', '', 0, 'may-xat-gao-tl-286-co-mo-to-rap-san-co-loc-san-5-cap-doi-moi', 'Máy xát gạo TL-286 có mô tơ ráp sẵn (có lọc sạn 5 cấp đời mới) ', '', ''),
(4362, 2187, 'en', 'english version Máy xát gạo TL-286 có mô tơ ráp sẵn (có lọc sạn 5 cấp đời mới) ', 'english version <p>C&ocirc;ng ty TNHH Hợp Lực Cảng Việt chuy&ecirc;n cung cấp c&aacute;c loại m&oacute;c c&ocirc;ng nghiệp như m&aacute;y ph&aacute;t điện, m&aacute;y x&aacute;t gạo, m&aacute;y xới đất, m&aacute;y tuốt l&uacute;a,... Đ&acirc;y l&agrave; c&aacute;c loại m&aacute;y được ch&uacute;ng t&ocirc;i nhập khẩu ch&iacute;nh h&atilde;ng nguy&ecirc;n chiếc, gi&uacute;p cho b&agrave; con n&ocirc;ng d&acirc;n v&agrave; c&aacute;c chủ doanh nghiệp c&oacute; thể tiết kiệm c&ocirc;ng sức lao độn, n&acirc;ng cao hiệu suất c&ocirc;ng việc sản xuất.</p>\r\n', '', '', 'english version <p>C&Ocirc;NG SUẤT CAO - GI&Aacute; CỰC TỐT</p>\r\n\r\n<p>H&Agrave;NG CH&Iacute;NH H&Atilde;NG - NHẬP KHẨU NGUY&Ecirc;N CHIẾC</p>\r\n\r\n<p>Hiệu suất cao - chất lượng tốt lu&ocirc;n l&agrave; ti&ecirc;u ch&iacute; h&agrave;ng đầu khi kh&aacute;ch h&agrave;ng t&igrave;m kiếm c&aacute;c d&ograve;ng sản phẩm m&aacute;y m&oacute;c c&ocirc;ng nghiệp.</p>\r\n\r\n<p>Thấu hiểu được điều đ&oacute;, Hợp Lực Cảng tự h&agrave;o giới thiệu đến qu&yacute; kh&aacute;ch những d&ograve;ng sản phẩm h&agrave;ng đầu trong ng&agrave;nh, bao gồm m&aacute;y ph&aacute;t điện, m&aacute;y x&aacute;t gạo, m&aacute;y xới đất v&agrave; m&aacute;y tuốt l&uacute;a.</p>\r\n\r\n<p>Tất cả c&aacute;c sản phẩm v&agrave; dịch vụ m&agrave; ch&uacute;ng t&ocirc;i cung cấp đều được kiểm tra v&agrave; đảm bảo tu&acirc;n thủ c&aacute;c ti&ecirc;u chuẩn chất lượng cao nhất</p>\r\n\r\n<p>Li&ecirc;n hệ ngay để được tư vấn v&agrave; nhận th&ocirc;ng tin chi tiết về c&aacute;c sản phẩm c&ocirc;ng nghiệp h&agrave;ng đầu của ch&uacute;ng t&ocirc;i.</p>\r\n\r\n<p>Hợp lực cảng Việt - Đối t&aacute;c đ&aacute;ng tin cậy cho c&aacute;c giải ph&aacute;p c&ocirc;ng nghiệp vượt trội!</p>\r\n', '', '', '', '', '', '', '', '', '', '', '', '', '', '', '', 0, 'en-may-xat-gao-tl-286-co-mo-to-rap-san-co-loc-san-5-cap-doi-moi', 'Máy xát gạo TL-286 có mô tơ ráp sẵn (có lọc sạn 5 cấp đời mới) ', '', ''),
(4363, 2188, 'vn', 'Máy xát gạo TL-226i (chưa gồm động cơ)', '<p>C&ocirc;ng ty TNHH Hợp Lực Cảng Việt chuy&ecirc;n cung cấp c&aacute;c loại m&oacute;c c&ocirc;ng nghiệp như m&aacute;y ph&aacute;t điện, m&aacute;y x&aacute;t gạo, m&aacute;y xới đất, m&aacute;y tuốt l&uacute;a,... Đ&acirc;y l&agrave; c&aacute;c loại m&aacute;y được ch&uacute;ng t&ocirc;i nhập khẩu ch&iacute;nh h&atilde;ng nguy&ecirc;n chiếc, gi&uacute;p cho b&agrave; con n&ocirc;ng d&acirc;n v&agrave; c&aacute;c chủ doanh nghiệp c&oacute; thể tiết kiệm c&ocirc;ng sức lao độn, n&acirc;ng cao hiệu suất c&ocirc;ng việc sản xuất.</p>\r\n', '', '', '<p>C&Ocirc;NG SUẤT CAO - GI&Aacute; CỰC TỐT</p>\r\n\r\n<p>H&Agrave;NG CH&Iacute;NH H&Atilde;NG - NHẬP KHẨU NGUY&Ecirc;N CHIẾC</p>\r\n\r\n<p>Hiệu suất cao - chất lượng tốt lu&ocirc;n l&agrave; ti&ecirc;u ch&iacute; h&agrave;ng đầu khi kh&aacute;ch h&agrave;ng t&igrave;m kiếm c&aacute;c d&ograve;ng sản phẩm m&aacute;y m&oacute;c c&ocirc;ng nghiệp.</p>\r\n\r\n<p>Thấu hiểu được điều đ&oacute;, Hợp Lực Cảng tự h&agrave;o giới thiệu đến qu&yacute; kh&aacute;ch những d&ograve;ng sản phẩm h&agrave;ng đầu trong ng&agrave;nh, bao gồm m&aacute;y ph&aacute;t điện, m&aacute;y x&aacute;t gạo, m&aacute;y xới đất v&agrave; m&aacute;y tuốt l&uacute;a.</p>\r\n\r\n<p>Tất cả c&aacute;c sản phẩm v&agrave; dịch vụ m&agrave; ch&uacute;ng t&ocirc;i cung cấp đều được kiểm tra v&agrave; đảm bảo tu&acirc;n thủ c&aacute;c ti&ecirc;u chuẩn chất lượng cao nhất</p>\r\n\r\n<p>Li&ecirc;n hệ ngay để được tư vấn v&agrave; nhận th&ocirc;ng tin chi tiết về c&aacute;c sản phẩm c&ocirc;ng nghiệp h&agrave;ng đầu của ch&uacute;ng t&ocirc;i.</p>\r\n\r\n<p>Hợp lực cảng Việt - Đối t&aacute;c đ&aacute;ng tin cậy cho c&aacute;c giải ph&aacute;p c&ocirc;ng nghiệp vượt trội!</p>\r\n', '', '', '', '', '', '', '', '', '', '', '', '', '', '', '', 0, 'may-xat-gao-tl-226i-chua-gom-dong-co', 'Máy xát gạo TL-226i (chưa gồm động cơ)', '', ''),
(4364, 2188, 'en', 'english version Máy xát gạo TL-226i (chưa gồm động cơ)', 'english version <p>C&ocirc;ng ty TNHH Hợp Lực Cảng Việt chuy&ecirc;n cung cấp c&aacute;c loại m&oacute;c c&ocirc;ng nghiệp như m&aacute;y ph&aacute;t điện, m&aacute;y x&aacute;t gạo, m&aacute;y xới đất, m&aacute;y tuốt l&uacute;a,... Đ&acirc;y l&agrave; c&aacute;c loại m&aacute;y được ch&uacute;ng t&ocirc;i nhập khẩu ch&iacute;nh h&atilde;ng nguy&ecirc;n chiếc, gi&uacute;p cho b&agrave; con n&ocirc;ng d&acirc;n v&agrave; c&aacute;c chủ doanh nghiệp c&oacute; thể tiết kiệm c&ocirc;ng sức lao độn, n&acirc;ng cao hiệu suất c&ocirc;ng việc sản xuất.</p>\r\n', '', '', 'english version <p>C&Ocirc;NG SUẤT CAO - GI&Aacute; CỰC TỐT</p>\r\n\r\n<p>H&Agrave;NG CH&Iacute;NH H&Atilde;NG - NHẬP KHẨU NGUY&Ecirc;N CHIẾC</p>\r\n\r\n<p>Hiệu suất cao - chất lượng tốt lu&ocirc;n l&agrave; ti&ecirc;u ch&iacute; h&agrave;ng đầu khi kh&aacute;ch h&agrave;ng t&igrave;m kiếm c&aacute;c d&ograve;ng sản phẩm m&aacute;y m&oacute;c c&ocirc;ng nghiệp.</p>\r\n\r\n<p>Thấu hiểu được điều đ&oacute;, Hợp Lực Cảng tự h&agrave;o giới thiệu đến qu&yacute; kh&aacute;ch những d&ograve;ng sản phẩm h&agrave;ng đầu trong ng&agrave;nh, bao gồm m&aacute;y ph&aacute;t điện, m&aacute;y x&aacute;t gạo, m&aacute;y xới đất v&agrave; m&aacute;y tuốt l&uacute;a.</p>\r\n\r\n<p>Tất cả c&aacute;c sản phẩm v&agrave; dịch vụ m&agrave; ch&uacute;ng t&ocirc;i cung cấp đều được kiểm tra v&agrave; đảm bảo tu&acirc;n thủ c&aacute;c ti&ecirc;u chuẩn chất lượng cao nhất</p>\r\n\r\n<p>Li&ecirc;n hệ ngay để được tư vấn v&agrave; nhận th&ocirc;ng tin chi tiết về c&aacute;c sản phẩm c&ocirc;ng nghiệp h&agrave;ng đầu của ch&uacute;ng t&ocirc;i.</p>\r\n\r\n<p>Hợp lực cảng Việt - Đối t&aacute;c đ&aacute;ng tin cậy cho c&aacute;c giải ph&aacute;p c&ocirc;ng nghiệp vượt trội!</p>\r\n', '', '', '', '', '', '', '', '', '', '', '', '', '', '', '', 0, 'en-may-xat-gao-tl-226i-chua-gom-dong-co', 'Máy xát gạo TL-226i (chưa gồm động cơ)', '', ''),
(4365, 2189, 'vn', 'Máy xát gạo TL-226e (chưa gồm động cơ)', '<p>C&ocirc;ng ty TNHH Hợp Lực Cảng Việt chuy&ecirc;n cung cấp c&aacute;c loại m&oacute;c c&ocirc;ng nghiệp như m&aacute;y ph&aacute;t điện, m&aacute;y x&aacute;t gạo, m&aacute;y xới đất, m&aacute;y tuốt l&uacute;a,... Đ&acirc;y l&agrave; c&aacute;c loại m&aacute;y được ch&uacute;ng t&ocirc;i nhập khẩu ch&iacute;nh h&atilde;ng nguy&ecirc;n chiếc, gi&uacute;p cho b&agrave; con n&ocirc;ng d&acirc;n v&agrave; c&aacute;c chủ doanh nghiệp c&oacute; thể tiết kiệm c&ocirc;ng sức lao độn, n&acirc;ng cao hiệu suất c&ocirc;ng việc sản xuất.</p>\r\n', '', '', '<p>C&Ocirc;NG SUẤT CAO - GI&Aacute; CỰC TỐT</p>\r\n\r\n<p>H&Agrave;NG CH&Iacute;NH H&Atilde;NG - NHẬP KHẨU NGUY&Ecirc;N CHIẾC</p>\r\n\r\n<p>Hiệu suất cao - chất lượng tốt lu&ocirc;n l&agrave; ti&ecirc;u ch&iacute; h&agrave;ng đầu khi kh&aacute;ch h&agrave;ng t&igrave;m kiếm c&aacute;c d&ograve;ng sản phẩm m&aacute;y m&oacute;c c&ocirc;ng nghiệp.</p>\r\n\r\n<p>Thấu hiểu được điều đ&oacute;, Hợp Lực Cảng tự h&agrave;o giới thiệu đến qu&yacute; kh&aacute;ch những d&ograve;ng sản phẩm h&agrave;ng đầu trong ng&agrave;nh, bao gồm m&aacute;y ph&aacute;t điện, m&aacute;y x&aacute;t gạo, m&aacute;y xới đất v&agrave; m&aacute;y tuốt l&uacute;a.</p>\r\n\r\n<p>Tất cả c&aacute;c sản phẩm v&agrave; dịch vụ m&agrave; ch&uacute;ng t&ocirc;i cung cấp đều được kiểm tra v&agrave; đảm bảo tu&acirc;n thủ c&aacute;c ti&ecirc;u chuẩn chất lượng cao nhất</p>\r\n\r\n<p>Li&ecirc;n hệ ngay để được tư vấn v&agrave; nhận th&ocirc;ng tin chi tiết về c&aacute;c sản phẩm c&ocirc;ng nghiệp h&agrave;ng đầu của ch&uacute;ng t&ocirc;i.</p>\r\n\r\n<p>Hợp lực cảng Việt - Đối t&aacute;c đ&aacute;ng tin cậy cho c&aacute;c giải ph&aacute;p c&ocirc;ng nghiệp vượt trội!</p>\r\n', '', '', '', '', '', '', '', '', '', '', '', '', '', '', '', 0, 'may-xat-gao-tl-226e-chua-gom-dong-co', 'Máy xát gạo TL-226e (chưa gồm động cơ)', '', ''),
(4366, 2189, 'en', 'english version Máy xát gạo TL-226e (chưa gồm động cơ)', 'english version <p>C&ocirc;ng ty TNHH Hợp Lực Cảng Việt chuy&ecirc;n cung cấp c&aacute;c loại m&oacute;c c&ocirc;ng nghiệp như m&aacute;y ph&aacute;t điện, m&aacute;y x&aacute;t gạo, m&aacute;y xới đất, m&aacute;y tuốt l&uacute;a,... Đ&acirc;y l&agrave; c&aacute;c loại m&aacute;y được ch&uacute;ng t&ocirc;i nhập khẩu ch&iacute;nh h&atilde;ng nguy&ecirc;n chiếc, gi&uacute;p cho b&agrave; con n&ocirc;ng d&acirc;n v&agrave; c&aacute;c chủ doanh nghiệp c&oacute; thể tiết kiệm c&ocirc;ng sức lao độn, n&acirc;ng cao hiệu suất c&ocirc;ng việc sản xuất.</p>\r\n', '', '', 'english version <p>C&Ocirc;NG SUẤT CAO - GI&Aacute; CỰC TỐT</p>\r\n\r\n<p>H&Agrave;NG CH&Iacute;NH H&Atilde;NG - NHẬP KHẨU NGUY&Ecirc;N CHIẾC</p>\r\n\r\n<p>Hiệu suất cao - chất lượng tốt lu&ocirc;n l&agrave; ti&ecirc;u ch&iacute; h&agrave;ng đầu khi kh&aacute;ch h&agrave;ng t&igrave;m kiếm c&aacute;c d&ograve;ng sản phẩm m&aacute;y m&oacute;c c&ocirc;ng nghiệp.</p>\r\n\r\n<p>Thấu hiểu được điều đ&oacute;, Hợp Lực Cảng tự h&agrave;o giới thiệu đến qu&yacute; kh&aacute;ch những d&ograve;ng sản phẩm h&agrave;ng đầu trong ng&agrave;nh, bao gồm m&aacute;y ph&aacute;t điện, m&aacute;y x&aacute;t gạo, m&aacute;y xới đất v&agrave; m&aacute;y tuốt l&uacute;a.</p>\r\n\r\n<p>Tất cả c&aacute;c sản phẩm v&agrave; dịch vụ m&agrave; ch&uacute;ng t&ocirc;i cung cấp đều được kiểm tra v&agrave; đảm bảo tu&acirc;n thủ c&aacute;c ti&ecirc;u chuẩn chất lượng cao nhất</p>\r\n\r\n<p>Li&ecirc;n hệ ngay để được tư vấn v&agrave; nhận th&ocirc;ng tin chi tiết về c&aacute;c sản phẩm c&ocirc;ng nghiệp h&agrave;ng đầu của ch&uacute;ng t&ocirc;i.</p>\r\n\r\n<p>Hợp lực cảng Việt - Đối t&aacute;c đ&aacute;ng tin cậy cho c&aacute;c giải ph&aacute;p c&ocirc;ng nghiệp vượt trội!</p>\r\n', '', '', '', '', '', '', '', '', '', '', '', '', '', '', '', 0, 'en-may-xat-gao-tl-226e-chua-gom-dong-co', 'Máy xát gạo TL-226e (chưa gồm động cơ)', '', ''),
(4367, 2190, 'vn', 'Máy xát gạo TL-226e (đơn)', '<p>C&ocirc;ng ty TNHH Hợp Lực Cảng Việt chuy&ecirc;n cung cấp c&aacute;c loại m&oacute;c c&ocirc;ng nghiệp như m&aacute;y ph&aacute;t điện, m&aacute;y x&aacute;t gạo, m&aacute;y xới đất, m&aacute;y tuốt l&uacute;a,... Đ&acirc;y l&agrave; c&aacute;c loại m&aacute;y được ch&uacute;ng t&ocirc;i nhập khẩu ch&iacute;nh h&atilde;ng nguy&ecirc;n chiếc, gi&uacute;p cho b&agrave; con n&ocirc;ng d&acirc;n v&agrave; c&aacute;c chủ doanh nghiệp c&oacute; thể tiết kiệm c&ocirc;ng sức lao độn, n&acirc;ng cao hiệu suất c&ocirc;ng việc sản xuất.</p>\r\n', '', '', '<p>C&Ocirc;NG SUẤT CAO - GI&Aacute; CỰC TỐT</p>\r\n\r\n<p>H&Agrave;NG CH&Iacute;NH H&Atilde;NG - NHẬP KHẨU NGUY&Ecirc;N CHIẾC</p>\r\n\r\n<p>Hiệu suất cao - chất lượng tốt lu&ocirc;n l&agrave; ti&ecirc;u ch&iacute; h&agrave;ng đầu khi kh&aacute;ch h&agrave;ng t&igrave;m kiếm c&aacute;c d&ograve;ng sản phẩm m&aacute;y m&oacute;c c&ocirc;ng nghiệp.</p>\r\n\r\n<p>Thấu hiểu được điều đ&oacute;, Hợp Lực Cảng tự h&agrave;o giới thiệu đến qu&yacute; kh&aacute;ch những d&ograve;ng sản phẩm h&agrave;ng đầu trong ng&agrave;nh, bao gồm m&aacute;y ph&aacute;t điện, m&aacute;y x&aacute;t gạo, m&aacute;y xới đất v&agrave; m&aacute;y tuốt l&uacute;a.</p>\r\n\r\n<p>Tất cả c&aacute;c sản phẩm v&agrave; dịch vụ m&agrave; ch&uacute;ng t&ocirc;i cung cấp đều được kiểm tra v&agrave; đảm bảo tu&acirc;n thủ c&aacute;c ti&ecirc;u chuẩn chất lượng cao nhất</p>\r\n\r\n<p>Li&ecirc;n hệ ngay để được tư vấn v&agrave; nhận th&ocirc;ng tin chi tiết về c&aacute;c sản phẩm c&ocirc;ng nghiệp h&agrave;ng đầu của ch&uacute;ng t&ocirc;i.</p>\r\n\r\n<p>Hợp lực cảng Việt - Đối t&aacute;c đ&aacute;ng tin cậy cho c&aacute;c giải ph&aacute;p c&ocirc;ng nghiệp vượt trội!</p>\r\n', '', '', '', '', '', '', '', '', '', '', '', '', '', '', '', 0, 'may-xat-gao-tl-226e-don', 'Máy xát gạo TL-226e (đơn)', '', ''),
(4368, 2190, 'en', 'english version Máy xát gạo TL-226e (chưa gồm động cơ)', 'english version <p>C&ocirc;ng ty TNHH Hợp Lực Cảng Việt chuy&ecirc;n cung cấp c&aacute;c loại m&oacute;c c&ocirc;ng nghiệp như m&aacute;y ph&aacute;t điện, m&aacute;y x&aacute;t gạo, m&aacute;y xới đất, m&aacute;y tuốt l&uacute;a,... Đ&acirc;y l&agrave; c&aacute;c loại m&aacute;y được ch&uacute;ng t&ocirc;i nhập khẩu ch&iacute;nh h&atilde;ng nguy&ecirc;n chiếc, gi&uacute;p cho b&agrave; con n&ocirc;ng d&acirc;n v&agrave; c&aacute;c chủ doanh nghiệp c&oacute; thể tiết kiệm c&ocirc;ng sức lao độn, n&acirc;ng cao hiệu suất c&ocirc;ng việc sản xuất.</p>\r\n', '', '', 'english version <p>C&Ocirc;NG SUẤT CAO - GI&Aacute; CỰC TỐT</p>\r\n\r\n<p>H&Agrave;NG CH&Iacute;NH H&Atilde;NG - NHẬP KHẨU NGUY&Ecirc;N CHIẾC</p>\r\n\r\n<p>Hiệu suất cao - chất lượng tốt lu&ocirc;n l&agrave; ti&ecirc;u ch&iacute; h&agrave;ng đầu khi kh&aacute;ch h&agrave;ng t&igrave;m kiếm c&aacute;c d&ograve;ng sản phẩm m&aacute;y m&oacute;c c&ocirc;ng nghiệp.</p>\r\n\r\n<p>Thấu hiểu được điều đ&oacute;, Hợp Lực Cảng tự h&agrave;o giới thiệu đến qu&yacute; kh&aacute;ch những d&ograve;ng sản phẩm h&agrave;ng đầu trong ng&agrave;nh, bao gồm m&aacute;y ph&aacute;t điện, m&aacute;y x&aacute;t gạo, m&aacute;y xới đất v&agrave; m&aacute;y tuốt l&uacute;a.</p>\r\n\r\n<p>Tất cả c&aacute;c sản phẩm v&agrave; dịch vụ m&agrave; ch&uacute;ng t&ocirc;i cung cấp đều được kiểm tra v&agrave; đảm bảo tu&acirc;n thủ c&aacute;c ti&ecirc;u chuẩn chất lượng cao nhất</p>\r\n\r\n<p>Li&ecirc;n hệ ngay để được tư vấn v&agrave; nhận th&ocirc;ng tin chi tiết về c&aacute;c sản phẩm c&ocirc;ng nghiệp h&agrave;ng đầu của ch&uacute;ng t&ocirc;i.</p>\r\n\r\n<p>Hợp lực cảng Việt - Đối t&aacute;c đ&aacute;ng tin cậy cho c&aacute;c giải ph&aacute;p c&ocirc;ng nghiệp vượt trội!</p>\r\n', '', '', '', '', '', '', '', '', '', '', '', '', '', '', '', 0, 'en-may-xat-gao-tl-226e-chua-gom-dong-co-1', 'Máy xát gạo TL-226e (chưa gồm động cơ)', '', ''),
(4369, 2191, 'vn', 'Máy xát gạo TL-226 (chưa gồm động cơ)', '<p>C&ocirc;ng ty TNHH Hợp Lực Cảng Việt chuy&ecirc;n cung cấp c&aacute;c loại m&oacute;c c&ocirc;ng nghiệp như m&aacute;y ph&aacute;t điện, m&aacute;y x&aacute;t gạo, m&aacute;y xới đất, m&aacute;y tuốt l&uacute;a,... Đ&acirc;y l&agrave; c&aacute;c loại m&aacute;y được ch&uacute;ng t&ocirc;i nhập khẩu ch&iacute;nh h&atilde;ng nguy&ecirc;n chiếc, gi&uacute;p cho b&agrave; con n&ocirc;ng d&acirc;n v&agrave; c&aacute;c chủ doanh nghiệp c&oacute; thể tiết kiệm c&ocirc;ng sức lao độn, n&acirc;ng cao hiệu suất c&ocirc;ng việc sản xuất.</p>\r\n', '', '', '<p>C&Ocirc;NG SUẤT CAO - GI&Aacute; CỰC TỐT</p>\r\n\r\n<p>H&Agrave;NG CH&Iacute;NH H&Atilde;NG - NHẬP KHẨU NGUY&Ecirc;N CHIẾC</p>\r\n\r\n<p>Hiệu suất cao - chất lượng tốt lu&ocirc;n l&agrave; ti&ecirc;u ch&iacute; h&agrave;ng đầu khi kh&aacute;ch h&agrave;ng t&igrave;m kiếm c&aacute;c d&ograve;ng sản phẩm m&aacute;y m&oacute;c c&ocirc;ng nghiệp.</p>\r\n\r\n<p>Thấu hiểu được điều đ&oacute;, Hợp Lực Cảng tự h&agrave;o giới thiệu đến qu&yacute; kh&aacute;ch những d&ograve;ng sản phẩm h&agrave;ng đầu trong ng&agrave;nh, bao gồm m&aacute;y ph&aacute;t điện, m&aacute;y x&aacute;t gạo, m&aacute;y xới đất v&agrave; m&aacute;y tuốt l&uacute;a.</p>\r\n\r\n<p>Tất cả c&aacute;c sản phẩm v&agrave; dịch vụ m&agrave; ch&uacute;ng t&ocirc;i cung cấp đều được kiểm tra v&agrave; đảm bảo tu&acirc;n thủ c&aacute;c ti&ecirc;u chuẩn chất lượng cao nhất</p>\r\n\r\n<p>Li&ecirc;n hệ ngay để được tư vấn v&agrave; nhận th&ocirc;ng tin chi tiết về c&aacute;c sản phẩm c&ocirc;ng nghiệp h&agrave;ng đầu của ch&uacute;ng t&ocirc;i.</p>\r\n\r\n<p>Hợp lực cảng Việt - Đối t&aacute;c đ&aacute;ng tin cậy cho c&aacute;c giải ph&aacute;p c&ocirc;ng nghiệp vượt trội!</p>\r\n', '', '', '', '', '', '', '', '', '', '', '', '', '', '', '', 0, 'may-xat-gao-tl-226-chua-gom-dong-co', 'Máy xát gạo TL-226 (chưa gồm động cơ)', '', ''),
(4370, 2191, 'en', 'english version Máy xát gạo TL-226 (chưa gồm động cơ)', 'english version <p>C&ocirc;ng ty TNHH Hợp Lực Cảng Việt chuy&ecirc;n cung cấp c&aacute;c loại m&oacute;c c&ocirc;ng nghiệp như m&aacute;y ph&aacute;t điện, m&aacute;y x&aacute;t gạo, m&aacute;y xới đất, m&aacute;y tuốt l&uacute;a,... Đ&acirc;y l&agrave; c&aacute;c loại m&aacute;y được ch&uacute;ng t&ocirc;i nhập khẩu ch&iacute;nh h&atilde;ng nguy&ecirc;n chiếc, gi&uacute;p cho b&agrave; con n&ocirc;ng d&acirc;n v&agrave; c&aacute;c chủ doanh nghiệp c&oacute; thể tiết kiệm c&ocirc;ng sức lao độn, n&acirc;ng cao hiệu suất c&ocirc;ng việc sản xuất.</p>\r\n', '', '', 'english version <p>C&Ocirc;NG SUẤT CAO - GI&Aacute; CỰC TỐT</p>\r\n\r\n<p>H&Agrave;NG CH&Iacute;NH H&Atilde;NG - NHẬP KHẨU NGUY&Ecirc;N CHIẾC</p>\r\n\r\n<p>Hiệu suất cao - chất lượng tốt lu&ocirc;n l&agrave; ti&ecirc;u ch&iacute; h&agrave;ng đầu khi kh&aacute;ch h&agrave;ng t&igrave;m kiếm c&aacute;c d&ograve;ng sản phẩm m&aacute;y m&oacute;c c&ocirc;ng nghiệp.</p>\r\n\r\n<p>Thấu hiểu được điều đ&oacute;, Hợp Lực Cảng tự h&agrave;o giới thiệu đến qu&yacute; kh&aacute;ch những d&ograve;ng sản phẩm h&agrave;ng đầu trong ng&agrave;nh, bao gồm m&aacute;y ph&aacute;t điện, m&aacute;y x&aacute;t gạo, m&aacute;y xới đất v&agrave; m&aacute;y tuốt l&uacute;a.</p>\r\n\r\n<p>Tất cả c&aacute;c sản phẩm v&agrave; dịch vụ m&agrave; ch&uacute;ng t&ocirc;i cung cấp đều được kiểm tra v&agrave; đảm bảo tu&acirc;n thủ c&aacute;c ti&ecirc;u chuẩn chất lượng cao nhất</p>\r\n\r\n<p>Li&ecirc;n hệ ngay để được tư vấn v&agrave; nhận th&ocirc;ng tin chi tiết về c&aacute;c sản phẩm c&ocirc;ng nghiệp h&agrave;ng đầu của ch&uacute;ng t&ocirc;i.</p>\r\n\r\n<p>Hợp lực cảng Việt - Đối t&aacute;c đ&aacute;ng tin cậy cho c&aacute;c giải ph&aacute;p c&ocirc;ng nghiệp vượt trội!</p>\r\n', '', '', '', '', '', '', '', '', '', '', '', '', '', '', '', 0, 'en-may-xat-gao-tl-226-chua-gom-dong-co', 'Máy xát gạo TL-226 (chưa gồm động cơ)', '', ''),
(4371, 2192, 'vn', 'Máy xát gạo TL-168 (chưa gồm động cơ)', '<p>C&ocirc;ng ty TNHH Hợp Lực Cảng Việt chuy&ecirc;n cung cấp c&aacute;c loại m&oacute;c c&ocirc;ng nghiệp như m&aacute;y ph&aacute;t điện, m&aacute;y x&aacute;t gạo, m&aacute;y xới đất, m&aacute;y tuốt l&uacute;a,... Đ&acirc;y l&agrave; c&aacute;c loại m&aacute;y được ch&uacute;ng t&ocirc;i nhập khẩu ch&iacute;nh h&atilde;ng nguy&ecirc;n chiếc, gi&uacute;p cho b&agrave; con n&ocirc;ng d&acirc;n v&agrave; c&aacute;c chủ doanh nghiệp c&oacute; thể tiết kiệm c&ocirc;ng sức lao độn, n&acirc;ng cao hiệu suất c&ocirc;ng việc sản xuất.</p>\r\n', '', '', '<p>C&Ocirc;NG SUẤT CAO - GI&Aacute; CỰC TỐT</p>\r\n\r\n<p>H&Agrave;NG CH&Iacute;NH H&Atilde;NG - NHẬP KHẨU NGUY&Ecirc;N CHIẾC</p>\r\n\r\n<p>Hiệu suất cao - chất lượng tốt lu&ocirc;n l&agrave; ti&ecirc;u ch&iacute; h&agrave;ng đầu khi kh&aacute;ch h&agrave;ng t&igrave;m kiếm c&aacute;c d&ograve;ng sản phẩm m&aacute;y m&oacute;c c&ocirc;ng nghiệp.</p>\r\n\r\n<p>Thấu hiểu được điều đ&oacute;, Hợp Lực Cảng tự h&agrave;o giới thiệu đến qu&yacute; kh&aacute;ch những d&ograve;ng sản phẩm h&agrave;ng đầu trong ng&agrave;nh, bao gồm m&aacute;y ph&aacute;t điện, m&aacute;y x&aacute;t gạo, m&aacute;y xới đất v&agrave; m&aacute;y tuốt l&uacute;a.</p>\r\n\r\n<p>Tất cả c&aacute;c sản phẩm v&agrave; dịch vụ m&agrave; ch&uacute;ng t&ocirc;i cung cấp đều được kiểm tra v&agrave; đảm bảo tu&acirc;n thủ c&aacute;c ti&ecirc;u chuẩn chất lượng cao nhất</p>\r\n\r\n<p>Li&ecirc;n hệ ngay để được tư vấn v&agrave; nhận th&ocirc;ng tin chi tiết về c&aacute;c sản phẩm c&ocirc;ng nghiệp h&agrave;ng đầu của ch&uacute;ng t&ocirc;i.</p>\r\n\r\n<p>Hợp lực cảng Việt - Đối t&aacute;c đ&aacute;ng tin cậy cho c&aacute;c giải ph&aacute;p c&ocirc;ng nghiệp vượt trội!</p>\r\n', '', '', '', '', '', '', '', '', '', '', '', '', '', '', '', 0, 'may-xat-gao-tl-168-chua-gom-dong-co', 'Máy xát gạo TL-168 (chưa gồm động cơ)', '', ''),
(4372, 2192, 'en', 'english version Máy xát gạo TL-168 (chưa gồm động cơ)', 'english version <p>C&ocirc;ng ty TNHH Hợp Lực Cảng Việt chuy&ecirc;n cung cấp c&aacute;c loại m&oacute;c c&ocirc;ng nghiệp như m&aacute;y ph&aacute;t điện, m&aacute;y x&aacute;t gạo, m&aacute;y xới đất, m&aacute;y tuốt l&uacute;a,... Đ&acirc;y l&agrave; c&aacute;c loại m&aacute;y được ch&uacute;ng t&ocirc;i nhập khẩu ch&iacute;nh h&atilde;ng nguy&ecirc;n chiếc, gi&uacute;p cho b&agrave; con n&ocirc;ng d&acirc;n v&agrave; c&aacute;c chủ doanh nghiệp c&oacute; thể tiết kiệm c&ocirc;ng sức lao độn, n&acirc;ng cao hiệu suất c&ocirc;ng việc sản xuất.</p>\r\n', '', '', 'english version <p>C&Ocirc;NG SUẤT CAO - GI&Aacute; CỰC TỐT</p>\r\n\r\n<p>H&Agrave;NG CH&Iacute;NH H&Atilde;NG - NHẬP KHẨU NGUY&Ecirc;N CHIẾC</p>\r\n\r\n<p>Hiệu suất cao - chất lượng tốt lu&ocirc;n l&agrave; ti&ecirc;u ch&iacute; h&agrave;ng đầu khi kh&aacute;ch h&agrave;ng t&igrave;m kiếm c&aacute;c d&ograve;ng sản phẩm m&aacute;y m&oacute;c c&ocirc;ng nghiệp.</p>\r\n\r\n<p>Thấu hiểu được điều đ&oacute;, Hợp Lực Cảng tự h&agrave;o giới thiệu đến qu&yacute; kh&aacute;ch những d&ograve;ng sản phẩm h&agrave;ng đầu trong ng&agrave;nh, bao gồm m&aacute;y ph&aacute;t điện, m&aacute;y x&aacute;t gạo, m&aacute;y xới đất v&agrave; m&aacute;y tuốt l&uacute;a.</p>\r\n\r\n<p>Tất cả c&aacute;c sản phẩm v&agrave; dịch vụ m&agrave; ch&uacute;ng t&ocirc;i cung cấp đều được kiểm tra v&agrave; đảm bảo tu&acirc;n thủ c&aacute;c ti&ecirc;u chuẩn chất lượng cao nhất</p>\r\n\r\n<p>Li&ecirc;n hệ ngay để được tư vấn v&agrave; nhận th&ocirc;ng tin chi tiết về c&aacute;c sản phẩm c&ocirc;ng nghiệp h&agrave;ng đầu của ch&uacute;ng t&ocirc;i.</p>\r\n\r\n<p>Hợp lực cảng Việt - Đối t&aacute;c đ&aacute;ng tin cậy cho c&aacute;c giải ph&aacute;p c&ocirc;ng nghiệp vượt trội!</p>\r\n', '', '', '', '', '', '', '', '', '', '', '', '', '', '', '', 0, 'en-may-xat-gao-tl-168-chua-gom-dong-co', 'Máy xát gạo TL-168 (chưa gồm động cơ)', '', ''),
(4373, 2193, 'vn', 'Máy xát gạo TL-168 đảo chiều (chưa gồm động cơ)', '<p>C&ocirc;ng ty TNHH Hợp Lực Cảng Việt chuy&ecirc;n cung cấp c&aacute;c loại m&oacute;c c&ocirc;ng nghiệp như m&aacute;y ph&aacute;t điện, m&aacute;y x&aacute;t gạo, m&aacute;y xới đất, m&aacute;y tuốt l&uacute;a,... Đ&acirc;y l&agrave; c&aacute;c loại m&aacute;y được ch&uacute;ng t&ocirc;i nhập khẩu ch&iacute;nh h&atilde;ng nguy&ecirc;n chiếc, gi&uacute;p cho b&agrave; con n&ocirc;ng d&acirc;n v&agrave; c&aacute;c chủ doanh nghiệp c&oacute; thể tiết kiệm c&ocirc;ng sức lao độn, n&acirc;ng cao hiệu suất c&ocirc;ng việc sản xuất.</p>\r\n', '', '', '<p>C&Ocirc;NG SUẤT CAO - GI&Aacute; CỰC TỐT</p>\r\n\r\n<p>H&Agrave;NG CH&Iacute;NH H&Atilde;NG - NHẬP KHẨU NGUY&Ecirc;N CHIẾC</p>\r\n\r\n<p>Hiệu suất cao - chất lượng tốt lu&ocirc;n l&agrave; ti&ecirc;u ch&iacute; h&agrave;ng đầu khi kh&aacute;ch h&agrave;ng t&igrave;m kiếm c&aacute;c d&ograve;ng sản phẩm m&aacute;y m&oacute;c c&ocirc;ng nghiệp.</p>\r\n\r\n<p>Thấu hiểu được điều đ&oacute;, Hợp Lực Cảng tự h&agrave;o giới thiệu đến qu&yacute; kh&aacute;ch những d&ograve;ng sản phẩm h&agrave;ng đầu trong ng&agrave;nh, bao gồm m&aacute;y ph&aacute;t điện, m&aacute;y x&aacute;t gạo, m&aacute;y xới đất v&agrave; m&aacute;y tuốt l&uacute;a.</p>\r\n\r\n<p>Tất cả c&aacute;c sản phẩm v&agrave; dịch vụ m&agrave; ch&uacute;ng t&ocirc;i cung cấp đều được kiểm tra v&agrave; đảm bảo tu&acirc;n thủ c&aacute;c ti&ecirc;u chuẩn chất lượng cao nhất</p>\r\n\r\n<p>Li&ecirc;n hệ ngay để được tư vấn v&agrave; nhận th&ocirc;ng tin chi tiết về c&aacute;c sản phẩm c&ocirc;ng nghiệp h&agrave;ng đầu của ch&uacute;ng t&ocirc;i.</p>\r\n\r\n<p>Hợp lực cảng Việt - Đối t&aacute;c đ&aacute;ng tin cậy cho c&aacute;c giải ph&aacute;p c&ocirc;ng nghiệp vượt trội!</p>\r\n', '', '', '', '', '', '', '', '', '', '', '', '', '', '', '', 0, 'may-xat-gao-tl-168-dao-chieu-chua-gom-dong-co', 'Máy xát gạo TL-168 đảo chiều (chưa gồm động cơ)', '', ''),
(4374, 2193, 'en', 'english version Máy xát gạo TL-168 đảo chiều (chưa gồm động cơ)', 'english version <p>C&ocirc;ng ty TNHH Hợp Lực Cảng Việt chuy&ecirc;n cung cấp c&aacute;c loại m&oacute;c c&ocirc;ng nghiệp như m&aacute;y ph&aacute;t điện, m&aacute;y x&aacute;t gạo, m&aacute;y xới đất, m&aacute;y tuốt l&uacute;a,... Đ&acirc;y l&agrave; c&aacute;c loại m&aacute;y được ch&uacute;ng t&ocirc;i nhập khẩu ch&iacute;nh h&atilde;ng nguy&ecirc;n chiếc, gi&uacute;p cho b&agrave; con n&ocirc;ng d&acirc;n v&agrave; c&aacute;c chủ doanh nghiệp c&oacute; thể tiết kiệm c&ocirc;ng sức lao độn, n&acirc;ng cao hiệu suất c&ocirc;ng việc sản xuất.</p>\r\n', '', '', 'english version <p>C&Ocirc;NG SUẤT CAO - GI&Aacute; CỰC TỐT</p>\r\n\r\n<p>H&Agrave;NG CH&Iacute;NH H&Atilde;NG - NHẬP KHẨU NGUY&Ecirc;N CHIẾC</p>\r\n\r\n<p>Hiệu suất cao - chất lượng tốt lu&ocirc;n l&agrave; ti&ecirc;u ch&iacute; h&agrave;ng đầu khi kh&aacute;ch h&agrave;ng t&igrave;m kiếm c&aacute;c d&ograve;ng sản phẩm m&aacute;y m&oacute;c c&ocirc;ng nghiệp.</p>\r\n\r\n<p>Thấu hiểu được điều đ&oacute;, Hợp Lực Cảng tự h&agrave;o giới thiệu đến qu&yacute; kh&aacute;ch những d&ograve;ng sản phẩm h&agrave;ng đầu trong ng&agrave;nh, bao gồm m&aacute;y ph&aacute;t điện, m&aacute;y x&aacute;t gạo, m&aacute;y xới đất v&agrave; m&aacute;y tuốt l&uacute;a.</p>\r\n\r\n<p>Tất cả c&aacute;c sản phẩm v&agrave; dịch vụ m&agrave; ch&uacute;ng t&ocirc;i cung cấp đều được kiểm tra v&agrave; đảm bảo tu&acirc;n thủ c&aacute;c ti&ecirc;u chuẩn chất lượng cao nhất</p>\r\n\r\n<p>Li&ecirc;n hệ ngay để được tư vấn v&agrave; nhận th&ocirc;ng tin chi tiết về c&aacute;c sản phẩm c&ocirc;ng nghiệp h&agrave;ng đầu của ch&uacute;ng t&ocirc;i.</p>\r\n\r\n<p>Hợp lực cảng Việt - Đối t&aacute;c đ&aacute;ng tin cậy cho c&aacute;c giải ph&aacute;p c&ocirc;ng nghiệp vượt trội!</p>\r\n', '', '', '', '', '', '', '', '', '', '', '', '', '', '', '', 0, 'en-may-xat-gao-tl-168-dao-chieu-chua-gom-dong-co', 'Máy xát gạo TL-168 đảo chiều (chưa gồm động cơ)', '', '');
INSERT INTO `product_languages` (`id`, `product_id`, `languages_code`, `lang_product_name`, `lang_product_des`, `lang_product_des2`, `lang_product_des3`, `lang_product_content`, `lang_product_content2`, `lang_product_content3`, `lang_product_code`, `lang_product_original`, `lang_product_size`, `lang_product_package`, `lang_product_delivery`, `lang_product_delivery_time`, `lang_product_payment`, `lang_product_payment_type`, `lang_product_sub_info1`, `lang_product_sub_info2`, `lang_product_sub_info3`, `lang_product_sub_info4`, `lang_product_sub_info5`, `edit_state`, `friendly_url`, `title_seo`, `des_seo`, `keyword`) VALUES
(4375, 2194, 'vn', 'Máy xát gạo TL-56 (chưa gồm động cơ)', '<p>C&ocirc;ng ty TNHH Hợp Lực Cảng Việt chuy&ecirc;n cung cấp c&aacute;c loại m&oacute;c c&ocirc;ng nghiệp như m&aacute;y ph&aacute;t điện, m&aacute;y x&aacute;t gạo, m&aacute;y xới đất, m&aacute;y tuốt l&uacute;a,... Đ&acirc;y l&agrave; c&aacute;c loại m&aacute;y được ch&uacute;ng t&ocirc;i nhập khẩu ch&iacute;nh h&atilde;ng nguy&ecirc;n chiếc, gi&uacute;p cho b&agrave; con n&ocirc;ng d&acirc;n v&agrave; c&aacute;c chủ doanh nghiệp c&oacute; thể tiết kiệm c&ocirc;ng sức lao độn, n&acirc;ng cao hiệu suất c&ocirc;ng việc sản xuất.</p>\r\n', '', '', '<p>C&Ocirc;NG SUẤT CAO - GI&Aacute; CỰC TỐT</p>\r\n\r\n<p>H&Agrave;NG CH&Iacute;NH H&Atilde;NG - NHẬP KHẨU NGUY&Ecirc;N CHIẾC</p>\r\n\r\n<p>Hiệu suất cao - chất lượng tốt lu&ocirc;n l&agrave; ti&ecirc;u ch&iacute; h&agrave;ng đầu khi kh&aacute;ch h&agrave;ng t&igrave;m kiếm c&aacute;c d&ograve;ng sản phẩm m&aacute;y m&oacute;c c&ocirc;ng nghiệp.</p>\r\n\r\n<p>Thấu hiểu được điều đ&oacute;, Hợp Lực Cảng tự h&agrave;o giới thiệu đến qu&yacute; kh&aacute;ch những d&ograve;ng sản phẩm h&agrave;ng đầu trong ng&agrave;nh, bao gồm m&aacute;y ph&aacute;t điện, m&aacute;y x&aacute;t gạo, m&aacute;y xới đất v&agrave; m&aacute;y tuốt l&uacute;a.</p>\r\n\r\n<p>Tất cả c&aacute;c sản phẩm v&agrave; dịch vụ m&agrave; ch&uacute;ng t&ocirc;i cung cấp đều được kiểm tra v&agrave; đảm bảo tu&acirc;n thủ c&aacute;c ti&ecirc;u chuẩn chất lượng cao nhất</p>\r\n\r\n<p>Li&ecirc;n hệ ngay để được tư vấn v&agrave; nhận th&ocirc;ng tin chi tiết về c&aacute;c sản phẩm c&ocirc;ng nghiệp h&agrave;ng đầu của ch&uacute;ng t&ocirc;i.</p>\r\n\r\n<p>Hợp lực cảng Việt - Đối t&aacute;c đ&aacute;ng tin cậy cho c&aacute;c giải ph&aacute;p c&ocirc;ng nghiệp vượt trội!</p>\r\n', '', '', '', '', '', '', '', '', '', '', '', '', '', '', '', 0, 'may-xat-gao-tl-56-chua-gom-dong-co-1', 'Máy xát gạo TL-56 (chưa gồm động cơ)', '', ''),
(4376, 2194, 'en', 'english version Máy xát gạo TL-56 (chưa gồm động cơ)', 'english version <p>C&ocirc;ng ty TNHH Hợp Lực Cảng Việt chuy&ecirc;n cung cấp c&aacute;c loại m&oacute;c c&ocirc;ng nghiệp như m&aacute;y ph&aacute;t điện, m&aacute;y x&aacute;t gạo, m&aacute;y xới đất, m&aacute;y tuốt l&uacute;a,... Đ&acirc;y l&agrave; c&aacute;c loại m&aacute;y được ch&uacute;ng t&ocirc;i nhập khẩu ch&iacute;nh h&atilde;ng nguy&ecirc;n chiếc, gi&uacute;p cho b&agrave; con n&ocirc;ng d&acirc;n v&agrave; c&aacute;c chủ doanh nghiệp c&oacute; thể tiết kiệm c&ocirc;ng sức lao độn, n&acirc;ng cao hiệu suất c&ocirc;ng việc sản xuất.</p>\r\n', '', '', 'english version <p>C&Ocirc;NG SUẤT CAO - GI&Aacute; CỰC TỐT</p>\r\n\r\n<p>H&Agrave;NG CH&Iacute;NH H&Atilde;NG - NHẬP KHẨU NGUY&Ecirc;N CHIẾC</p>\r\n\r\n<p>Hiệu suất cao - chất lượng tốt lu&ocirc;n l&agrave; ti&ecirc;u ch&iacute; h&agrave;ng đầu khi kh&aacute;ch h&agrave;ng t&igrave;m kiếm c&aacute;c d&ograve;ng sản phẩm m&aacute;y m&oacute;c c&ocirc;ng nghiệp.</p>\r\n\r\n<p>Thấu hiểu được điều đ&oacute;, Hợp Lực Cảng tự h&agrave;o giới thiệu đến qu&yacute; kh&aacute;ch những d&ograve;ng sản phẩm h&agrave;ng đầu trong ng&agrave;nh, bao gồm m&aacute;y ph&aacute;t điện, m&aacute;y x&aacute;t gạo, m&aacute;y xới đất v&agrave; m&aacute;y tuốt l&uacute;a.</p>\r\n\r\n<p>Tất cả c&aacute;c sản phẩm v&agrave; dịch vụ m&agrave; ch&uacute;ng t&ocirc;i cung cấp đều được kiểm tra v&agrave; đảm bảo tu&acirc;n thủ c&aacute;c ti&ecirc;u chuẩn chất lượng cao nhất</p>\r\n\r\n<p>Li&ecirc;n hệ ngay để được tư vấn v&agrave; nhận th&ocirc;ng tin chi tiết về c&aacute;c sản phẩm c&ocirc;ng nghiệp h&agrave;ng đầu của ch&uacute;ng t&ocirc;i.</p>\r\n\r\n<p>Hợp lực cảng Việt - Đối t&aacute;c đ&aacute;ng tin cậy cho c&aacute;c giải ph&aacute;p c&ocirc;ng nghiệp vượt trội!</p>\r\n', '', '', '', '', '', '', '', '', '', '', '', '', '', '', '', 0, 'en-may-xat-gao-tl-56-chua-gom-dong-co-1', 'Máy xát gạo TL-56 (chưa gồm động cơ)', '', ''),
(4377, 2195, 'vn', 'Máy xát gạo TL-26G chạy động cơ xăng( chưa gồm động cơ)', '<p>C&ocirc;ng ty TNHH Hợp Lực Cảng Việt chuy&ecirc;n cung cấp c&aacute;c loại m&oacute;c c&ocirc;ng nghiệp như m&aacute;y ph&aacute;t điện, m&aacute;y x&aacute;t gạo, m&aacute;y xới đất, m&aacute;y tuốt l&uacute;a,... Đ&acirc;y l&agrave; c&aacute;c loại m&aacute;y được ch&uacute;ng t&ocirc;i nhập khẩu ch&iacute;nh h&atilde;ng nguy&ecirc;n chiếc, gi&uacute;p cho b&agrave; con n&ocirc;ng d&acirc;n v&agrave; c&aacute;c chủ doanh nghiệp c&oacute; thể tiết kiệm c&ocirc;ng sức lao độn, n&acirc;ng cao hiệu suất c&ocirc;ng việc sản xuất.</p>\r\n', '', '', '<p>C&Ocirc;NG SUẤT CAO - GI&Aacute; CỰC TỐT</p>\r\n\r\n<p>H&Agrave;NG CH&Iacute;NH H&Atilde;NG - NHẬP KHẨU NGUY&Ecirc;N CHIẾC</p>\r\n\r\n<p>Hiệu suất cao - chất lượng tốt lu&ocirc;n l&agrave; ti&ecirc;u ch&iacute; h&agrave;ng đầu khi kh&aacute;ch h&agrave;ng t&igrave;m kiếm c&aacute;c d&ograve;ng sản phẩm m&aacute;y m&oacute;c c&ocirc;ng nghiệp.</p>\r\n\r\n<p>Thấu hiểu được điều đ&oacute;, Hợp Lực Cảng tự h&agrave;o giới thiệu đến qu&yacute; kh&aacute;ch những d&ograve;ng sản phẩm h&agrave;ng đầu trong ng&agrave;nh, bao gồm m&aacute;y ph&aacute;t điện, m&aacute;y x&aacute;t gạo, m&aacute;y xới đất v&agrave; m&aacute;y tuốt l&uacute;a.</p>\r\n\r\n<p>Tất cả c&aacute;c sản phẩm v&agrave; dịch vụ m&agrave; ch&uacute;ng t&ocirc;i cung cấp đều được kiểm tra v&agrave; đảm bảo tu&acirc;n thủ c&aacute;c ti&ecirc;u chuẩn chất lượng cao nhất</p>\r\n\r\n<p>Li&ecirc;n hệ ngay để được tư vấn v&agrave; nhận th&ocirc;ng tin chi tiết về c&aacute;c sản phẩm c&ocirc;ng nghiệp h&agrave;ng đầu của ch&uacute;ng t&ocirc;i.</p>\r\n\r\n<p>Hợp lực cảng Việt - Đối t&aacute;c đ&aacute;ng tin cậy cho c&aacute;c giải ph&aacute;p c&ocirc;ng nghiệp vượt trội!</p>\r\n', '', '', '', '', '', '', '', '', '', '', '', '', '', '', '', 0, 'may-xat-gao-tl-26g-chay-dong-co-xang-chua-gom-dong-co', 'Máy xát gạo TL-26G chạy động cơ xăng( chưa gồm động cơ)', '', ''),
(4378, 2195, 'en', 'english version Máy xát gạo TL-26G chạy động cơ xăng( chưa gồm động cơ)', 'english version <p>C&ocirc;ng ty TNHH Hợp Lực Cảng Việt chuy&ecirc;n cung cấp c&aacute;c loại m&oacute;c c&ocirc;ng nghiệp như m&aacute;y ph&aacute;t điện, m&aacute;y x&aacute;t gạo, m&aacute;y xới đất, m&aacute;y tuốt l&uacute;a,... Đ&acirc;y l&agrave; c&aacute;c loại m&aacute;y được ch&uacute;ng t&ocirc;i nhập khẩu ch&iacute;nh h&atilde;ng nguy&ecirc;n chiếc, gi&uacute;p cho b&agrave; con n&ocirc;ng d&acirc;n v&agrave; c&aacute;c chủ doanh nghiệp c&oacute; thể tiết kiệm c&ocirc;ng sức lao độn, n&acirc;ng cao hiệu suất c&ocirc;ng việc sản xuất.</p>\r\n', '', '', 'english version <p>C&Ocirc;NG SUẤT CAO - GI&Aacute; CỰC TỐT</p>\r\n\r\n<p>H&Agrave;NG CH&Iacute;NH H&Atilde;NG - NHẬP KHẨU NGUY&Ecirc;N CHIẾC</p>\r\n\r\n<p>Hiệu suất cao - chất lượng tốt lu&ocirc;n l&agrave; ti&ecirc;u ch&iacute; h&agrave;ng đầu khi kh&aacute;ch h&agrave;ng t&igrave;m kiếm c&aacute;c d&ograve;ng sản phẩm m&aacute;y m&oacute;c c&ocirc;ng nghiệp.</p>\r\n\r\n<p>Thấu hiểu được điều đ&oacute;, Hợp Lực Cảng tự h&agrave;o giới thiệu đến qu&yacute; kh&aacute;ch những d&ograve;ng sản phẩm h&agrave;ng đầu trong ng&agrave;nh, bao gồm m&aacute;y ph&aacute;t điện, m&aacute;y x&aacute;t gạo, m&aacute;y xới đất v&agrave; m&aacute;y tuốt l&uacute;a.</p>\r\n\r\n<p>Tất cả c&aacute;c sản phẩm v&agrave; dịch vụ m&agrave; ch&uacute;ng t&ocirc;i cung cấp đều được kiểm tra v&agrave; đảm bảo tu&acirc;n thủ c&aacute;c ti&ecirc;u chuẩn chất lượng cao nhất</p>\r\n\r\n<p>Li&ecirc;n hệ ngay để được tư vấn v&agrave; nhận th&ocirc;ng tin chi tiết về c&aacute;c sản phẩm c&ocirc;ng nghiệp h&agrave;ng đầu của ch&uacute;ng t&ocirc;i.</p>\r\n\r\n<p>Hợp lực cảng Việt - Đối t&aacute;c đ&aacute;ng tin cậy cho c&aacute;c giải ph&aacute;p c&ocirc;ng nghiệp vượt trội!</p>\r\n', '', '', '', '', '', '', '', '', '', '', '', '', '', '', '', 0, 'en-may-xat-gao-tl-26g-chay-dong-co-xang-chua-gom-dong-co', 'Máy xát gạo TL-26G chạy động cơ xăng( chưa gồm động cơ)', '', ''),
(4379, 2196, 'vn', 'Máy xát gạo TL-26FB sàng lọc sạn đảo chiều (chưa gồm động cơ)', '<p>C&ocirc;ng ty TNHH Hợp Lực Cảng Việt chuy&ecirc;n cung cấp c&aacute;c loại m&oacute;c c&ocirc;ng nghiệp như m&aacute;y ph&aacute;t điện, m&aacute;y x&aacute;t gạo, m&aacute;y xới đất, m&aacute;y tuốt l&uacute;a,... Đ&acirc;y l&agrave; c&aacute;c loại m&aacute;y được ch&uacute;ng t&ocirc;i nhập khẩu ch&iacute;nh h&atilde;ng nguy&ecirc;n chiếc, gi&uacute;p cho b&agrave; con n&ocirc;ng d&acirc;n v&agrave; c&aacute;c chủ doanh nghiệp c&oacute; thể tiết kiệm c&ocirc;ng sức lao độn, n&acirc;ng cao hiệu suất c&ocirc;ng việc sản xuất.</p>\r\n', '', '', '<p>C&Ocirc;NG SUẤT CAO - GI&Aacute; CỰC TỐT</p>\r\n\r\n<p>H&Agrave;NG CH&Iacute;NH H&Atilde;NG - NHẬP KHẨU NGUY&Ecirc;N CHIẾC</p>\r\n\r\n<p>Hiệu suất cao - chất lượng tốt lu&ocirc;n l&agrave; ti&ecirc;u ch&iacute; h&agrave;ng đầu khi kh&aacute;ch h&agrave;ng t&igrave;m kiếm c&aacute;c d&ograve;ng sản phẩm m&aacute;y m&oacute;c c&ocirc;ng nghiệp.</p>\r\n\r\n<p>Thấu hiểu được điều đ&oacute;, Hợp Lực Cảng tự h&agrave;o giới thiệu đến qu&yacute; kh&aacute;ch những d&ograve;ng sản phẩm h&agrave;ng đầu trong ng&agrave;nh, bao gồm m&aacute;y ph&aacute;t điện, m&aacute;y x&aacute;t gạo, m&aacute;y xới đất v&agrave; m&aacute;y tuốt l&uacute;a.</p>\r\n\r\n<p>Tất cả c&aacute;c sản phẩm v&agrave; dịch vụ m&agrave; ch&uacute;ng t&ocirc;i cung cấp đều được kiểm tra v&agrave; đảm bảo tu&acirc;n thủ c&aacute;c ti&ecirc;u chuẩn chất lượng cao nhất</p>\r\n\r\n<p>Li&ecirc;n hệ ngay để được tư vấn v&agrave; nhận th&ocirc;ng tin chi tiết về c&aacute;c sản phẩm c&ocirc;ng nghiệp h&agrave;ng đầu của ch&uacute;ng t&ocirc;i.</p>\r\n\r\n<p>Hợp lực cảng Việt - Đối t&aacute;c đ&aacute;ng tin cậy cho c&aacute;c giải ph&aacute;p c&ocirc;ng nghiệp vượt trội!</p>\r\n', '', '', '', '', '', '', '', '', '', '', '', '', '', '', '', 0, 'may-xat-gao-tl-26fb-sang-loc-san-dao-chieu-chua-gom-dong-co', 'Máy xát gạo TL-26FB sàng lọc sạn đảo chiều (chưa gồm động cơ)', '', ''),
(4380, 2196, 'en', 'english version Máy xát gạo TL-26FB sàng lọc sạn đảo chiều (chưa gồm động cơ)', 'english version <p>C&ocirc;ng ty TNHH Hợp Lực Cảng Việt chuy&ecirc;n cung cấp c&aacute;c loại m&oacute;c c&ocirc;ng nghiệp như m&aacute;y ph&aacute;t điện, m&aacute;y x&aacute;t gạo, m&aacute;y xới đất, m&aacute;y tuốt l&uacute;a,... Đ&acirc;y l&agrave; c&aacute;c loại m&aacute;y được ch&uacute;ng t&ocirc;i nhập khẩu ch&iacute;nh h&atilde;ng nguy&ecirc;n chiếc, gi&uacute;p cho b&agrave; con n&ocirc;ng d&acirc;n v&agrave; c&aacute;c chủ doanh nghiệp c&oacute; thể tiết kiệm c&ocirc;ng sức lao độn, n&acirc;ng cao hiệu suất c&ocirc;ng việc sản xuất.</p>\r\n', '', '', 'english version <p>C&Ocirc;NG SUẤT CAO - GI&Aacute; CỰC TỐT</p>\r\n\r\n<p>H&Agrave;NG CH&Iacute;NH H&Atilde;NG - NHẬP KHẨU NGUY&Ecirc;N CHIẾC</p>\r\n\r\n<p>Hiệu suất cao - chất lượng tốt lu&ocirc;n l&agrave; ti&ecirc;u ch&iacute; h&agrave;ng đầu khi kh&aacute;ch h&agrave;ng t&igrave;m kiếm c&aacute;c d&ograve;ng sản phẩm m&aacute;y m&oacute;c c&ocirc;ng nghiệp.</p>\r\n\r\n<p>Thấu hiểu được điều đ&oacute;, Hợp Lực Cảng tự h&agrave;o giới thiệu đến qu&yacute; kh&aacute;ch những d&ograve;ng sản phẩm h&agrave;ng đầu trong ng&agrave;nh, bao gồm m&aacute;y ph&aacute;t điện, m&aacute;y x&aacute;t gạo, m&aacute;y xới đất v&agrave; m&aacute;y tuốt l&uacute;a.</p>\r\n\r\n<p>Tất cả c&aacute;c sản phẩm v&agrave; dịch vụ m&agrave; ch&uacute;ng t&ocirc;i cung cấp đều được kiểm tra v&agrave; đảm bảo tu&acirc;n thủ c&aacute;c ti&ecirc;u chuẩn chất lượng cao nhất</p>\r\n\r\n<p>Li&ecirc;n hệ ngay để được tư vấn v&agrave; nhận th&ocirc;ng tin chi tiết về c&aacute;c sản phẩm c&ocirc;ng nghiệp h&agrave;ng đầu của ch&uacute;ng t&ocirc;i.</p>\r\n\r\n<p>Hợp lực cảng Việt - Đối t&aacute;c đ&aacute;ng tin cậy cho c&aacute;c giải ph&aacute;p c&ocirc;ng nghiệp vượt trội!</p>\r\n', '', '', '', '', '', '', '', '', '', '', '', '', '', '', '', 0, 'en-may-xat-gao-tl-26fb-sang-loc-san-dao-chieu-chua-gom-dong-co', 'Máy xát gạo TL-26FB sàng lọc sạn đảo chiều (chưa gồm động cơ)', '', ''),
(4381, 2197, 'vn', 'Máy xát gạo TL-26FB Inox, sàng lọc sạn, attomat, đồng hồ, hộp số (chưa gồm động cơ)', '<p>C&ocirc;ng ty TNHH Hợp Lực Cảng Việt chuy&ecirc;n cung cấp c&aacute;c loại m&oacute;c c&ocirc;ng nghiệp như m&aacute;y ph&aacute;t điện, m&aacute;y x&aacute;t gạo, m&aacute;y xới đất, m&aacute;y tuốt l&uacute;a,... Đ&acirc;y l&agrave; c&aacute;c loại m&aacute;y được ch&uacute;ng t&ocirc;i nhập khẩu ch&iacute;nh h&atilde;ng nguy&ecirc;n chiếc, gi&uacute;p cho b&agrave; con n&ocirc;ng d&acirc;n v&agrave; c&aacute;c chủ doanh nghiệp c&oacute; thể tiết kiệm c&ocirc;ng sức lao độn, n&acirc;ng cao hiệu suất c&ocirc;ng việc sản xuất.</p>\r\n', '', '', '<p>C&Ocirc;NG SUẤT CAO - GI&Aacute; CỰC TỐT</p>\r\n\r\n<p>H&Agrave;NG CH&Iacute;NH H&Atilde;NG - NHẬP KHẨU NGUY&Ecirc;N CHIẾC</p>\r\n\r\n<p>Hiệu suất cao - chất lượng tốt lu&ocirc;n l&agrave; ti&ecirc;u ch&iacute; h&agrave;ng đầu khi kh&aacute;ch h&agrave;ng t&igrave;m kiếm c&aacute;c d&ograve;ng sản phẩm m&aacute;y m&oacute;c c&ocirc;ng nghiệp.</p>\r\n\r\n<p>Thấu hiểu được điều đ&oacute;, Hợp Lực Cảng tự h&agrave;o giới thiệu đến qu&yacute; kh&aacute;ch những d&ograve;ng sản phẩm h&agrave;ng đầu trong ng&agrave;nh, bao gồm m&aacute;y ph&aacute;t điện, m&aacute;y x&aacute;t gạo, m&aacute;y xới đất v&agrave; m&aacute;y tuốt l&uacute;a.</p>\r\n\r\n<p>Tất cả c&aacute;c sản phẩm v&agrave; dịch vụ m&agrave; ch&uacute;ng t&ocirc;i cung cấp đều được kiểm tra v&agrave; đảm bảo tu&acirc;n thủ c&aacute;c ti&ecirc;u chuẩn chất lượng cao nhất</p>\r\n\r\n<p>Li&ecirc;n hệ ngay để được tư vấn v&agrave; nhận th&ocirc;ng tin chi tiết về c&aacute;c sản phẩm c&ocirc;ng nghiệp h&agrave;ng đầu của ch&uacute;ng t&ocirc;i.</p>\r\n\r\n<p>Hợp lực cảng Việt - Đối t&aacute;c đ&aacute;ng tin cậy cho c&aacute;c giải ph&aacute;p c&ocirc;ng nghiệp vượt trội!</p>\r\n', '', '', '', '', '', '', '', '', '', '', '', '', '', '', '', 0, 'may-xat-gao-tl-26fb-inox-sang-loc-san-attomat-dong-ho-hop-so-chua-gom-dong-co', 'Máy xát gạo TL-26FB Inox, sàng lọc sạn, attomat, đồng hồ, hộp số (chưa gồm động cơ)', '', ''),
(4382, 2197, 'en', 'english version Máy xát gạo TL-26B Inox đảo chiều (chưa gồm động cơ)', 'english version <p>C&ocirc;ng ty TNHH Hợp Lực Cảng Việt chuy&ecirc;n cung cấp c&aacute;c loại m&oacute;c c&ocirc;ng nghiệp như m&aacute;y ph&aacute;t điện, m&aacute;y x&aacute;t gạo, m&aacute;y xới đất, m&aacute;y tuốt l&uacute;a,... Đ&acirc;y l&agrave; c&aacute;c loại m&aacute;y được ch&uacute;ng t&ocirc;i nhập khẩu ch&iacute;nh h&atilde;ng nguy&ecirc;n chiếc, gi&uacute;p cho b&agrave; con n&ocirc;ng d&acirc;n v&agrave; c&aacute;c chủ doanh nghiệp c&oacute; thể tiết kiệm c&ocirc;ng sức lao độn, n&acirc;ng cao hiệu suất c&ocirc;ng việc sản xuất.</p>\r\n', '', '', 'english version <p>C&Ocirc;NG SUẤT CAO - GI&Aacute; CỰC TỐT</p>\r\n\r\n<p>H&Agrave;NG CH&Iacute;NH H&Atilde;NG - NHẬP KHẨU NGUY&Ecirc;N CHIẾC</p>\r\n\r\n<p>Hiệu suất cao - chất lượng tốt lu&ocirc;n l&agrave; ti&ecirc;u ch&iacute; h&agrave;ng đầu khi kh&aacute;ch h&agrave;ng t&igrave;m kiếm c&aacute;c d&ograve;ng sản phẩm m&aacute;y m&oacute;c c&ocirc;ng nghiệp.</p>\r\n\r\n<p>Thấu hiểu được điều đ&oacute;, Hợp Lực Cảng tự h&agrave;o giới thiệu đến qu&yacute; kh&aacute;ch những d&ograve;ng sản phẩm h&agrave;ng đầu trong ng&agrave;nh, bao gồm m&aacute;y ph&aacute;t điện, m&aacute;y x&aacute;t gạo, m&aacute;y xới đất v&agrave; m&aacute;y tuốt l&uacute;a.</p>\r\n\r\n<p>Tất cả c&aacute;c sản phẩm v&agrave; dịch vụ m&agrave; ch&uacute;ng t&ocirc;i cung cấp đều được kiểm tra v&agrave; đảm bảo tu&acirc;n thủ c&aacute;c ti&ecirc;u chuẩn chất lượng cao nhất</p>\r\n\r\n<p>Li&ecirc;n hệ ngay để được tư vấn v&agrave; nhận th&ocirc;ng tin chi tiết về c&aacute;c sản phẩm c&ocirc;ng nghiệp h&agrave;ng đầu của ch&uacute;ng t&ocirc;i.</p>\r\n\r\n<p>Hợp lực cảng Việt - Đối t&aacute;c đ&aacute;ng tin cậy cho c&aacute;c giải ph&aacute;p c&ocirc;ng nghiệp vượt trội!</p>\r\n', '', '', '', '', '', '', '', '', '', '', '', '', '', '', '', 0, 'en-may-xat-gao-tl-26b-inox-dao-chieu-chua-gom-dong-co', 'Máy xát gạo TL-26B Inox đảo chiều (chưa gồm động cơ)', '', ''),
(4383, 2198, 'vn', 'Máy xát gạo TL-26B Inox đảo chiều (chưa gồm động cơ)', '<p>C&ocirc;ng ty TNHH Hợp Lực Cảng Việt chuy&ecirc;n cung cấp c&aacute;c loại m&oacute;c c&ocirc;ng nghiệp như m&aacute;y ph&aacute;t điện, m&aacute;y x&aacute;t gạo, m&aacute;y xới đất, m&aacute;y tuốt l&uacute;a,... Đ&acirc;y l&agrave; c&aacute;c loại m&aacute;y được ch&uacute;ng t&ocirc;i nhập khẩu ch&iacute;nh h&atilde;ng nguy&ecirc;n chiếc, gi&uacute;p cho b&agrave; con n&ocirc;ng d&acirc;n v&agrave; c&aacute;c chủ doanh nghiệp c&oacute; thể tiết kiệm c&ocirc;ng sức lao độn, n&acirc;ng cao hiệu suất c&ocirc;ng việc sản xuất.</p>\r\n', '', '', '<p>C&Ocirc;NG SUẤT CAO - GI&Aacute; CỰC TỐT</p>\r\n\r\n<p>H&Agrave;NG CH&Iacute;NH H&Atilde;NG - NHẬP KHẨU NGUY&Ecirc;N CHIẾC</p>\r\n\r\n<p>Hiệu suất cao - chất lượng tốt lu&ocirc;n l&agrave; ti&ecirc;u ch&iacute; h&agrave;ng đầu khi kh&aacute;ch h&agrave;ng t&igrave;m kiếm c&aacute;c d&ograve;ng sản phẩm m&aacute;y m&oacute;c c&ocirc;ng nghiệp.</p>\r\n\r\n<p>Thấu hiểu được điều đ&oacute;, Hợp Lực Cảng tự h&agrave;o giới thiệu đến qu&yacute; kh&aacute;ch những d&ograve;ng sản phẩm h&agrave;ng đầu trong ng&agrave;nh, bao gồm m&aacute;y ph&aacute;t điện, m&aacute;y x&aacute;t gạo, m&aacute;y xới đất v&agrave; m&aacute;y tuốt l&uacute;a.</p>\r\n\r\n<p>Tất cả c&aacute;c sản phẩm v&agrave; dịch vụ m&agrave; ch&uacute;ng t&ocirc;i cung cấp đều được kiểm tra v&agrave; đảm bảo tu&acirc;n thủ c&aacute;c ti&ecirc;u chuẩn chất lượng cao nhất</p>\r\n\r\n<p>Li&ecirc;n hệ ngay để được tư vấn v&agrave; nhận th&ocirc;ng tin chi tiết về c&aacute;c sản phẩm c&ocirc;ng nghiệp h&agrave;ng đầu của ch&uacute;ng t&ocirc;i.</p>\r\n\r\n<p>Hợp lực cảng Việt - Đối t&aacute;c đ&aacute;ng tin cậy cho c&aacute;c giải ph&aacute;p c&ocirc;ng nghiệp vượt trội!</p>\r\n', '', '', '', '', '', '', '', '', '', '', '', '', '', '', '', 0, 'may-xat-gao-tl-26b-inox-dao-chieu-chua-gom-dong-co-1', 'Máy xát gạo TL-26B Inox đảo chiều (chưa gồm động cơ)', '', ''),
(4384, 2198, 'en', 'english version Máy xát gạo TL-26B Inox đảo chiều (chưa gồm động cơ)', 'english version <p>C&ocirc;ng ty TNHH Hợp Lực Cảng Việt chuy&ecirc;n cung cấp c&aacute;c loại m&oacute;c c&ocirc;ng nghiệp như m&aacute;y ph&aacute;t điện, m&aacute;y x&aacute;t gạo, m&aacute;y xới đất, m&aacute;y tuốt l&uacute;a,... Đ&acirc;y l&agrave; c&aacute;c loại m&aacute;y được ch&uacute;ng t&ocirc;i nhập khẩu ch&iacute;nh h&atilde;ng nguy&ecirc;n chiếc, gi&uacute;p cho b&agrave; con n&ocirc;ng d&acirc;n v&agrave; c&aacute;c chủ doanh nghiệp c&oacute; thể tiết kiệm c&ocirc;ng sức lao độn, n&acirc;ng cao hiệu suất c&ocirc;ng việc sản xuất.</p>\r\n', '', '', 'english version <p>C&Ocirc;NG SUẤT CAO - GI&Aacute; CỰC TỐT</p>\r\n\r\n<p>H&Agrave;NG CH&Iacute;NH H&Atilde;NG - NHẬP KHẨU NGUY&Ecirc;N CHIẾC</p>\r\n\r\n<p>Hiệu suất cao - chất lượng tốt lu&ocirc;n l&agrave; ti&ecirc;u ch&iacute; h&agrave;ng đầu khi kh&aacute;ch h&agrave;ng t&igrave;m kiếm c&aacute;c d&ograve;ng sản phẩm m&aacute;y m&oacute;c c&ocirc;ng nghiệp.</p>\r\n\r\n<p>Thấu hiểu được điều đ&oacute;, Hợp Lực Cảng tự h&agrave;o giới thiệu đến qu&yacute; kh&aacute;ch những d&ograve;ng sản phẩm h&agrave;ng đầu trong ng&agrave;nh, bao gồm m&aacute;y ph&aacute;t điện, m&aacute;y x&aacute;t gạo, m&aacute;y xới đất v&agrave; m&aacute;y tuốt l&uacute;a.</p>\r\n\r\n<p>Tất cả c&aacute;c sản phẩm v&agrave; dịch vụ m&agrave; ch&uacute;ng t&ocirc;i cung cấp đều được kiểm tra v&agrave; đảm bảo tu&acirc;n thủ c&aacute;c ti&ecirc;u chuẩn chất lượng cao nhất</p>\r\n\r\n<p>Li&ecirc;n hệ ngay để được tư vấn v&agrave; nhận th&ocirc;ng tin chi tiết về c&aacute;c sản phẩm c&ocirc;ng nghiệp h&agrave;ng đầu của ch&uacute;ng t&ocirc;i.</p>\r\n\r\n<p>Hợp lực cảng Việt - Đối t&aacute;c đ&aacute;ng tin cậy cho c&aacute;c giải ph&aacute;p c&ocirc;ng nghiệp vượt trội!</p>\r\n', '', '', '', '', '', '', '', '', '', '', '', '', '', '', '', 0, 'en-may-xat-gao-tl-26b-inox-dao-chieu-chua-gom-dong-co-1', 'Máy xát gạo TL-26B Inox đảo chiều (chưa gồm động cơ)', '', ''),
(4385, 2199, 'vn', 'Máy xát gạo TL-26B đảo chiều (chưa gồm động cơ)', '<p>C&ocirc;ng ty TNHH Hợp Lực Cảng Việt chuy&ecirc;n cung cấp c&aacute;c loại m&oacute;c c&ocirc;ng nghiệp như m&aacute;y ph&aacute;t điện, m&aacute;y x&aacute;t gạo, m&aacute;y xới đất, m&aacute;y tuốt l&uacute;a,... Đ&acirc;y l&agrave; c&aacute;c loại m&aacute;y được ch&uacute;ng t&ocirc;i nhập khẩu ch&iacute;nh h&atilde;ng nguy&ecirc;n chiếc, gi&uacute;p cho b&agrave; con n&ocirc;ng d&acirc;n v&agrave; c&aacute;c chủ doanh nghiệp c&oacute; thể tiết kiệm c&ocirc;ng sức lao độn, n&acirc;ng cao hiệu suất c&ocirc;ng việc sản xuất.</p>\r\n', '', '', '<p>C&Ocirc;NG SUẤT CAO - GI&Aacute; CỰC TỐT</p>\r\n\r\n<p>H&Agrave;NG CH&Iacute;NH H&Atilde;NG - NHẬP KHẨU NGUY&Ecirc;N CHIẾC</p>\r\n\r\n<p>Hiệu suất cao - chất lượng tốt lu&ocirc;n l&agrave; ti&ecirc;u ch&iacute; h&agrave;ng đầu khi kh&aacute;ch h&agrave;ng t&igrave;m kiếm c&aacute;c d&ograve;ng sản phẩm m&aacute;y m&oacute;c c&ocirc;ng nghiệp.</p>\r\n\r\n<p>Thấu hiểu được điều đ&oacute;, Hợp Lực Cảng tự h&agrave;o giới thiệu đến qu&yacute; kh&aacute;ch những d&ograve;ng sản phẩm h&agrave;ng đầu trong ng&agrave;nh, bao gồm m&aacute;y ph&aacute;t điện, m&aacute;y x&aacute;t gạo, m&aacute;y xới đất v&agrave; m&aacute;y tuốt l&uacute;a.</p>\r\n\r\n<p>Tất cả c&aacute;c sản phẩm v&agrave; dịch vụ m&agrave; ch&uacute;ng t&ocirc;i cung cấp đều được kiểm tra v&agrave; đảm bảo tu&acirc;n thủ c&aacute;c ti&ecirc;u chuẩn chất lượng cao nhất</p>\r\n\r\n<p>Li&ecirc;n hệ ngay để được tư vấn v&agrave; nhận th&ocirc;ng tin chi tiết về c&aacute;c sản phẩm c&ocirc;ng nghiệp h&agrave;ng đầu của ch&uacute;ng t&ocirc;i.</p>\r\n\r\n<p>Hợp lực cảng Việt - Đối t&aacute;c đ&aacute;ng tin cậy cho c&aacute;c giải ph&aacute;p c&ocirc;ng nghiệp vượt trội!</p>\r\n', '', '', '', '', '', '', '', '', '', '', '', '', '', '', '', 0, 'may-xat-gao-tl-26b-dao-chieu-chua-gom-dong-co', 'Máy xát gạo TL-26B đảo chiều (chưa gồm động cơ)', '', ''),
(4386, 2199, 'en', 'english version Máy xát gạo TL-26B đảo chiều (chưa gồm động cơ)', 'english version <p>C&ocirc;ng ty TNHH Hợp Lực Cảng Việt chuy&ecirc;n cung cấp c&aacute;c loại m&oacute;c c&ocirc;ng nghiệp như m&aacute;y ph&aacute;t điện, m&aacute;y x&aacute;t gạo, m&aacute;y xới đất, m&aacute;y tuốt l&uacute;a,... Đ&acirc;y l&agrave; c&aacute;c loại m&aacute;y được ch&uacute;ng t&ocirc;i nhập khẩu ch&iacute;nh h&atilde;ng nguy&ecirc;n chiếc, gi&uacute;p cho b&agrave; con n&ocirc;ng d&acirc;n v&agrave; c&aacute;c chủ doanh nghiệp c&oacute; thể tiết kiệm c&ocirc;ng sức lao độn, n&acirc;ng cao hiệu suất c&ocirc;ng việc sản xuất.</p>\r\n', '', '', 'english version <p>C&Ocirc;NG SUẤT CAO - GI&Aacute; CỰC TỐT</p>\r\n\r\n<p>H&Agrave;NG CH&Iacute;NH H&Atilde;NG - NHẬP KHẨU NGUY&Ecirc;N CHIẾC</p>\r\n\r\n<p>Hiệu suất cao - chất lượng tốt lu&ocirc;n l&agrave; ti&ecirc;u ch&iacute; h&agrave;ng đầu khi kh&aacute;ch h&agrave;ng t&igrave;m kiếm c&aacute;c d&ograve;ng sản phẩm m&aacute;y m&oacute;c c&ocirc;ng nghiệp.</p>\r\n\r\n<p>Thấu hiểu được điều đ&oacute;, Hợp Lực Cảng tự h&agrave;o giới thiệu đến qu&yacute; kh&aacute;ch những d&ograve;ng sản phẩm h&agrave;ng đầu trong ng&agrave;nh, bao gồm m&aacute;y ph&aacute;t điện, m&aacute;y x&aacute;t gạo, m&aacute;y xới đất v&agrave; m&aacute;y tuốt l&uacute;a.</p>\r\n\r\n<p>Tất cả c&aacute;c sản phẩm v&agrave; dịch vụ m&agrave; ch&uacute;ng t&ocirc;i cung cấp đều được kiểm tra v&agrave; đảm bảo tu&acirc;n thủ c&aacute;c ti&ecirc;u chuẩn chất lượng cao nhất</p>\r\n\r\n<p>Li&ecirc;n hệ ngay để được tư vấn v&agrave; nhận th&ocirc;ng tin chi tiết về c&aacute;c sản phẩm c&ocirc;ng nghiệp h&agrave;ng đầu của ch&uacute;ng t&ocirc;i.</p>\r\n\r\n<p>Hợp lực cảng Việt - Đối t&aacute;c đ&aacute;ng tin cậy cho c&aacute;c giải ph&aacute;p c&ocirc;ng nghiệp vượt trội!</p>\r\n', '', '', '', '', '', '', '', '', '', '', '', '', '', '', '', 0, 'en-may-xat-gao-tl-26b-dao-chieu-chua-gom-dong-co', 'Máy xát gạo TL-26B đảo chiều (chưa gồm động cơ)', '', ''),
(4387, 2200, 'vn', 'Máy xát gạo TL-26B (đơn, chưa gồm động cơ)', '<p>C&ocirc;ng ty TNHH Hợp Lực Cảng Việt chuy&ecirc;n cung cấp c&aacute;c loại m&oacute;c c&ocirc;ng nghiệp như m&aacute;y ph&aacute;t điện, m&aacute;y x&aacute;t gạo, m&aacute;y xới đất, m&aacute;y tuốt l&uacute;a,... Đ&acirc;y l&agrave; c&aacute;c loại m&aacute;y được ch&uacute;ng t&ocirc;i nhập khẩu ch&iacute;nh h&atilde;ng nguy&ecirc;n chiếc, gi&uacute;p cho b&agrave; con n&ocirc;ng d&acirc;n v&agrave; c&aacute;c chủ doanh nghiệp c&oacute; thể tiết kiệm c&ocirc;ng sức lao độn, n&acirc;ng cao hiệu suất c&ocirc;ng việc sản xuất.</p>\r\n', '', '', '<p>C&Ocirc;NG SUẤT CAO - GI&Aacute; CỰC TỐT</p>\r\n\r\n<p>H&Agrave;NG CH&Iacute;NH H&Atilde;NG - NHẬP KHẨU NGUY&Ecirc;N CHIẾC</p>\r\n\r\n<p>Hiệu suất cao - chất lượng tốt lu&ocirc;n l&agrave; ti&ecirc;u ch&iacute; h&agrave;ng đầu khi kh&aacute;ch h&agrave;ng t&igrave;m kiếm c&aacute;c d&ograve;ng sản phẩm m&aacute;y m&oacute;c c&ocirc;ng nghiệp.</p>\r\n\r\n<p>Thấu hiểu được điều đ&oacute;, Hợp Lực Cảng tự h&agrave;o giới thiệu đến qu&yacute; kh&aacute;ch những d&ograve;ng sản phẩm h&agrave;ng đầu trong ng&agrave;nh, bao gồm m&aacute;y ph&aacute;t điện, m&aacute;y x&aacute;t gạo, m&aacute;y xới đất v&agrave; m&aacute;y tuốt l&uacute;a.</p>\r\n\r\n<p>Tất cả c&aacute;c sản phẩm v&agrave; dịch vụ m&agrave; ch&uacute;ng t&ocirc;i cung cấp đều được kiểm tra v&agrave; đảm bảo tu&acirc;n thủ c&aacute;c ti&ecirc;u chuẩn chất lượng cao nhất</p>\r\n\r\n<p>Li&ecirc;n hệ ngay để được tư vấn v&agrave; nhận th&ocirc;ng tin chi tiết về c&aacute;c sản phẩm c&ocirc;ng nghiệp h&agrave;ng đầu của ch&uacute;ng t&ocirc;i.</p>\r\n\r\n<p>Hợp lực cảng Việt - Đối t&aacute;c đ&aacute;ng tin cậy cho c&aacute;c giải ph&aacute;p c&ocirc;ng nghiệp vượt trội!</p>\r\n', '', '', '', '', '', '', '', '', '', '', '', '', '', '', '', 0, 'may-xat-gao-tl-26b-don-chua-gom-dong-co', 'Máy xát gạo TL-26B (đơn, chưa gồm động cơ)', '', ''),
(4388, 2200, 'en', 'english version Máy xát gạo TL-26B (đơn, chưa gồm động cơ)', 'english version <p>C&ocirc;ng ty TNHH Hợp Lực Cảng Việt chuy&ecirc;n cung cấp c&aacute;c loại m&oacute;c c&ocirc;ng nghiệp như m&aacute;y ph&aacute;t điện, m&aacute;y x&aacute;t gạo, m&aacute;y xới đất, m&aacute;y tuốt l&uacute;a,... Đ&acirc;y l&agrave; c&aacute;c loại m&aacute;y được ch&uacute;ng t&ocirc;i nhập khẩu ch&iacute;nh h&atilde;ng nguy&ecirc;n chiếc, gi&uacute;p cho b&agrave; con n&ocirc;ng d&acirc;n v&agrave; c&aacute;c chủ doanh nghiệp c&oacute; thể tiết kiệm c&ocirc;ng sức lao độn, n&acirc;ng cao hiệu suất c&ocirc;ng việc sản xuất.</p>\r\n', '', '', 'english version <p>C&Ocirc;NG SUẤT CAO - GI&Aacute; CỰC TỐT</p>\r\n\r\n<p>H&Agrave;NG CH&Iacute;NH H&Atilde;NG - NHẬP KHẨU NGUY&Ecirc;N CHIẾC</p>\r\n\r\n<p>Hiệu suất cao - chất lượng tốt lu&ocirc;n l&agrave; ti&ecirc;u ch&iacute; h&agrave;ng đầu khi kh&aacute;ch h&agrave;ng t&igrave;m kiếm c&aacute;c d&ograve;ng sản phẩm m&aacute;y m&oacute;c c&ocirc;ng nghiệp.</p>\r\n\r\n<p>Thấu hiểu được điều đ&oacute;, Hợp Lực Cảng tự h&agrave;o giới thiệu đến qu&yacute; kh&aacute;ch những d&ograve;ng sản phẩm h&agrave;ng đầu trong ng&agrave;nh, bao gồm m&aacute;y ph&aacute;t điện, m&aacute;y x&aacute;t gạo, m&aacute;y xới đất v&agrave; m&aacute;y tuốt l&uacute;a.</p>\r\n\r\n<p>Tất cả c&aacute;c sản phẩm v&agrave; dịch vụ m&agrave; ch&uacute;ng t&ocirc;i cung cấp đều được kiểm tra v&agrave; đảm bảo tu&acirc;n thủ c&aacute;c ti&ecirc;u chuẩn chất lượng cao nhất</p>\r\n\r\n<p>Li&ecirc;n hệ ngay để được tư vấn v&agrave; nhận th&ocirc;ng tin chi tiết về c&aacute;c sản phẩm c&ocirc;ng nghiệp h&agrave;ng đầu của ch&uacute;ng t&ocirc;i.</p>\r\n\r\n<p>Hợp lực cảng Việt - Đối t&aacute;c đ&aacute;ng tin cậy cho c&aacute;c giải ph&aacute;p c&ocirc;ng nghiệp vượt trội!</p>\r\n', '', '', '', '', '', '', '', '', '', '', '', '', '', '', '', 0, 'en-may-xat-gao-tl-26b-don-chua-gom-dong-co', 'Máy xát gạo TL-26B (đơn, chưa gồm động cơ)', '', ''),
(4389, 2201, 'vn', 'Máy xát gạo TL -58SCG chạy động cơ xăng (chưa gồm động cơ)', '<p>C&ocirc;ng ty TNHH Hợp Lực Cảng Việt chuy&ecirc;n cung cấp c&aacute;c loại m&oacute;c c&ocirc;ng nghiệp như m&aacute;y ph&aacute;t điện, m&aacute;y x&aacute;t gạo, m&aacute;y xới đất, m&aacute;y tuốt l&uacute;a,... Đ&acirc;y l&agrave; c&aacute;c loại m&aacute;y được ch&uacute;ng t&ocirc;i nhập khẩu ch&iacute;nh h&atilde;ng nguy&ecirc;n chiếc, gi&uacute;p cho b&agrave; con n&ocirc;ng d&acirc;n v&agrave; c&aacute;c chủ doanh nghiệp c&oacute; thể tiết kiệm c&ocirc;ng sức lao độn, n&acirc;ng cao hiệu suất c&ocirc;ng việc sản xuất.</p>\r\n', '', '', '<p>C&Ocirc;NG SUẤT CAO - GI&Aacute; CỰC TỐT</p>\r\n\r\n<p>H&Agrave;NG CH&Iacute;NH H&Atilde;NG - NHẬP KHẨU NGUY&Ecirc;N CHIẾC</p>\r\n\r\n<p>Hiệu suất cao - chất lượng tốt lu&ocirc;n l&agrave; ti&ecirc;u ch&iacute; h&agrave;ng đầu khi kh&aacute;ch h&agrave;ng t&igrave;m kiếm c&aacute;c d&ograve;ng sản phẩm m&aacute;y m&oacute;c c&ocirc;ng nghiệp.</p>\r\n\r\n<p>Thấu hiểu được điều đ&oacute;, Hợp Lực Cảng tự h&agrave;o giới thiệu đến qu&yacute; kh&aacute;ch những d&ograve;ng sản phẩm h&agrave;ng đầu trong ng&agrave;nh, bao gồm m&aacute;y ph&aacute;t điện, m&aacute;y x&aacute;t gạo, m&aacute;y xới đất v&agrave; m&aacute;y tuốt l&uacute;a.</p>\r\n\r\n<p>Tất cả c&aacute;c sản phẩm v&agrave; dịch vụ m&agrave; ch&uacute;ng t&ocirc;i cung cấp đều được kiểm tra v&agrave; đảm bảo tu&acirc;n thủ c&aacute;c ti&ecirc;u chuẩn chất lượng cao nhất</p>\r\n\r\n<p>Li&ecirc;n hệ ngay để được tư vấn v&agrave; nhận th&ocirc;ng tin chi tiết về c&aacute;c sản phẩm c&ocirc;ng nghiệp h&agrave;ng đầu của ch&uacute;ng t&ocirc;i.</p>\r\n\r\n<p>Hợp lực cảng Việt - Đối t&aacute;c đ&aacute;ng tin cậy cho c&aacute;c giải ph&aacute;p c&ocirc;ng nghiệp vượt trội!</p>\r\n', '', '', '', '', '', '', '', '', '', '', '', '', '', '', '', 0, 'may-xat-gao-tl-58scg-chay-dong-co-xang-chua-gom-dong-co', 'Máy xát gạo TL -58SCG chạy động cơ xăng (chưa gồm động cơ)', '', ''),
(4390, 2201, 'en', 'english version Máy xát gạo TL -58SCG chạy động cơ xăng (chưa gồm động cơ)', 'english version <p>C&ocirc;ng ty TNHH Hợp Lực Cảng Việt chuy&ecirc;n cung cấp c&aacute;c loại m&oacute;c c&ocirc;ng nghiệp như m&aacute;y ph&aacute;t điện, m&aacute;y x&aacute;t gạo, m&aacute;y xới đất, m&aacute;y tuốt l&uacute;a,... Đ&acirc;y l&agrave; c&aacute;c loại m&aacute;y được ch&uacute;ng t&ocirc;i nhập khẩu ch&iacute;nh h&atilde;ng nguy&ecirc;n chiếc, gi&uacute;p cho b&agrave; con n&ocirc;ng d&acirc;n v&agrave; c&aacute;c chủ doanh nghiệp c&oacute; thể tiết kiệm c&ocirc;ng sức lao độn, n&acirc;ng cao hiệu suất c&ocirc;ng việc sản xuất.</p>\r\n', '', '', 'english version <p>C&Ocirc;NG SUẤT CAO - GI&Aacute; CỰC TỐT</p>\r\n\r\n<p>H&Agrave;NG CH&Iacute;NH H&Atilde;NG - NHẬP KHẨU NGUY&Ecirc;N CHIẾC</p>\r\n\r\n<p>Hiệu suất cao - chất lượng tốt lu&ocirc;n l&agrave; ti&ecirc;u ch&iacute; h&agrave;ng đầu khi kh&aacute;ch h&agrave;ng t&igrave;m kiếm c&aacute;c d&ograve;ng sản phẩm m&aacute;y m&oacute;c c&ocirc;ng nghiệp.</p>\r\n\r\n<p>Thấu hiểu được điều đ&oacute;, Hợp Lực Cảng tự h&agrave;o giới thiệu đến qu&yacute; kh&aacute;ch những d&ograve;ng sản phẩm h&agrave;ng đầu trong ng&agrave;nh, bao gồm m&aacute;y ph&aacute;t điện, m&aacute;y x&aacute;t gạo, m&aacute;y xới đất v&agrave; m&aacute;y tuốt l&uacute;a.</p>\r\n\r\n<p>Tất cả c&aacute;c sản phẩm v&agrave; dịch vụ m&agrave; ch&uacute;ng t&ocirc;i cung cấp đều được kiểm tra v&agrave; đảm bảo tu&acirc;n thủ c&aacute;c ti&ecirc;u chuẩn chất lượng cao nhất</p>\r\n\r\n<p>Li&ecirc;n hệ ngay để được tư vấn v&agrave; nhận th&ocirc;ng tin chi tiết về c&aacute;c sản phẩm c&ocirc;ng nghiệp h&agrave;ng đầu của ch&uacute;ng t&ocirc;i.</p>\r\n\r\n<p>Hợp lực cảng Việt - Đối t&aacute;c đ&aacute;ng tin cậy cho c&aacute;c giải ph&aacute;p c&ocirc;ng nghiệp vượt trội!</p>\r\n', '', '', '', '', '', '', '', '', '', '', '', '', '', '', '', 0, 'en-may-xat-gao-tl-58scg-chay-dong-co-xang-chua-gom-dong-co', 'Máy xát gạo TL -58SCG chạy động cơ xăng (chưa gồm động cơ)', '', ''),
(4391, 2202, 'vn', 'Máy xát gạo đơn TL-358 (đã bao gồm động cơ lắp sẵn)', '<p>C&ocirc;ng ty TNHH Hợp Lực Cảng Việt chuy&ecirc;n cung cấp c&aacute;c loại m&oacute;c c&ocirc;ng nghiệp như m&aacute;y ph&aacute;t điện, m&aacute;y x&aacute;t gạo, m&aacute;y xới đất, m&aacute;y tuốt l&uacute;a,... Đ&acirc;y l&agrave; c&aacute;c loại m&aacute;y được ch&uacute;ng t&ocirc;i nhập khẩu ch&iacute;nh h&atilde;ng nguy&ecirc;n chiếc, gi&uacute;p cho b&agrave; con n&ocirc;ng d&acirc;n v&agrave; c&aacute;c chủ doanh nghiệp c&oacute; thể tiết kiệm c&ocirc;ng sức lao độn, n&acirc;ng cao hiệu suất c&ocirc;ng việc sản xuất.</p>\r\n', '', '', '<p>C&Ocirc;NG SUẤT CAO - GI&Aacute; CỰC TỐT</p>\r\n\r\n<p>H&Agrave;NG CH&Iacute;NH H&Atilde;NG - NHẬP KHẨU NGUY&Ecirc;N CHIẾC</p>\r\n\r\n<p>Hiệu suất cao - chất lượng tốt lu&ocirc;n l&agrave; ti&ecirc;u ch&iacute; h&agrave;ng đầu khi kh&aacute;ch h&agrave;ng t&igrave;m kiếm c&aacute;c d&ograve;ng sản phẩm m&aacute;y m&oacute;c c&ocirc;ng nghiệp.</p>\r\n\r\n<p>Thấu hiểu được điều đ&oacute;, Hợp Lực Cảng tự h&agrave;o giới thiệu đến qu&yacute; kh&aacute;ch những d&ograve;ng sản phẩm h&agrave;ng đầu trong ng&agrave;nh, bao gồm m&aacute;y ph&aacute;t điện, m&aacute;y x&aacute;t gạo, m&aacute;y xới đất v&agrave; m&aacute;y tuốt l&uacute;a.</p>\r\n\r\n<p>Tất cả c&aacute;c sản phẩm v&agrave; dịch vụ m&agrave; ch&uacute;ng t&ocirc;i cung cấp đều được kiểm tra v&agrave; đảm bảo tu&acirc;n thủ c&aacute;c ti&ecirc;u chuẩn chất lượng cao nhất</p>\r\n\r\n<p>Li&ecirc;n hệ ngay để được tư vấn v&agrave; nhận th&ocirc;ng tin chi tiết về c&aacute;c sản phẩm c&ocirc;ng nghiệp h&agrave;ng đầu của ch&uacute;ng t&ocirc;i.</p>\r\n\r\n<p>Hợp lực cảng Việt - Đối t&aacute;c đ&aacute;ng tin cậy cho c&aacute;c giải ph&aacute;p c&ocirc;ng nghiệp vượt trội!</p>\r\n', '', '', '', '', '', '', '', '', '', '', '', '', '', '', '', 0, 'may-xat-gao-don-tl-358-da-bao-gom-dong-co-lap-san', 'Máy xát gạo đơn TL-358 (đã bao gồm động cơ lắp sẵn)', '', ''),
(4392, 2202, 'en', 'english version Máy xát gạo đơn TL-358 (đã bao gồm động cơ lắp sẵn)', 'english version <p>C&ocirc;ng ty TNHH Hợp Lực Cảng Việt chuy&ecirc;n cung cấp c&aacute;c loại m&oacute;c c&ocirc;ng nghiệp như m&aacute;y ph&aacute;t điện, m&aacute;y x&aacute;t gạo, m&aacute;y xới đất, m&aacute;y tuốt l&uacute;a,... Đ&acirc;y l&agrave; c&aacute;c loại m&aacute;y được ch&uacute;ng t&ocirc;i nhập khẩu ch&iacute;nh h&atilde;ng nguy&ecirc;n chiếc, gi&uacute;p cho b&agrave; con n&ocirc;ng d&acirc;n v&agrave; c&aacute;c chủ doanh nghiệp c&oacute; thể tiết kiệm c&ocirc;ng sức lao độn, n&acirc;ng cao hiệu suất c&ocirc;ng việc sản xuất.</p>\r\n', '', '', 'english version <p>C&Ocirc;NG SUẤT CAO - GI&Aacute; CỰC TỐT</p>\r\n\r\n<p>H&Agrave;NG CH&Iacute;NH H&Atilde;NG - NHẬP KHẨU NGUY&Ecirc;N CHIẾC</p>\r\n\r\n<p>Hiệu suất cao - chất lượng tốt lu&ocirc;n l&agrave; ti&ecirc;u ch&iacute; h&agrave;ng đầu khi kh&aacute;ch h&agrave;ng t&igrave;m kiếm c&aacute;c d&ograve;ng sản phẩm m&aacute;y m&oacute;c c&ocirc;ng nghiệp.</p>\r\n\r\n<p>Thấu hiểu được điều đ&oacute;, Hợp Lực Cảng tự h&agrave;o giới thiệu đến qu&yacute; kh&aacute;ch những d&ograve;ng sản phẩm h&agrave;ng đầu trong ng&agrave;nh, bao gồm m&aacute;y ph&aacute;t điện, m&aacute;y x&aacute;t gạo, m&aacute;y xới đất v&agrave; m&aacute;y tuốt l&uacute;a.</p>\r\n\r\n<p>Tất cả c&aacute;c sản phẩm v&agrave; dịch vụ m&agrave; ch&uacute;ng t&ocirc;i cung cấp đều được kiểm tra v&agrave; đảm bảo tu&acirc;n thủ c&aacute;c ti&ecirc;u chuẩn chất lượng cao nhất</p>\r\n\r\n<p>Li&ecirc;n hệ ngay để được tư vấn v&agrave; nhận th&ocirc;ng tin chi tiết về c&aacute;c sản phẩm c&ocirc;ng nghiệp h&agrave;ng đầu của ch&uacute;ng t&ocirc;i.</p>\r\n\r\n<p>Hợp lực cảng Việt - Đối t&aacute;c đ&aacute;ng tin cậy cho c&aacute;c giải ph&aacute;p c&ocirc;ng nghiệp vượt trội!</p>\r\n', '', '', '', '', '', '', '', '', '', '', '', '', '', '', '', 0, 'en-may-xat-gao-don-tl-358-da-bao-gom-dong-co-lap-san', 'Máy xát gạo đơn TL-358 (đã bao gồm động cơ lắp sẵn)', '', ''),
(4393, 2203, 'vn', 'Máy nghiền Inox TL-21 (chưa gồm động cơ)', '<p>C&ocirc;ng ty TNHH Hợp Lực Cảng Việt chuy&ecirc;n cung cấp c&aacute;c loại m&oacute;c c&ocirc;ng nghiệp như m&aacute;y ph&aacute;t điện, m&aacute;y x&aacute;t gạo, m&aacute;y xới đất, m&aacute;y tuốt l&uacute;a,... Đ&acirc;y l&agrave; c&aacute;c loại m&aacute;y được ch&uacute;ng t&ocirc;i nhập khẩu ch&iacute;nh h&atilde;ng nguy&ecirc;n chiếc, gi&uacute;p cho b&agrave; con n&ocirc;ng d&acirc;n v&agrave; c&aacute;c chủ doanh nghiệp c&oacute; thể tiết kiệm c&ocirc;ng sức lao độn, n&acirc;ng cao hiệu suất c&ocirc;ng việc sản xuất.</p>\r\n', '', '', '<p>C&Ocirc;NG SUẤT CAO - GI&Aacute; CỰC TỐT</p>\r\n\r\n<p>H&Agrave;NG CH&Iacute;NH H&Atilde;NG - NHẬP KHẨU NGUY&Ecirc;N CHIẾC</p>\r\n\r\n<p>Hiệu suất cao - chất lượng tốt lu&ocirc;n l&agrave; ti&ecirc;u ch&iacute; h&agrave;ng đầu khi kh&aacute;ch h&agrave;ng t&igrave;m kiếm c&aacute;c d&ograve;ng sản phẩm m&aacute;y m&oacute;c c&ocirc;ng nghiệp.</p>\r\n\r\n<p>Thấu hiểu được điều đ&oacute;, Hợp Lực Cảng tự h&agrave;o giới thiệu đến qu&yacute; kh&aacute;ch những d&ograve;ng sản phẩm h&agrave;ng đầu trong ng&agrave;nh, bao gồm m&aacute;y ph&aacute;t điện, m&aacute;y x&aacute;t gạo, m&aacute;y xới đất v&agrave; m&aacute;y tuốt l&uacute;a.</p>\r\n\r\n<p>Tất cả c&aacute;c sản phẩm v&agrave; dịch vụ m&agrave; ch&uacute;ng t&ocirc;i cung cấp đều được kiểm tra v&agrave; đảm bảo tu&acirc;n thủ c&aacute;c ti&ecirc;u chuẩn chất lượng cao nhất</p>\r\n\r\n<p>Li&ecirc;n hệ ngay để được tư vấn v&agrave; nhận th&ocirc;ng tin chi tiết về c&aacute;c sản phẩm c&ocirc;ng nghiệp h&agrave;ng đầu của ch&uacute;ng t&ocirc;i.</p>\r\n\r\n<p>Hợp lực cảng Việt - Đối t&aacute;c đ&aacute;ng tin cậy cho c&aacute;c giải ph&aacute;p c&ocirc;ng nghiệp vượt trội!</p>\r\n', '', '', '', '', '', '', '', '', '', '', '', '', '', '', '', 0, 'may-nghien-inox-tl-21-chua-gom-dong-co', 'Máy nghiền Inox TL-21 (chưa gồm động cơ)', '', ''),
(4394, 2203, 'en', 'english version Máy nghiền Inox TL-21 (chưa gồm động cơ)', 'english version <p>C&ocirc;ng ty TNHH Hợp Lực Cảng Việt chuy&ecirc;n cung cấp c&aacute;c loại m&oacute;c c&ocirc;ng nghiệp như m&aacute;y ph&aacute;t điện, m&aacute;y x&aacute;t gạo, m&aacute;y xới đất, m&aacute;y tuốt l&uacute;a,... Đ&acirc;y l&agrave; c&aacute;c loại m&aacute;y được ch&uacute;ng t&ocirc;i nhập khẩu ch&iacute;nh h&atilde;ng nguy&ecirc;n chiếc, gi&uacute;p cho b&agrave; con n&ocirc;ng d&acirc;n v&agrave; c&aacute;c chủ doanh nghiệp c&oacute; thể tiết kiệm c&ocirc;ng sức lao độn, n&acirc;ng cao hiệu suất c&ocirc;ng việc sản xuất.</p>\r\n', '', '', 'english version <p>C&Ocirc;NG SUẤT CAO - GI&Aacute; CỰC TỐT</p>\r\n\r\n<p>H&Agrave;NG CH&Iacute;NH H&Atilde;NG - NHẬP KHẨU NGUY&Ecirc;N CHIẾC</p>\r\n\r\n<p>Hiệu suất cao - chất lượng tốt lu&ocirc;n l&agrave; ti&ecirc;u ch&iacute; h&agrave;ng đầu khi kh&aacute;ch h&agrave;ng t&igrave;m kiếm c&aacute;c d&ograve;ng sản phẩm m&aacute;y m&oacute;c c&ocirc;ng nghiệp.</p>\r\n\r\n<p>Thấu hiểu được điều đ&oacute;, Hợp Lực Cảng tự h&agrave;o giới thiệu đến qu&yacute; kh&aacute;ch những d&ograve;ng sản phẩm h&agrave;ng đầu trong ng&agrave;nh, bao gồm m&aacute;y ph&aacute;t điện, m&aacute;y x&aacute;t gạo, m&aacute;y xới đất v&agrave; m&aacute;y tuốt l&uacute;a.</p>\r\n\r\n<p>Tất cả c&aacute;c sản phẩm v&agrave; dịch vụ m&agrave; ch&uacute;ng t&ocirc;i cung cấp đều được kiểm tra v&agrave; đảm bảo tu&acirc;n thủ c&aacute;c ti&ecirc;u chuẩn chất lượng cao nhất</p>\r\n\r\n<p>Li&ecirc;n hệ ngay để được tư vấn v&agrave; nhận th&ocirc;ng tin chi tiết về c&aacute;c sản phẩm c&ocirc;ng nghiệp h&agrave;ng đầu của ch&uacute;ng t&ocirc;i.</p>\r\n\r\n<p>Hợp lực cảng Việt - Đối t&aacute;c đ&aacute;ng tin cậy cho c&aacute;c giải ph&aacute;p c&ocirc;ng nghiệp vượt trội!</p>\r\n', '', '', '', '', '', '', '', '', '', '', '', '', '', '', '', 0, 'en-may-nghien-inox-tl-21-chua-gom-dong-co', 'Máy nghiền Inox TL-21 (chưa gồm động cơ)', '', ''),
(4395, 2204, 'vn', 'Sàng rung độc lập RMM-02', '<p>C&ocirc;ng ty TNHH Hợp Lực Cảng Việt chuy&ecirc;n cung cấp c&aacute;c loại m&oacute;c c&ocirc;ng nghiệp như m&aacute;y ph&aacute;t điện, m&aacute;y x&aacute;t gạo, m&aacute;y xới đất, m&aacute;y tuốt l&uacute;a,... Đ&acirc;y l&agrave; c&aacute;c loại m&aacute;y được ch&uacute;ng t&ocirc;i nhập khẩu ch&iacute;nh h&atilde;ng nguy&ecirc;n chiếc, gi&uacute;p cho b&agrave; con n&ocirc;ng d&acirc;n v&agrave; c&aacute;c chủ doanh nghiệp c&oacute; thể tiết kiệm c&ocirc;ng sức lao độn, n&acirc;ng cao hiệu suất c&ocirc;ng việc sản xuất.</p>\r\n', '', '', '<p>C&Ocirc;NG SUẤT CAO - GI&Aacute; CỰC TỐT</p>\r\n\r\n<p>H&Agrave;NG CH&Iacute;NH H&Atilde;NG - NHẬP KHẨU NGUY&Ecirc;N CHIẾC</p>\r\n\r\n<p>Hiệu suất cao - chất lượng tốt lu&ocirc;n l&agrave; ti&ecirc;u ch&iacute; h&agrave;ng đầu khi kh&aacute;ch h&agrave;ng t&igrave;m kiếm c&aacute;c d&ograve;ng sản phẩm m&aacute;y m&oacute;c c&ocirc;ng nghiệp.</p>\r\n\r\n<p>Thấu hiểu được điều đ&oacute;, Hợp Lực Cảng tự h&agrave;o giới thiệu đến qu&yacute; kh&aacute;ch những d&ograve;ng sản phẩm h&agrave;ng đầu trong ng&agrave;nh, bao gồm m&aacute;y ph&aacute;t điện, m&aacute;y x&aacute;t gạo, m&aacute;y xới đất v&agrave; m&aacute;y tuốt l&uacute;a.</p>\r\n\r\n<p>Tất cả c&aacute;c sản phẩm v&agrave; dịch vụ m&agrave; ch&uacute;ng t&ocirc;i cung cấp đều được kiểm tra v&agrave; đảm bảo tu&acirc;n thủ c&aacute;c ti&ecirc;u chuẩn chất lượng cao nhất</p>\r\n\r\n<p>Li&ecirc;n hệ ngay để được tư vấn v&agrave; nhận th&ocirc;ng tin chi tiết về c&aacute;c sản phẩm c&ocirc;ng nghiệp h&agrave;ng đầu của ch&uacute;ng t&ocirc;i.</p>\r\n\r\n<p>Hợp lực cảng Việt - Đối t&aacute;c đ&aacute;ng tin cậy cho c&aacute;c giải ph&aacute;p c&ocirc;ng nghiệp vượt trội!</p>\r\n', '', '', '', '', '', '', '', '', '', '', '', '', '', '', '', 0, 'sang-rung-doc-lap-rmm-02', 'Sàng rung độc lập RMM-02', '', ''),
(4396, 2204, 'en', 'english version Sàng rung độc lập RMM-02', 'english version <p>C&ocirc;ng ty TNHH Hợp Lực Cảng Việt chuy&ecirc;n cung cấp c&aacute;c loại m&oacute;c c&ocirc;ng nghiệp như m&aacute;y ph&aacute;t điện, m&aacute;y x&aacute;t gạo, m&aacute;y xới đất, m&aacute;y tuốt l&uacute;a,... Đ&acirc;y l&agrave; c&aacute;c loại m&aacute;y được ch&uacute;ng t&ocirc;i nhập khẩu ch&iacute;nh h&atilde;ng nguy&ecirc;n chiếc, gi&uacute;p cho b&agrave; con n&ocirc;ng d&acirc;n v&agrave; c&aacute;c chủ doanh nghiệp c&oacute; thể tiết kiệm c&ocirc;ng sức lao độn, n&acirc;ng cao hiệu suất c&ocirc;ng việc sản xuất.</p>\r\n', '', '', 'english version <p>C&Ocirc;NG SUẤT CAO - GI&Aacute; CỰC TỐT</p>\r\n\r\n<p>H&Agrave;NG CH&Iacute;NH H&Atilde;NG - NHẬP KHẨU NGUY&Ecirc;N CHIẾC</p>\r\n\r\n<p>Hiệu suất cao - chất lượng tốt lu&ocirc;n l&agrave; ti&ecirc;u ch&iacute; h&agrave;ng đầu khi kh&aacute;ch h&agrave;ng t&igrave;m kiếm c&aacute;c d&ograve;ng sản phẩm m&aacute;y m&oacute;c c&ocirc;ng nghiệp.</p>\r\n\r\n<p>Thấu hiểu được điều đ&oacute;, Hợp Lực Cảng tự h&agrave;o giới thiệu đến qu&yacute; kh&aacute;ch những d&ograve;ng sản phẩm h&agrave;ng đầu trong ng&agrave;nh, bao gồm m&aacute;y ph&aacute;t điện, m&aacute;y x&aacute;t gạo, m&aacute;y xới đất v&agrave; m&aacute;y tuốt l&uacute;a.</p>\r\n\r\n<p>Tất cả c&aacute;c sản phẩm v&agrave; dịch vụ m&agrave; ch&uacute;ng t&ocirc;i cung cấp đều được kiểm tra v&agrave; đảm bảo tu&acirc;n thủ c&aacute;c ti&ecirc;u chuẩn chất lượng cao nhất</p>\r\n\r\n<p>Li&ecirc;n hệ ngay để được tư vấn v&agrave; nhận th&ocirc;ng tin chi tiết về c&aacute;c sản phẩm c&ocirc;ng nghiệp h&agrave;ng đầu của ch&uacute;ng t&ocirc;i.</p>\r\n\r\n<p>Hợp lực cảng Việt - Đối t&aacute;c đ&aacute;ng tin cậy cho c&aacute;c giải ph&aacute;p c&ocirc;ng nghiệp vượt trội!</p>\r\n', '', '', '', '', '', '', '', '', '', '', '', '', '', '', '', 0, 'en-sang-rung-doc-lap-rmm-02', 'Sàng rung độc lập RMM-02', '', ''),
(4397, 2205, 'vn', 'Sàng rung 3 cấp RMM-03', '<p>C&ocirc;ng ty TNHH Hợp Lực Cảng Việt chuy&ecirc;n cung cấp c&aacute;c loại m&oacute;c c&ocirc;ng nghiệp như m&aacute;y ph&aacute;t điện, m&aacute;y x&aacute;t gạo, m&aacute;y xới đất, m&aacute;y tuốt l&uacute;a,... Đ&acirc;y l&agrave; c&aacute;c loại m&aacute;y được ch&uacute;ng t&ocirc;i nhập khẩu ch&iacute;nh h&atilde;ng nguy&ecirc;n chiếc, gi&uacute;p cho b&agrave; con n&ocirc;ng d&acirc;n v&agrave; c&aacute;c chủ doanh nghiệp c&oacute; thể tiết kiệm c&ocirc;ng sức lao độn, n&acirc;ng cao hiệu suất c&ocirc;ng việc sản xuất.</p>\r\n', '', '', '<p>C&Ocirc;NG SUẤT CAO - GI&Aacute; CỰC TỐT</p>\r\n\r\n<p>H&Agrave;NG CH&Iacute;NH H&Atilde;NG - NHẬP KHẨU NGUY&Ecirc;N CHIẾC</p>\r\n\r\n<p>Hiệu suất cao - chất lượng tốt lu&ocirc;n l&agrave; ti&ecirc;u ch&iacute; h&agrave;ng đầu khi kh&aacute;ch h&agrave;ng t&igrave;m kiếm c&aacute;c d&ograve;ng sản phẩm m&aacute;y m&oacute;c c&ocirc;ng nghiệp.</p>\r\n\r\n<p>Thấu hiểu được điều đ&oacute;, Hợp Lực Cảng tự h&agrave;o giới thiệu đến qu&yacute; kh&aacute;ch những d&ograve;ng sản phẩm h&agrave;ng đầu trong ng&agrave;nh, bao gồm m&aacute;y ph&aacute;t điện, m&aacute;y x&aacute;t gạo, m&aacute;y xới đất v&agrave; m&aacute;y tuốt l&uacute;a.</p>\r\n\r\n<p>Tất cả c&aacute;c sản phẩm v&agrave; dịch vụ m&agrave; ch&uacute;ng t&ocirc;i cung cấp đều được kiểm tra v&agrave; đảm bảo tu&acirc;n thủ c&aacute;c ti&ecirc;u chuẩn chất lượng cao nhất</p>\r\n\r\n<p>Li&ecirc;n hệ ngay để được tư vấn v&agrave; nhận th&ocirc;ng tin chi tiết về c&aacute;c sản phẩm c&ocirc;ng nghiệp h&agrave;ng đầu của ch&uacute;ng t&ocirc;i.</p>\r\n\r\n<p>Hợp lực cảng Việt - Đối t&aacute;c đ&aacute;ng tin cậy cho c&aacute;c giải ph&aacute;p c&ocirc;ng nghiệp vượt trội!</p>\r\n', '', '', '', '', '', '', '', '', '', '', '', '', '', '', '', 0, 'sang-rung-3-cap-rmm-03', 'Sàng rung 3 cấp RMM-03', '', ''),
(4398, 2205, 'en', 'english version Sàng rung 3 cấp RMM-03', 'english version <p>C&ocirc;ng ty TNHH Hợp Lực Cảng Việt chuy&ecirc;n cung cấp c&aacute;c loại m&oacute;c c&ocirc;ng nghiệp như m&aacute;y ph&aacute;t điện, m&aacute;y x&aacute;t gạo, m&aacute;y xới đất, m&aacute;y tuốt l&uacute;a,... Đ&acirc;y l&agrave; c&aacute;c loại m&aacute;y được ch&uacute;ng t&ocirc;i nhập khẩu ch&iacute;nh h&atilde;ng nguy&ecirc;n chiếc, gi&uacute;p cho b&agrave; con n&ocirc;ng d&acirc;n v&agrave; c&aacute;c chủ doanh nghiệp c&oacute; thể tiết kiệm c&ocirc;ng sức lao độn, n&acirc;ng cao hiệu suất c&ocirc;ng việc sản xuất.</p>\r\n', '', '', 'english version <p>C&Ocirc;NG SUẤT CAO - GI&Aacute; CỰC TỐT</p>\r\n\r\n<p>H&Agrave;NG CH&Iacute;NH H&Atilde;NG - NHẬP KHẨU NGUY&Ecirc;N CHIẾC</p>\r\n\r\n<p>Hiệu suất cao - chất lượng tốt lu&ocirc;n l&agrave; ti&ecirc;u ch&iacute; h&agrave;ng đầu khi kh&aacute;ch h&agrave;ng t&igrave;m kiếm c&aacute;c d&ograve;ng sản phẩm m&aacute;y m&oacute;c c&ocirc;ng nghiệp.</p>\r\n\r\n<p>Thấu hiểu được điều đ&oacute;, Hợp Lực Cảng tự h&agrave;o giới thiệu đến qu&yacute; kh&aacute;ch những d&ograve;ng sản phẩm h&agrave;ng đầu trong ng&agrave;nh, bao gồm m&aacute;y ph&aacute;t điện, m&aacute;y x&aacute;t gạo, m&aacute;y xới đất v&agrave; m&aacute;y tuốt l&uacute;a.</p>\r\n\r\n<p>Tất cả c&aacute;c sản phẩm v&agrave; dịch vụ m&agrave; ch&uacute;ng t&ocirc;i cung cấp đều được kiểm tra v&agrave; đảm bảo tu&acirc;n thủ c&aacute;c ti&ecirc;u chuẩn chất lượng cao nhất</p>\r\n\r\n<p>Li&ecirc;n hệ ngay để được tư vấn v&agrave; nhận th&ocirc;ng tin chi tiết về c&aacute;c sản phẩm c&ocirc;ng nghiệp h&agrave;ng đầu của ch&uacute;ng t&ocirc;i.</p>\r\n\r\n<p>Hợp lực cảng Việt - Đối t&aacute;c đ&aacute;ng tin cậy cho c&aacute;c giải ph&aacute;p c&ocirc;ng nghiệp vượt trội!</p>\r\n', '', '', '', '', '', '', '', '', '', '', '', '', '', '', '', 0, 'en-sang-rung-3-cap-rmm-03', 'Sàng rung 3 cấp RMM-03', '', ''),
(4399, 2206, 'vn', 'Máy nghiền vuông (chưa gồm động cơ)', '<p>C&ocirc;ng ty TNHH Hợp Lực Cảng Việt chuy&ecirc;n cung cấp c&aacute;c loại m&oacute;c c&ocirc;ng nghiệp như m&aacute;y ph&aacute;t điện, m&aacute;y x&aacute;t gạo, m&aacute;y xới đất, m&aacute;y tuốt l&uacute;a,... Đ&acirc;y l&agrave; c&aacute;c loại m&aacute;y được ch&uacute;ng t&ocirc;i nhập khẩu ch&iacute;nh h&atilde;ng nguy&ecirc;n chiếc, gi&uacute;p cho b&agrave; con n&ocirc;ng d&acirc;n v&agrave; c&aacute;c chủ doanh nghiệp c&oacute; thể tiết kiệm c&ocirc;ng sức lao độn, n&acirc;ng cao hiệu suất c&ocirc;ng việc sản xuất.</p>\r\n', '', '', '<p>C&Ocirc;NG SUẤT CAO - GI&Aacute; CỰC TỐT</p>\r\n\r\n<p>H&Agrave;NG CH&Iacute;NH H&Atilde;NG - NHẬP KHẨU NGUY&Ecirc;N CHIẾC</p>\r\n\r\n<p>Hiệu suất cao - chất lượng tốt lu&ocirc;n l&agrave; ti&ecirc;u ch&iacute; h&agrave;ng đầu khi kh&aacute;ch h&agrave;ng t&igrave;m kiếm c&aacute;c d&ograve;ng sản phẩm m&aacute;y m&oacute;c c&ocirc;ng nghiệp.</p>\r\n\r\n<p>Thấu hiểu được điều đ&oacute;, Hợp Lực Cảng tự h&agrave;o giới thiệu đến qu&yacute; kh&aacute;ch những d&ograve;ng sản phẩm h&agrave;ng đầu trong ng&agrave;nh, bao gồm m&aacute;y ph&aacute;t điện, m&aacute;y x&aacute;t gạo, m&aacute;y xới đất v&agrave; m&aacute;y tuốt l&uacute;a.</p>\r\n\r\n<p>Tất cả c&aacute;c sản phẩm v&agrave; dịch vụ m&agrave; ch&uacute;ng t&ocirc;i cung cấp đều được kiểm tra v&agrave; đảm bảo tu&acirc;n thủ c&aacute;c ti&ecirc;u chuẩn chất lượng cao nhất</p>\r\n\r\n<p>Li&ecirc;n hệ ngay để được tư vấn v&agrave; nhận th&ocirc;ng tin chi tiết về c&aacute;c sản phẩm c&ocirc;ng nghiệp h&agrave;ng đầu của ch&uacute;ng t&ocirc;i.</p>\r\n\r\n<p>Hợp lực cảng Việt - Đối t&aacute;c đ&aacute;ng tin cậy cho c&aacute;c giải ph&aacute;p c&ocirc;ng nghiệp vượt trội!</p>\r\n', '', '', '', '', '', '', '', '', '', '', '', '', '', '', '', 0, 'may-nghien-vuong-chua-gom-dong-co', 'Máy nghiền vuông (chưa gồm động cơ)', '', '');
INSERT INTO `product_languages` (`id`, `product_id`, `languages_code`, `lang_product_name`, `lang_product_des`, `lang_product_des2`, `lang_product_des3`, `lang_product_content`, `lang_product_content2`, `lang_product_content3`, `lang_product_code`, `lang_product_original`, `lang_product_size`, `lang_product_package`, `lang_product_delivery`, `lang_product_delivery_time`, `lang_product_payment`, `lang_product_payment_type`, `lang_product_sub_info1`, `lang_product_sub_info2`, `lang_product_sub_info3`, `lang_product_sub_info4`, `lang_product_sub_info5`, `edit_state`, `friendly_url`, `title_seo`, `des_seo`, `keyword`) VALUES
(4400, 2206, 'en', 'english version Máy nghiền vuông (chưa gồm động cơ)', 'english version <p>C&ocirc;ng ty TNHH Hợp Lực Cảng Việt chuy&ecirc;n cung cấp c&aacute;c loại m&oacute;c c&ocirc;ng nghiệp như m&aacute;y ph&aacute;t điện, m&aacute;y x&aacute;t gạo, m&aacute;y xới đất, m&aacute;y tuốt l&uacute;a,... Đ&acirc;y l&agrave; c&aacute;c loại m&aacute;y được ch&uacute;ng t&ocirc;i nhập khẩu ch&iacute;nh h&atilde;ng nguy&ecirc;n chiếc, gi&uacute;p cho b&agrave; con n&ocirc;ng d&acirc;n v&agrave; c&aacute;c chủ doanh nghiệp c&oacute; thể tiết kiệm c&ocirc;ng sức lao độn, n&acirc;ng cao hiệu suất c&ocirc;ng việc sản xuất.</p>\r\n', '', '', 'english version <p>C&Ocirc;NG SUẤT CAO - GI&Aacute; CỰC TỐT</p>\r\n\r\n<p>H&Agrave;NG CH&Iacute;NH H&Atilde;NG - NHẬP KHẨU NGUY&Ecirc;N CHIẾC</p>\r\n\r\n<p>Hiệu suất cao - chất lượng tốt lu&ocirc;n l&agrave; ti&ecirc;u ch&iacute; h&agrave;ng đầu khi kh&aacute;ch h&agrave;ng t&igrave;m kiếm c&aacute;c d&ograve;ng sản phẩm m&aacute;y m&oacute;c c&ocirc;ng nghiệp.</p>\r\n\r\n<p>Thấu hiểu được điều đ&oacute;, Hợp Lực Cảng tự h&agrave;o giới thiệu đến qu&yacute; kh&aacute;ch những d&ograve;ng sản phẩm h&agrave;ng đầu trong ng&agrave;nh, bao gồm m&aacute;y ph&aacute;t điện, m&aacute;y x&aacute;t gạo, m&aacute;y xới đất v&agrave; m&aacute;y tuốt l&uacute;a.</p>\r\n\r\n<p>Tất cả c&aacute;c sản phẩm v&agrave; dịch vụ m&agrave; ch&uacute;ng t&ocirc;i cung cấp đều được kiểm tra v&agrave; đảm bảo tu&acirc;n thủ c&aacute;c ti&ecirc;u chuẩn chất lượng cao nhất</p>\r\n\r\n<p>Li&ecirc;n hệ ngay để được tư vấn v&agrave; nhận th&ocirc;ng tin chi tiết về c&aacute;c sản phẩm c&ocirc;ng nghiệp h&agrave;ng đầu của ch&uacute;ng t&ocirc;i.</p>\r\n\r\n<p>Hợp lực cảng Việt - Đối t&aacute;c đ&aacute;ng tin cậy cho c&aacute;c giải ph&aacute;p c&ocirc;ng nghiệp vượt trội!</p>\r\n', '', '', '', '', '', '', '', '', '', '', '', '', '', '', '', 0, 'en-may-nghien-vuong-chua-gom-dong-co', 'Máy nghiền vuông (chưa gồm động cơ)', '', ''),
(4401, 2207, 'vn', 'Máy tuốt lúa đa năng 5TD-36A chạy động cơ Diezel (chưa gồm động cơ)', '<p>C&ocirc;ng ty TNHH Hợp Lực Cảng Việt chuy&ecirc;n cung cấp c&aacute;c loại m&oacute;c c&ocirc;ng nghiệp như m&aacute;y ph&aacute;t điện, m&aacute;y x&aacute;t gạo, m&aacute;y xới đất, m&aacute;y tuốt l&uacute;a,... Đ&acirc;y l&agrave; c&aacute;c loại m&aacute;y được ch&uacute;ng t&ocirc;i nhập khẩu ch&iacute;nh h&atilde;ng nguy&ecirc;n chiếc, gi&uacute;p cho b&agrave; con n&ocirc;ng d&acirc;n v&agrave; c&aacute;c chủ doanh nghiệp c&oacute; thể tiết kiệm c&ocirc;ng sức lao độn, n&acirc;ng cao hiệu suất c&ocirc;ng việc sản xuất.</p>\r\n', '', '', '<p>C&Ocirc;NG SUẤT CAO - GI&Aacute; CỰC TỐT</p>\r\n\r\n<p>H&Agrave;NG CH&Iacute;NH H&Atilde;NG - NHẬP KHẨU NGUY&Ecirc;N CHIẾC</p>\r\n\r\n<p>Hiệu suất cao - chất lượng tốt lu&ocirc;n l&agrave; ti&ecirc;u ch&iacute; h&agrave;ng đầu khi kh&aacute;ch h&agrave;ng t&igrave;m kiếm c&aacute;c d&ograve;ng sản phẩm m&aacute;y m&oacute;c c&ocirc;ng nghiệp.</p>\r\n\r\n<p>Thấu hiểu được điều đ&oacute;, Hợp Lực Cảng tự h&agrave;o giới thiệu đến qu&yacute; kh&aacute;ch những d&ograve;ng sản phẩm h&agrave;ng đầu trong ng&agrave;nh, bao gồm m&aacute;y ph&aacute;t điện, m&aacute;y x&aacute;t gạo, m&aacute;y xới đất v&agrave; m&aacute;y tuốt l&uacute;a.</p>\r\n\r\n<p>Tất cả c&aacute;c sản phẩm v&agrave; dịch vụ m&agrave; ch&uacute;ng t&ocirc;i cung cấp đều được kiểm tra v&agrave; đảm bảo tu&acirc;n thủ c&aacute;c ti&ecirc;u chuẩn chất lượng cao nhất</p>\r\n\r\n<p>Li&ecirc;n hệ ngay để được tư vấn v&agrave; nhận th&ocirc;ng tin chi tiết về c&aacute;c sản phẩm c&ocirc;ng nghiệp h&agrave;ng đầu của ch&uacute;ng t&ocirc;i.</p>\r\n\r\n<p>Hợp lực cảng Việt - Đối t&aacute;c đ&aacute;ng tin cậy cho c&aacute;c giải ph&aacute;p c&ocirc;ng nghiệp vượt trội!</p>\r\n', '', '', '', '', '', '', '', '', '', '', '', '', '', '', '', 0, 'may-tuot-lua-da-nang-5td-36a-chay-dong-co-diezel-chua-gom-dong-co', 'Máy tuốt lúa đa năng 5TD-36A chạy động cơ Diezel (chưa gồm động cơ)', '', ''),
(4402, 2207, 'en', 'english version Máy tuốt lúa đa năng 5TD-36A chạy động cơ Diezel (chưa gồm động cơ)', 'english version <p>C&ocirc;ng ty TNHH Hợp Lực Cảng Việt chuy&ecirc;n cung cấp c&aacute;c loại m&oacute;c c&ocirc;ng nghiệp như m&aacute;y ph&aacute;t điện, m&aacute;y x&aacute;t gạo, m&aacute;y xới đất, m&aacute;y tuốt l&uacute;a,... Đ&acirc;y l&agrave; c&aacute;c loại m&aacute;y được ch&uacute;ng t&ocirc;i nhập khẩu ch&iacute;nh h&atilde;ng nguy&ecirc;n chiếc, gi&uacute;p cho b&agrave; con n&ocirc;ng d&acirc;n v&agrave; c&aacute;c chủ doanh nghiệp c&oacute; thể tiết kiệm c&ocirc;ng sức lao độn, n&acirc;ng cao hiệu suất c&ocirc;ng việc sản xuất.</p>\r\n', '', '', 'english version <p>C&Ocirc;NG SUẤT CAO - GI&Aacute; CỰC TỐT</p>\r\n\r\n<p>H&Agrave;NG CH&Iacute;NH H&Atilde;NG - NHẬP KHẨU NGUY&Ecirc;N CHIẾC</p>\r\n\r\n<p>Hiệu suất cao - chất lượng tốt lu&ocirc;n l&agrave; ti&ecirc;u ch&iacute; h&agrave;ng đầu khi kh&aacute;ch h&agrave;ng t&igrave;m kiếm c&aacute;c d&ograve;ng sản phẩm m&aacute;y m&oacute;c c&ocirc;ng nghiệp.</p>\r\n\r\n<p>Thấu hiểu được điều đ&oacute;, Hợp Lực Cảng tự h&agrave;o giới thiệu đến qu&yacute; kh&aacute;ch những d&ograve;ng sản phẩm h&agrave;ng đầu trong ng&agrave;nh, bao gồm m&aacute;y ph&aacute;t điện, m&aacute;y x&aacute;t gạo, m&aacute;y xới đất v&agrave; m&aacute;y tuốt l&uacute;a.</p>\r\n\r\n<p>Tất cả c&aacute;c sản phẩm v&agrave; dịch vụ m&agrave; ch&uacute;ng t&ocirc;i cung cấp đều được kiểm tra v&agrave; đảm bảo tu&acirc;n thủ c&aacute;c ti&ecirc;u chuẩn chất lượng cao nhất</p>\r\n\r\n<p>Li&ecirc;n hệ ngay để được tư vấn v&agrave; nhận th&ocirc;ng tin chi tiết về c&aacute;c sản phẩm c&ocirc;ng nghiệp h&agrave;ng đầu của ch&uacute;ng t&ocirc;i.</p>\r\n\r\n<p>Hợp lực cảng Việt - Đối t&aacute;c đ&aacute;ng tin cậy cho c&aacute;c giải ph&aacute;p c&ocirc;ng nghiệp vượt trội!</p>\r\n', '', '', '', '', '', '', '', '', '', '', '', '', '', '', '', 0, 'en-may-tuot-lua-da-nang-5td-36a-chay-dong-co-diezel-chua-gom-dong-co', 'Máy tuốt lúa đa năng 5TD-36A chạy động cơ Diezel (chưa gồm động cơ)', '', ''),
(4403, 2208, 'vn', 'Máy tuốt lúa 5TW-40 chạy động cơ xăng (chưa gồm động cơ)', '<p>C&ocirc;ng ty TNHH Hợp Lực Cảng Việt chuy&ecirc;n cung cấp c&aacute;c loại m&oacute;c c&ocirc;ng nghiệp như m&aacute;y ph&aacute;t điện, m&aacute;y x&aacute;t gạo, m&aacute;y xới đất, m&aacute;y tuốt l&uacute;a,... Đ&acirc;y l&agrave; c&aacute;c loại m&aacute;y được ch&uacute;ng t&ocirc;i nhập khẩu ch&iacute;nh h&atilde;ng nguy&ecirc;n chiếc, gi&uacute;p cho b&agrave; con n&ocirc;ng d&acirc;n v&agrave; c&aacute;c chủ doanh nghiệp c&oacute; thể tiết kiệm c&ocirc;ng sức lao độn, n&acirc;ng cao hiệu suất c&ocirc;ng việc sản xuất.</p>\r\n', '', '', '<p>C&Ocirc;NG SUẤT CAO - GI&Aacute; CỰC TỐT</p>\r\n\r\n<p>H&Agrave;NG CH&Iacute;NH H&Atilde;NG - NHẬP KHẨU NGUY&Ecirc;N CHIẾC</p>\r\n\r\n<p>Hiệu suất cao - chất lượng tốt lu&ocirc;n l&agrave; ti&ecirc;u ch&iacute; h&agrave;ng đầu khi kh&aacute;ch h&agrave;ng t&igrave;m kiếm c&aacute;c d&ograve;ng sản phẩm m&aacute;y m&oacute;c c&ocirc;ng nghiệp.</p>\r\n\r\n<p>Thấu hiểu được điều đ&oacute;, Hợp Lực Cảng tự h&agrave;o giới thiệu đến qu&yacute; kh&aacute;ch những d&ograve;ng sản phẩm h&agrave;ng đầu trong ng&agrave;nh, bao gồm m&aacute;y ph&aacute;t điện, m&aacute;y x&aacute;t gạo, m&aacute;y xới đất v&agrave; m&aacute;y tuốt l&uacute;a.</p>\r\n\r\n<p>Tất cả c&aacute;c sản phẩm v&agrave; dịch vụ m&agrave; ch&uacute;ng t&ocirc;i cung cấp đều được kiểm tra v&agrave; đảm bảo tu&acirc;n thủ c&aacute;c ti&ecirc;u chuẩn chất lượng cao nhất</p>\r\n\r\n<p>Li&ecirc;n hệ ngay để được tư vấn v&agrave; nhận th&ocirc;ng tin chi tiết về c&aacute;c sản phẩm c&ocirc;ng nghiệp h&agrave;ng đầu của ch&uacute;ng t&ocirc;i.</p>\r\n\r\n<p>Hợp lực cảng Việt - Đối t&aacute;c đ&aacute;ng tin cậy cho c&aacute;c giải ph&aacute;p c&ocirc;ng nghiệp vượt trội!</p>\r\n', '', '', '', '', '', '', '', '', '', '', '', '', '', '', '', 0, 'may-tuot-lua-5tw-40-chay-dong-co-xang-chua-gom-dong-co', 'Máy tuốt lúa 5TW-40 chạy động cơ xăng (chưa gồm động cơ)', '', ''),
(4404, 2208, 'en', 'english version Máy tuốt lúa 5TW-40 chạy động cơ xăng (chưa gồm động cơ)', 'english version <p>C&ocirc;ng ty TNHH Hợp Lực Cảng Việt chuy&ecirc;n cung cấp c&aacute;c loại m&oacute;c c&ocirc;ng nghiệp như m&aacute;y ph&aacute;t điện, m&aacute;y x&aacute;t gạo, m&aacute;y xới đất, m&aacute;y tuốt l&uacute;a,... Đ&acirc;y l&agrave; c&aacute;c loại m&aacute;y được ch&uacute;ng t&ocirc;i nhập khẩu ch&iacute;nh h&atilde;ng nguy&ecirc;n chiếc, gi&uacute;p cho b&agrave; con n&ocirc;ng d&acirc;n v&agrave; c&aacute;c chủ doanh nghiệp c&oacute; thể tiết kiệm c&ocirc;ng sức lao độn, n&acirc;ng cao hiệu suất c&ocirc;ng việc sản xuất.</p>\r\n', '', '', 'english version <p>C&Ocirc;NG SUẤT CAO - GI&Aacute; CỰC TỐT</p>\r\n\r\n<p>H&Agrave;NG CH&Iacute;NH H&Atilde;NG - NHẬP KHẨU NGUY&Ecirc;N CHIẾC</p>\r\n\r\n<p>Hiệu suất cao - chất lượng tốt lu&ocirc;n l&agrave; ti&ecirc;u ch&iacute; h&agrave;ng đầu khi kh&aacute;ch h&agrave;ng t&igrave;m kiếm c&aacute;c d&ograve;ng sản phẩm m&aacute;y m&oacute;c c&ocirc;ng nghiệp.</p>\r\n\r\n<p>Thấu hiểu được điều đ&oacute;, Hợp Lực Cảng tự h&agrave;o giới thiệu đến qu&yacute; kh&aacute;ch những d&ograve;ng sản phẩm h&agrave;ng đầu trong ng&agrave;nh, bao gồm m&aacute;y ph&aacute;t điện, m&aacute;y x&aacute;t gạo, m&aacute;y xới đất v&agrave; m&aacute;y tuốt l&uacute;a.</p>\r\n\r\n<p>Tất cả c&aacute;c sản phẩm v&agrave; dịch vụ m&agrave; ch&uacute;ng t&ocirc;i cung cấp đều được kiểm tra v&agrave; đảm bảo tu&acirc;n thủ c&aacute;c ti&ecirc;u chuẩn chất lượng cao nhất</p>\r\n\r\n<p>Li&ecirc;n hệ ngay để được tư vấn v&agrave; nhận th&ocirc;ng tin chi tiết về c&aacute;c sản phẩm c&ocirc;ng nghiệp h&agrave;ng đầu của ch&uacute;ng t&ocirc;i.</p>\r\n\r\n<p>Hợp lực cảng Việt - Đối t&aacute;c đ&aacute;ng tin cậy cho c&aacute;c giải ph&aacute;p c&ocirc;ng nghiệp vượt trội!</p>\r\n', '', '', '', '', '', '', '', '', '', '', '', '', '', '', '', 0, 'en-may-tuot-lua-5tw-40-chay-dong-co-xang-chua-gom-dong-co', 'Máy tuốt lúa 5TW-40 chạy động cơ xăng (chưa gồm động cơ)', '', ''),
(4405, 2209, 'vn', 'Máy tuốt lúa 5TG-80 chạy động cơ xăng ( chưa gồm động cơ)', '<p>C&ocirc;ng ty TNHH Hợp Lực Cảng Việt chuy&ecirc;n cung cấp c&aacute;c loại m&oacute;c c&ocirc;ng nghiệp như m&aacute;y ph&aacute;t điện, m&aacute;y x&aacute;t gạo, m&aacute;y xới đất, m&aacute;y tuốt l&uacute;a,... Đ&acirc;y l&agrave; c&aacute;c loại m&aacute;y được ch&uacute;ng t&ocirc;i nhập khẩu ch&iacute;nh h&atilde;ng nguy&ecirc;n chiếc, gi&uacute;p cho b&agrave; con n&ocirc;ng d&acirc;n v&agrave; c&aacute;c chủ doanh nghiệp c&oacute; thể tiết kiệm c&ocirc;ng sức lao độn, n&acirc;ng cao hiệu suất c&ocirc;ng việc sản xuất.</p>\r\n', '', '', '<p>C&Ocirc;NG SUẤT CAO - GI&Aacute; CỰC TỐT</p>\r\n\r\n<p>H&Agrave;NG CH&Iacute;NH H&Atilde;NG - NHẬP KHẨU NGUY&Ecirc;N CHIẾC</p>\r\n\r\n<p>Hiệu suất cao - chất lượng tốt lu&ocirc;n l&agrave; ti&ecirc;u ch&iacute; h&agrave;ng đầu khi kh&aacute;ch h&agrave;ng t&igrave;m kiếm c&aacute;c d&ograve;ng sản phẩm m&aacute;y m&oacute;c c&ocirc;ng nghiệp.</p>\r\n\r\n<p>Thấu hiểu được điều đ&oacute;, Hợp Lực Cảng tự h&agrave;o giới thiệu đến qu&yacute; kh&aacute;ch những d&ograve;ng sản phẩm h&agrave;ng đầu trong ng&agrave;nh, bao gồm m&aacute;y ph&aacute;t điện, m&aacute;y x&aacute;t gạo, m&aacute;y xới đất v&agrave; m&aacute;y tuốt l&uacute;a.</p>\r\n\r\n<p>Tất cả c&aacute;c sản phẩm v&agrave; dịch vụ m&agrave; ch&uacute;ng t&ocirc;i cung cấp đều được kiểm tra v&agrave; đảm bảo tu&acirc;n thủ c&aacute;c ti&ecirc;u chuẩn chất lượng cao nhất</p>\r\n\r\n<p>Li&ecirc;n hệ ngay để được tư vấn v&agrave; nhận th&ocirc;ng tin chi tiết về c&aacute;c sản phẩm c&ocirc;ng nghiệp h&agrave;ng đầu của ch&uacute;ng t&ocirc;i.</p>\r\n\r\n<p>Hợp lực cảng Việt - Đối t&aacute;c đ&aacute;ng tin cậy cho c&aacute;c giải ph&aacute;p c&ocirc;ng nghiệp vượt trội!</p>\r\n', '', '', '', '', '', '', '', '', '', '', '', '', '', '', '', 0, 'may-tuot-lua-5tg-80-chay-dong-co-xang-chua-gom-dong-co', 'Máy tuốt lúa 5TG-80 chạy động cơ xăng ( chưa gồm động cơ)', '', ''),
(4406, 2209, 'en', 'english version Máy tuốt lúa 5TG-80 chạy động cơ xăng ( chưa gồm động cơ)', 'english version <p>C&ocirc;ng ty TNHH Hợp Lực Cảng Việt chuy&ecirc;n cung cấp c&aacute;c loại m&oacute;c c&ocirc;ng nghiệp như m&aacute;y ph&aacute;t điện, m&aacute;y x&aacute;t gạo, m&aacute;y xới đất, m&aacute;y tuốt l&uacute;a,... Đ&acirc;y l&agrave; c&aacute;c loại m&aacute;y được ch&uacute;ng t&ocirc;i nhập khẩu ch&iacute;nh h&atilde;ng nguy&ecirc;n chiếc, gi&uacute;p cho b&agrave; con n&ocirc;ng d&acirc;n v&agrave; c&aacute;c chủ doanh nghiệp c&oacute; thể tiết kiệm c&ocirc;ng sức lao độn, n&acirc;ng cao hiệu suất c&ocirc;ng việc sản xuất.</p>\r\n', '', '', 'english version <p>C&Ocirc;NG SUẤT CAO - GI&Aacute; CỰC TỐT</p>\r\n\r\n<p>H&Agrave;NG CH&Iacute;NH H&Atilde;NG - NHẬP KHẨU NGUY&Ecirc;N CHIẾC</p>\r\n\r\n<p>Hiệu suất cao - chất lượng tốt lu&ocirc;n l&agrave; ti&ecirc;u ch&iacute; h&agrave;ng đầu khi kh&aacute;ch h&agrave;ng t&igrave;m kiếm c&aacute;c d&ograve;ng sản phẩm m&aacute;y m&oacute;c c&ocirc;ng nghiệp.</p>\r\n\r\n<p>Thấu hiểu được điều đ&oacute;, Hợp Lực Cảng tự h&agrave;o giới thiệu đến qu&yacute; kh&aacute;ch những d&ograve;ng sản phẩm h&agrave;ng đầu trong ng&agrave;nh, bao gồm m&aacute;y ph&aacute;t điện, m&aacute;y x&aacute;t gạo, m&aacute;y xới đất v&agrave; m&aacute;y tuốt l&uacute;a.</p>\r\n\r\n<p>Tất cả c&aacute;c sản phẩm v&agrave; dịch vụ m&agrave; ch&uacute;ng t&ocirc;i cung cấp đều được kiểm tra v&agrave; đảm bảo tu&acirc;n thủ c&aacute;c ti&ecirc;u chuẩn chất lượng cao nhất</p>\r\n\r\n<p>Li&ecirc;n hệ ngay để được tư vấn v&agrave; nhận th&ocirc;ng tin chi tiết về c&aacute;c sản phẩm c&ocirc;ng nghiệp h&agrave;ng đầu của ch&uacute;ng t&ocirc;i.</p>\r\n\r\n<p>Hợp lực cảng Việt - Đối t&aacute;c đ&aacute;ng tin cậy cho c&aacute;c giải ph&aacute;p c&ocirc;ng nghiệp vượt trội!</p>\r\n', '', '', '', '', '', '', '', '', '', '', '', '', '', '', '', 0, 'en-may-tuot-lua-5tg-80-chay-dong-co-xang-chua-gom-dong-co', 'Máy tuốt lúa 5TG-80 chạy động cơ xăng ( chưa gồm động cơ)', '', ''),
(4407, 2210, 'vn', 'Máy nghiền hút TL-21AT (chưa gồm động cơ)', '<p>C&ocirc;ng ty TNHH Hợp Lực Cảng Việt chuy&ecirc;n cung cấp c&aacute;c loại m&oacute;c c&ocirc;ng nghiệp như m&aacute;y ph&aacute;t điện, m&aacute;y x&aacute;t gạo, m&aacute;y xới đất, m&aacute;y tuốt l&uacute;a,... Đ&acirc;y l&agrave; c&aacute;c loại m&aacute;y được ch&uacute;ng t&ocirc;i nhập khẩu ch&iacute;nh h&atilde;ng nguy&ecirc;n chiếc, gi&uacute;p cho b&agrave; con n&ocirc;ng d&acirc;n v&agrave; c&aacute;c chủ doanh nghiệp c&oacute; thể tiết kiệm c&ocirc;ng sức lao độn, n&acirc;ng cao hiệu suất c&ocirc;ng việc sản xuất.</p>\r\n', '', '', '<p>C&Ocirc;NG SUẤT CAO - GI&Aacute; CỰC TỐT</p>\r\n\r\n<p>H&Agrave;NG CH&Iacute;NH H&Atilde;NG - NHẬP KHẨU NGUY&Ecirc;N CHIẾC</p>\r\n\r\n<p>Hiệu suất cao - chất lượng tốt lu&ocirc;n l&agrave; ti&ecirc;u ch&iacute; h&agrave;ng đầu khi kh&aacute;ch h&agrave;ng t&igrave;m kiếm c&aacute;c d&ograve;ng sản phẩm m&aacute;y m&oacute;c c&ocirc;ng nghiệp.</p>\r\n\r\n<p>Thấu hiểu được điều đ&oacute;, Hợp Lực Cảng tự h&agrave;o giới thiệu đến qu&yacute; kh&aacute;ch những d&ograve;ng sản phẩm h&agrave;ng đầu trong ng&agrave;nh, bao gồm m&aacute;y ph&aacute;t điện, m&aacute;y x&aacute;t gạo, m&aacute;y xới đất v&agrave; m&aacute;y tuốt l&uacute;a.</p>\r\n\r\n<p>Tất cả c&aacute;c sản phẩm v&agrave; dịch vụ m&agrave; ch&uacute;ng t&ocirc;i cung cấp đều được kiểm tra v&agrave; đảm bảo tu&acirc;n thủ c&aacute;c ti&ecirc;u chuẩn chất lượng cao nhất</p>\r\n\r\n<p>Li&ecirc;n hệ ngay để được tư vấn v&agrave; nhận th&ocirc;ng tin chi tiết về c&aacute;c sản phẩm c&ocirc;ng nghiệp h&agrave;ng đầu của ch&uacute;ng t&ocirc;i.</p>\r\n\r\n<p>Hợp lực cảng Việt - Đối t&aacute;c đ&aacute;ng tin cậy cho c&aacute;c giải ph&aacute;p c&ocirc;ng nghiệp vượt trội!</p>\r\n', '', '', '', '', '', '', '', '', '', '', '', '', '', '', '', 0, 'may-nghien-hut-tl-21at-chua-gom-dong-co', 'Máy nghiền hút TL-21AT (chưa gồm động cơ)', '', ''),
(4408, 2210, 'en', 'english version Máy nghiền hút TL-21AT (chưa gồm động cơ)', 'english version <p>C&ocirc;ng ty TNHH Hợp Lực Cảng Việt chuy&ecirc;n cung cấp c&aacute;c loại m&oacute;c c&ocirc;ng nghiệp như m&aacute;y ph&aacute;t điện, m&aacute;y x&aacute;t gạo, m&aacute;y xới đất, m&aacute;y tuốt l&uacute;a,... Đ&acirc;y l&agrave; c&aacute;c loại m&aacute;y được ch&uacute;ng t&ocirc;i nhập khẩu ch&iacute;nh h&atilde;ng nguy&ecirc;n chiếc, gi&uacute;p cho b&agrave; con n&ocirc;ng d&acirc;n v&agrave; c&aacute;c chủ doanh nghiệp c&oacute; thể tiết kiệm c&ocirc;ng sức lao độn, n&acirc;ng cao hiệu suất c&ocirc;ng việc sản xuất.</p>\r\n', '', '', 'english version <p>C&Ocirc;NG SUẤT CAO - GI&Aacute; CỰC TỐT</p>\r\n\r\n<p>H&Agrave;NG CH&Iacute;NH H&Atilde;NG - NHẬP KHẨU NGUY&Ecirc;N CHIẾC</p>\r\n\r\n<p>Hiệu suất cao - chất lượng tốt lu&ocirc;n l&agrave; ti&ecirc;u ch&iacute; h&agrave;ng đầu khi kh&aacute;ch h&agrave;ng t&igrave;m kiếm c&aacute;c d&ograve;ng sản phẩm m&aacute;y m&oacute;c c&ocirc;ng nghiệp.</p>\r\n\r\n<p>Thấu hiểu được điều đ&oacute;, Hợp Lực Cảng tự h&agrave;o giới thiệu đến qu&yacute; kh&aacute;ch những d&ograve;ng sản phẩm h&agrave;ng đầu trong ng&agrave;nh, bao gồm m&aacute;y ph&aacute;t điện, m&aacute;y x&aacute;t gạo, m&aacute;y xới đất v&agrave; m&aacute;y tuốt l&uacute;a.</p>\r\n\r\n<p>Tất cả c&aacute;c sản phẩm v&agrave; dịch vụ m&agrave; ch&uacute;ng t&ocirc;i cung cấp đều được kiểm tra v&agrave; đảm bảo tu&acirc;n thủ c&aacute;c ti&ecirc;u chuẩn chất lượng cao nhất</p>\r\n\r\n<p>Li&ecirc;n hệ ngay để được tư vấn v&agrave; nhận th&ocirc;ng tin chi tiết về c&aacute;c sản phẩm c&ocirc;ng nghiệp h&agrave;ng đầu của ch&uacute;ng t&ocirc;i.</p>\r\n\r\n<p>Hợp lực cảng Việt - Đối t&aacute;c đ&aacute;ng tin cậy cho c&aacute;c giải ph&aacute;p c&ocirc;ng nghiệp vượt trội!</p>\r\n', '', '', '', '', '', '', '', '', '', '', '', '', '', '', '', 0, 'en-may-nghien-hut-tl-21at-chua-gom-dong-co', 'Máy nghiền hút TL-21AT (chưa gồm động cơ)', '', ''),
(4409, 2211, 'vn', 'Máy nghiền đĩa (chưa gồm động cơ)', '<p>C&ocirc;ng ty TNHH Hợp Lực Cảng Việt chuy&ecirc;n cung cấp c&aacute;c loại m&oacute;c c&ocirc;ng nghiệp như m&aacute;y ph&aacute;t điện, m&aacute;y x&aacute;t gạo, m&aacute;y xới đất, m&aacute;y tuốt l&uacute;a,... Đ&acirc;y l&agrave; c&aacute;c loại m&aacute;y được ch&uacute;ng t&ocirc;i nhập khẩu ch&iacute;nh h&atilde;ng nguy&ecirc;n chiếc, gi&uacute;p cho b&agrave; con n&ocirc;ng d&acirc;n v&agrave; c&aacute;c chủ doanh nghiệp c&oacute; thể tiết kiệm c&ocirc;ng sức lao độn, n&acirc;ng cao hiệu suất c&ocirc;ng việc sản xuất.</p>\r\n', '', '', '<p>C&Ocirc;NG SUẤT CAO - GI&Aacute; CỰC TỐT</p>\r\n\r\n<p>H&Agrave;NG CH&Iacute;NH H&Atilde;NG - NHẬP KHẨU NGUY&Ecirc;N CHIẾC</p>\r\n\r\n<p>Hiệu suất cao - chất lượng tốt lu&ocirc;n l&agrave; ti&ecirc;u ch&iacute; h&agrave;ng đầu khi kh&aacute;ch h&agrave;ng t&igrave;m kiếm c&aacute;c d&ograve;ng sản phẩm m&aacute;y m&oacute;c c&ocirc;ng nghiệp.</p>\r\n\r\n<p>Thấu hiểu được điều đ&oacute;, Hợp Lực Cảng tự h&agrave;o giới thiệu đến qu&yacute; kh&aacute;ch những d&ograve;ng sản phẩm h&agrave;ng đầu trong ng&agrave;nh, bao gồm m&aacute;y ph&aacute;t điện, m&aacute;y x&aacute;t gạo, m&aacute;y xới đất v&agrave; m&aacute;y tuốt l&uacute;a.</p>\r\n\r\n<p>Tất cả c&aacute;c sản phẩm v&agrave; dịch vụ m&agrave; ch&uacute;ng t&ocirc;i cung cấp đều được kiểm tra v&agrave; đảm bảo tu&acirc;n thủ c&aacute;c ti&ecirc;u chuẩn chất lượng cao nhất</p>\r\n\r\n<p>Li&ecirc;n hệ ngay để được tư vấn v&agrave; nhận th&ocirc;ng tin chi tiết về c&aacute;c sản phẩm c&ocirc;ng nghiệp h&agrave;ng đầu của ch&uacute;ng t&ocirc;i.</p>\r\n\r\n<p>Hợp lực cảng Việt - Đối t&aacute;c đ&aacute;ng tin cậy cho c&aacute;c giải ph&aacute;p c&ocirc;ng nghiệp vượt trội!</p>\r\n', '', '', '', '', '', '', '', '', '', '', '', '', '', '', '', 0, 'may-nghien-dia-chua-gom-dong-co', 'Máy nghiền đĩa (chưa gồm động cơ)', '', ''),
(4410, 2211, 'en', 'english version Máy nghiền đĩa (chưa gồm động cơ)', 'english version <p>C&ocirc;ng ty TNHH Hợp Lực Cảng Việt chuy&ecirc;n cung cấp c&aacute;c loại m&oacute;c c&ocirc;ng nghiệp như m&aacute;y ph&aacute;t điện, m&aacute;y x&aacute;t gạo, m&aacute;y xới đất, m&aacute;y tuốt l&uacute;a,... Đ&acirc;y l&agrave; c&aacute;c loại m&aacute;y được ch&uacute;ng t&ocirc;i nhập khẩu ch&iacute;nh h&atilde;ng nguy&ecirc;n chiếc, gi&uacute;p cho b&agrave; con n&ocirc;ng d&acirc;n v&agrave; c&aacute;c chủ doanh nghiệp c&oacute; thể tiết kiệm c&ocirc;ng sức lao độn, n&acirc;ng cao hiệu suất c&ocirc;ng việc sản xuất.</p>\r\n', '', '', 'english version <p>C&Ocirc;NG SUẤT CAO - GI&Aacute; CỰC TỐT</p>\r\n\r\n<p>H&Agrave;NG CH&Iacute;NH H&Atilde;NG - NHẬP KHẨU NGUY&Ecirc;N CHIẾC</p>\r\n\r\n<p>Hiệu suất cao - chất lượng tốt lu&ocirc;n l&agrave; ti&ecirc;u ch&iacute; h&agrave;ng đầu khi kh&aacute;ch h&agrave;ng t&igrave;m kiếm c&aacute;c d&ograve;ng sản phẩm m&aacute;y m&oacute;c c&ocirc;ng nghiệp.</p>\r\n\r\n<p>Thấu hiểu được điều đ&oacute;, Hợp Lực Cảng tự h&agrave;o giới thiệu đến qu&yacute; kh&aacute;ch những d&ograve;ng sản phẩm h&agrave;ng đầu trong ng&agrave;nh, bao gồm m&aacute;y ph&aacute;t điện, m&aacute;y x&aacute;t gạo, m&aacute;y xới đất v&agrave; m&aacute;y tuốt l&uacute;a.</p>\r\n\r\n<p>Tất cả c&aacute;c sản phẩm v&agrave; dịch vụ m&agrave; ch&uacute;ng t&ocirc;i cung cấp đều được kiểm tra v&agrave; đảm bảo tu&acirc;n thủ c&aacute;c ti&ecirc;u chuẩn chất lượng cao nhất</p>\r\n\r\n<p>Li&ecirc;n hệ ngay để được tư vấn v&agrave; nhận th&ocirc;ng tin chi tiết về c&aacute;c sản phẩm c&ocirc;ng nghiệp h&agrave;ng đầu của ch&uacute;ng t&ocirc;i.</p>\r\n\r\n<p>Hợp lực cảng Việt - Đối t&aacute;c đ&aacute;ng tin cậy cho c&aacute;c giải ph&aacute;p c&ocirc;ng nghiệp vượt trội!</p>\r\n', '', '', '', '', '', '', '', '', '', '', '', '', '', '', '', 0, 'en-may-nghien-dia-chua-gom-dong-co', 'Máy nghiền đĩa (chưa gồm động cơ)', '', ''),
(4411, 2212, 'vn', 'Máy tách hạt ngô 5TY-60G chạy động cơ xăng (chưa gồm động cơ)', '<p>C&ocirc;ng ty TNHH Hợp Lực Cảng Việt chuy&ecirc;n cung cấp c&aacute;c loại m&oacute;c c&ocirc;ng nghiệp như m&aacute;y ph&aacute;t điện, m&aacute;y x&aacute;t gạo, m&aacute;y xới đất, m&aacute;y tuốt l&uacute;a,... Đ&acirc;y l&agrave; c&aacute;c loại m&aacute;y được ch&uacute;ng t&ocirc;i nhập khẩu ch&iacute;nh h&atilde;ng nguy&ecirc;n chiếc, gi&uacute;p cho b&agrave; con n&ocirc;ng d&acirc;n v&agrave; c&aacute;c chủ doanh nghiệp c&oacute; thể tiết kiệm c&ocirc;ng sức lao độn, n&acirc;ng cao hiệu suất c&ocirc;ng việc sản xuất.</p>\r\n', '', '', '<p>C&Ocirc;NG SUẤT CAO - GI&Aacute; CỰC TỐT</p>\r\n\r\n<p>H&Agrave;NG CH&Iacute;NH H&Atilde;NG - NHẬP KHẨU NGUY&Ecirc;N CHIẾC</p>\r\n\r\n<p>Hiệu suất cao - chất lượng tốt lu&ocirc;n l&agrave; ti&ecirc;u ch&iacute; h&agrave;ng đầu khi kh&aacute;ch h&agrave;ng t&igrave;m kiếm c&aacute;c d&ograve;ng sản phẩm m&aacute;y m&oacute;c c&ocirc;ng nghiệp.</p>\r\n\r\n<p>Thấu hiểu được điều đ&oacute;, Hợp Lực Cảng tự h&agrave;o giới thiệu đến qu&yacute; kh&aacute;ch những d&ograve;ng sản phẩm h&agrave;ng đầu trong ng&agrave;nh, bao gồm m&aacute;y ph&aacute;t điện, m&aacute;y x&aacute;t gạo, m&aacute;y xới đất v&agrave; m&aacute;y tuốt l&uacute;a.</p>\r\n\r\n<p>Tất cả c&aacute;c sản phẩm v&agrave; dịch vụ m&agrave; ch&uacute;ng t&ocirc;i cung cấp đều được kiểm tra v&agrave; đảm bảo tu&acirc;n thủ c&aacute;c ti&ecirc;u chuẩn chất lượng cao nhất</p>\r\n\r\n<p>Li&ecirc;n hệ ngay để được tư vấn v&agrave; nhận th&ocirc;ng tin chi tiết về c&aacute;c sản phẩm c&ocirc;ng nghiệp h&agrave;ng đầu của ch&uacute;ng t&ocirc;i.</p>\r\n\r\n<p>Hợp lực cảng Việt - Đối t&aacute;c đ&aacute;ng tin cậy cho c&aacute;c giải ph&aacute;p c&ocirc;ng nghiệp vượt trội!</p>\r\n', '', '', '', '', '', '', '', '', '', '', '', '', '', '', '', 0, 'may-tach-hat-ngo-5ty-60g-chay-dong-co-xang-chua-gom-dong-co', 'Máy tách hạt ngô 5TY-60G chạy động cơ xăng (chưa gồm động cơ)', '', ''),
(4412, 2212, 'en', 'english version Máy tách hạt ngô 5TY-60 (chưa gồm động cơ)', 'english version <p>C&ocirc;ng ty TNHH Hợp Lực Cảng Việt chuy&ecirc;n cung cấp c&aacute;c loại m&oacute;c c&ocirc;ng nghiệp như m&aacute;y ph&aacute;t điện, m&aacute;y x&aacute;t gạo, m&aacute;y xới đất, m&aacute;y tuốt l&uacute;a,... Đ&acirc;y l&agrave; c&aacute;c loại m&aacute;y được ch&uacute;ng t&ocirc;i nhập khẩu ch&iacute;nh h&atilde;ng nguy&ecirc;n chiếc, gi&uacute;p cho b&agrave; con n&ocirc;ng d&acirc;n v&agrave; c&aacute;c chủ doanh nghiệp c&oacute; thể tiết kiệm c&ocirc;ng sức lao độn, n&acirc;ng cao hiệu suất c&ocirc;ng việc sản xuất.</p>\r\n', '', '', 'english version <p>C&Ocirc;NG SUẤT CAO - GI&Aacute; CỰC TỐT</p>\r\n\r\n<p>H&Agrave;NG CH&Iacute;NH H&Atilde;NG - NHẬP KHẨU NGUY&Ecirc;N CHIẾC</p>\r\n\r\n<p>Hiệu suất cao - chất lượng tốt lu&ocirc;n l&agrave; ti&ecirc;u ch&iacute; h&agrave;ng đầu khi kh&aacute;ch h&agrave;ng t&igrave;m kiếm c&aacute;c d&ograve;ng sản phẩm m&aacute;y m&oacute;c c&ocirc;ng nghiệp.</p>\r\n\r\n<p>Thấu hiểu được điều đ&oacute;, Hợp Lực Cảng tự h&agrave;o giới thiệu đến qu&yacute; kh&aacute;ch những d&ograve;ng sản phẩm h&agrave;ng đầu trong ng&agrave;nh, bao gồm m&aacute;y ph&aacute;t điện, m&aacute;y x&aacute;t gạo, m&aacute;y xới đất v&agrave; m&aacute;y tuốt l&uacute;a.</p>\r\n\r\n<p>Tất cả c&aacute;c sản phẩm v&agrave; dịch vụ m&agrave; ch&uacute;ng t&ocirc;i cung cấp đều được kiểm tra v&agrave; đảm bảo tu&acirc;n thủ c&aacute;c ti&ecirc;u chuẩn chất lượng cao nhất</p>\r\n\r\n<p>Li&ecirc;n hệ ngay để được tư vấn v&agrave; nhận th&ocirc;ng tin chi tiết về c&aacute;c sản phẩm c&ocirc;ng nghiệp h&agrave;ng đầu của ch&uacute;ng t&ocirc;i.</p>\r\n\r\n<p>Hợp lực cảng Việt - Đối t&aacute;c đ&aacute;ng tin cậy cho c&aacute;c giải ph&aacute;p c&ocirc;ng nghiệp vượt trội!</p>\r\n', '', '', '', '', '', '', '', '', '', '', '', '', '', '', '', 0, 'en-may-tach-hat-ngo-5ty-60-chua-gom-dong-co', 'Máy tách hạt ngô 5TY-60 (chưa gồm động cơ)', '', ''),
(4413, 2213, 'vn', 'Máy tách hạt ngô 5TY-60 (chưa gồm động cơ)', '<p>C&ocirc;ng ty TNHH Hợp Lực Cảng Việt chuy&ecirc;n cung cấp c&aacute;c loại m&oacute;c c&ocirc;ng nghiệp như m&aacute;y ph&aacute;t điện, m&aacute;y x&aacute;t gạo, m&aacute;y xới đất, m&aacute;y tuốt l&uacute;a,... Đ&acirc;y l&agrave; c&aacute;c loại m&aacute;y được ch&uacute;ng t&ocirc;i nhập khẩu ch&iacute;nh h&atilde;ng nguy&ecirc;n chiếc, gi&uacute;p cho b&agrave; con n&ocirc;ng d&acirc;n v&agrave; c&aacute;c chủ doanh nghiệp c&oacute; thể tiết kiệm c&ocirc;ng sức lao độn, n&acirc;ng cao hiệu suất c&ocirc;ng việc sản xuất.</p>\r\n', '', '', '<p>C&Ocirc;NG SUẤT CAO - GI&Aacute; CỰC TỐT</p>\r\n\r\n<p>H&Agrave;NG CH&Iacute;NH H&Atilde;NG - NHẬP KHẨU NGUY&Ecirc;N CHIẾC</p>\r\n\r\n<p>Hiệu suất cao - chất lượng tốt lu&ocirc;n l&agrave; ti&ecirc;u ch&iacute; h&agrave;ng đầu khi kh&aacute;ch h&agrave;ng t&igrave;m kiếm c&aacute;c d&ograve;ng sản phẩm m&aacute;y m&oacute;c c&ocirc;ng nghiệp.</p>\r\n\r\n<p>Thấu hiểu được điều đ&oacute;, Hợp Lực Cảng tự h&agrave;o giới thiệu đến qu&yacute; kh&aacute;ch những d&ograve;ng sản phẩm h&agrave;ng đầu trong ng&agrave;nh, bao gồm m&aacute;y ph&aacute;t điện, m&aacute;y x&aacute;t gạo, m&aacute;y xới đất v&agrave; m&aacute;y tuốt l&uacute;a.</p>\r\n\r\n<p>Tất cả c&aacute;c sản phẩm v&agrave; dịch vụ m&agrave; ch&uacute;ng t&ocirc;i cung cấp đều được kiểm tra v&agrave; đảm bảo tu&acirc;n thủ c&aacute;c ti&ecirc;u chuẩn chất lượng cao nhất</p>\r\n\r\n<p>Li&ecirc;n hệ ngay để được tư vấn v&agrave; nhận th&ocirc;ng tin chi tiết về c&aacute;c sản phẩm c&ocirc;ng nghiệp h&agrave;ng đầu của ch&uacute;ng t&ocirc;i.</p>\r\n\r\n<p>Hợp lực cảng Việt - Đối t&aacute;c đ&aacute;ng tin cậy cho c&aacute;c giải ph&aacute;p c&ocirc;ng nghiệp vượt trội!</p>\r\n', '', '', '', '', '', '', '', '', '', '', '', '', '', '', '', 0, 'may-tach-hat-ngo-5ty-60-chua-gom-dong-co', 'Máy tách hạt ngô 5TY-60 (chưa gồm động cơ)', '', ''),
(4414, 2213, 'en', 'english version Máy tách hạt ngô 5TY-60 (chưa gồm động cơ)', 'english version <p>C&ocirc;ng ty TNHH Hợp Lực Cảng Việt chuy&ecirc;n cung cấp c&aacute;c loại m&oacute;c c&ocirc;ng nghiệp như m&aacute;y ph&aacute;t điện, m&aacute;y x&aacute;t gạo, m&aacute;y xới đất, m&aacute;y tuốt l&uacute;a,... Đ&acirc;y l&agrave; c&aacute;c loại m&aacute;y được ch&uacute;ng t&ocirc;i nhập khẩu ch&iacute;nh h&atilde;ng nguy&ecirc;n chiếc, gi&uacute;p cho b&agrave; con n&ocirc;ng d&acirc;n v&agrave; c&aacute;c chủ doanh nghiệp c&oacute; thể tiết kiệm c&ocirc;ng sức lao độn, n&acirc;ng cao hiệu suất c&ocirc;ng việc sản xuất.</p>\r\n', '', '', 'english version <p>C&Ocirc;NG SUẤT CAO - GI&Aacute; CỰC TỐT</p>\r\n\r\n<p>H&Agrave;NG CH&Iacute;NH H&Atilde;NG - NHẬP KHẨU NGUY&Ecirc;N CHIẾC</p>\r\n\r\n<p>Hiệu suất cao - chất lượng tốt lu&ocirc;n l&agrave; ti&ecirc;u ch&iacute; h&agrave;ng đầu khi kh&aacute;ch h&agrave;ng t&igrave;m kiếm c&aacute;c d&ograve;ng sản phẩm m&aacute;y m&oacute;c c&ocirc;ng nghiệp.</p>\r\n\r\n<p>Thấu hiểu được điều đ&oacute;, Hợp Lực Cảng tự h&agrave;o giới thiệu đến qu&yacute; kh&aacute;ch những d&ograve;ng sản phẩm h&agrave;ng đầu trong ng&agrave;nh, bao gồm m&aacute;y ph&aacute;t điện, m&aacute;y x&aacute;t gạo, m&aacute;y xới đất v&agrave; m&aacute;y tuốt l&uacute;a.</p>\r\n\r\n<p>Tất cả c&aacute;c sản phẩm v&agrave; dịch vụ m&agrave; ch&uacute;ng t&ocirc;i cung cấp đều được kiểm tra v&agrave; đảm bảo tu&acirc;n thủ c&aacute;c ti&ecirc;u chuẩn chất lượng cao nhất</p>\r\n\r\n<p>Li&ecirc;n hệ ngay để được tư vấn v&agrave; nhận th&ocirc;ng tin chi tiết về c&aacute;c sản phẩm c&ocirc;ng nghiệp h&agrave;ng đầu của ch&uacute;ng t&ocirc;i.</p>\r\n\r\n<p>Hợp lực cảng Việt - Đối t&aacute;c đ&aacute;ng tin cậy cho c&aacute;c giải ph&aacute;p c&ocirc;ng nghiệp vượt trội!</p>\r\n', '', '', '', '', '', '', '', '', '', '', '', '', '', '', '', 0, 'en-may-tach-hat-ngo-5ty-60-chua-gom-dong-co', 'Máy tách hạt ngô 5TY-60 (chưa gồm động cơ)', '', ''),
(4415, 2214, 'vn', 'Máy bóc vỏ ngô (chưa có động cơ)', '<p>C&ocirc;ng ty TNHH Hợp Lực Cảng Việt chuy&ecirc;n cung cấp c&aacute;c loại m&oacute;c c&ocirc;ng nghiệp như m&aacute;y ph&aacute;t điện, m&aacute;y x&aacute;t gạo, m&aacute;y xới đất, m&aacute;y tuốt l&uacute;a,... Đ&acirc;y l&agrave; c&aacute;c loại m&aacute;y được ch&uacute;ng t&ocirc;i nhập khẩu ch&iacute;nh h&atilde;ng nguy&ecirc;n chiếc, gi&uacute;p cho b&agrave; con n&ocirc;ng d&acirc;n v&agrave; c&aacute;c chủ doanh nghiệp c&oacute; thể tiết kiệm c&ocirc;ng sức lao độn, n&acirc;ng cao hiệu suất c&ocirc;ng việc sản xuất.</p>\r\n', '', '', '<p>C&Ocirc;NG SUẤT CAO - GI&Aacute; CỰC TỐT</p>\r\n\r\n<p>H&Agrave;NG CH&Iacute;NH H&Atilde;NG - NHẬP KHẨU NGUY&Ecirc;N CHIẾC</p>\r\n\r\n<p>Hiệu suất cao - chất lượng tốt lu&ocirc;n l&agrave; ti&ecirc;u ch&iacute; h&agrave;ng đầu khi kh&aacute;ch h&agrave;ng t&igrave;m kiếm c&aacute;c d&ograve;ng sản phẩm m&aacute;y m&oacute;c c&ocirc;ng nghiệp.</p>\r\n\r\n<p>Thấu hiểu được điều đ&oacute;, Hợp Lực Cảng tự h&agrave;o giới thiệu đến qu&yacute; kh&aacute;ch những d&ograve;ng sản phẩm h&agrave;ng đầu trong ng&agrave;nh, bao gồm m&aacute;y ph&aacute;t điện, m&aacute;y x&aacute;t gạo, m&aacute;y xới đất v&agrave; m&aacute;y tuốt l&uacute;a.</p>\r\n\r\n<p>Tất cả c&aacute;c sản phẩm v&agrave; dịch vụ m&agrave; ch&uacute;ng t&ocirc;i cung cấp đều được kiểm tra v&agrave; đảm bảo tu&acirc;n thủ c&aacute;c ti&ecirc;u chuẩn chất lượng cao nhất</p>\r\n\r\n<p>Li&ecirc;n hệ ngay để được tư vấn v&agrave; nhận th&ocirc;ng tin chi tiết về c&aacute;c sản phẩm c&ocirc;ng nghiệp h&agrave;ng đầu của ch&uacute;ng t&ocirc;i.</p>\r\n\r\n<p>Hợp lực cảng Việt - Đối t&aacute;c đ&aacute;ng tin cậy cho c&aacute;c giải ph&aacute;p c&ocirc;ng nghiệp vượt trội!</p>\r\n', '', '', '', '', '', '', '', '', '', '', '', '', '', '', '', 0, 'may-boc-vo-ngo-chua-co-dong-co', 'Máy bóc vỏ ngô (chưa có động cơ)', '', ''),
(4416, 2214, 'en', 'english version Máy bóc vỏ ngô (chưa có động cơ)', 'english version <p>C&ocirc;ng ty TNHH Hợp Lực Cảng Việt chuy&ecirc;n cung cấp c&aacute;c loại m&oacute;c c&ocirc;ng nghiệp như m&aacute;y ph&aacute;t điện, m&aacute;y x&aacute;t gạo, m&aacute;y xới đất, m&aacute;y tuốt l&uacute;a,... Đ&acirc;y l&agrave; c&aacute;c loại m&aacute;y được ch&uacute;ng t&ocirc;i nhập khẩu ch&iacute;nh h&atilde;ng nguy&ecirc;n chiếc, gi&uacute;p cho b&agrave; con n&ocirc;ng d&acirc;n v&agrave; c&aacute;c chủ doanh nghiệp c&oacute; thể tiết kiệm c&ocirc;ng sức lao độn, n&acirc;ng cao hiệu suất c&ocirc;ng việc sản xuất.</p>\r\n', '', '', 'english version <p>C&Ocirc;NG SUẤT CAO - GI&Aacute; CỰC TỐT</p>\r\n\r\n<p>H&Agrave;NG CH&Iacute;NH H&Atilde;NG - NHẬP KHẨU NGUY&Ecirc;N CHIẾC</p>\r\n\r\n<p>Hiệu suất cao - chất lượng tốt lu&ocirc;n l&agrave; ti&ecirc;u ch&iacute; h&agrave;ng đầu khi kh&aacute;ch h&agrave;ng t&igrave;m kiếm c&aacute;c d&ograve;ng sản phẩm m&aacute;y m&oacute;c c&ocirc;ng nghiệp.</p>\r\n\r\n<p>Thấu hiểu được điều đ&oacute;, Hợp Lực Cảng tự h&agrave;o giới thiệu đến qu&yacute; kh&aacute;ch những d&ograve;ng sản phẩm h&agrave;ng đầu trong ng&agrave;nh, bao gồm m&aacute;y ph&aacute;t điện, m&aacute;y x&aacute;t gạo, m&aacute;y xới đất v&agrave; m&aacute;y tuốt l&uacute;a.</p>\r\n\r\n<p>Tất cả c&aacute;c sản phẩm v&agrave; dịch vụ m&agrave; ch&uacute;ng t&ocirc;i cung cấp đều được kiểm tra v&agrave; đảm bảo tu&acirc;n thủ c&aacute;c ti&ecirc;u chuẩn chất lượng cao nhất</p>\r\n\r\n<p>Li&ecirc;n hệ ngay để được tư vấn v&agrave; nhận th&ocirc;ng tin chi tiết về c&aacute;c sản phẩm c&ocirc;ng nghiệp h&agrave;ng đầu của ch&uacute;ng t&ocirc;i.</p>\r\n\r\n<p>Hợp lực cảng Việt - Đối t&aacute;c đ&aacute;ng tin cậy cho c&aacute;c giải ph&aacute;p c&ocirc;ng nghiệp vượt trội!</p>\r\n', '', '', '', '', '', '', '', '', '', '', '', '', '', '', '', 0, 'en-may-boc-vo-ngo-chua-co-dong-co', 'Máy bóc vỏ ngô (chưa có động cơ)', '', ''),
(4417, 2215, 'vn', 'Máy thái cỏ 9ZT-0.6 (chưa gồm động cơ)', '<p>C&ocirc;ng ty TNHH Hợp Lực Cảng Việt chuy&ecirc;n cung cấp c&aacute;c loại m&oacute;c c&ocirc;ng nghiệp như m&aacute;y ph&aacute;t điện, m&aacute;y x&aacute;t gạo, m&aacute;y xới đất, m&aacute;y tuốt l&uacute;a,... Đ&acirc;y l&agrave; c&aacute;c loại m&aacute;y được ch&uacute;ng t&ocirc;i nhập khẩu ch&iacute;nh h&atilde;ng nguy&ecirc;n chiếc, gi&uacute;p cho b&agrave; con n&ocirc;ng d&acirc;n v&agrave; c&aacute;c chủ doanh nghiệp c&oacute; thể tiết kiệm c&ocirc;ng sức lao độn, n&acirc;ng cao hiệu suất c&ocirc;ng việc sản xuất.</p>\r\n', '', '', '<p>C&Ocirc;NG SUẤT CAO - GI&Aacute; CỰC TỐT</p>\r\n\r\n<p>H&Agrave;NG CH&Iacute;NH H&Atilde;NG - NHẬP KHẨU NGUY&Ecirc;N CHIẾC</p>\r\n\r\n<p>Hiệu suất cao - chất lượng tốt lu&ocirc;n l&agrave; ti&ecirc;u ch&iacute; h&agrave;ng đầu khi kh&aacute;ch h&agrave;ng t&igrave;m kiếm c&aacute;c d&ograve;ng sản phẩm m&aacute;y m&oacute;c c&ocirc;ng nghiệp.</p>\r\n\r\n<p>Thấu hiểu được điều đ&oacute;, Hợp Lực Cảng tự h&agrave;o giới thiệu đến qu&yacute; kh&aacute;ch những d&ograve;ng sản phẩm h&agrave;ng đầu trong ng&agrave;nh, bao gồm m&aacute;y ph&aacute;t điện, m&aacute;y x&aacute;t gạo, m&aacute;y xới đất v&agrave; m&aacute;y tuốt l&uacute;a.</p>\r\n\r\n<p>Tất cả c&aacute;c sản phẩm v&agrave; dịch vụ m&agrave; ch&uacute;ng t&ocirc;i cung cấp đều được kiểm tra v&agrave; đảm bảo tu&acirc;n thủ c&aacute;c ti&ecirc;u chuẩn chất lượng cao nhất</p>\r\n\r\n<p>Li&ecirc;n hệ ngay để được tư vấn v&agrave; nhận th&ocirc;ng tin chi tiết về c&aacute;c sản phẩm c&ocirc;ng nghiệp h&agrave;ng đầu của ch&uacute;ng t&ocirc;i.</p>\r\n\r\n<p>Hợp lực cảng Việt - Đối t&aacute;c đ&aacute;ng tin cậy cho c&aacute;c giải ph&aacute;p c&ocirc;ng nghiệp vượt trội!</p>\r\n', '', '', '', '', '', '', '', '', '', '', '', '', '', '', '', 0, 'may-thai-co-9zt-06-chua-gom-dong-co', 'Máy thái cỏ 9ZT-0.6 (chưa gồm động cơ)', '', ''),
(4418, 2215, 'en', 'english version Máy thái cỏ 9ZT-0.6 (chưa gồm động cơ)', 'english version <p>C&ocirc;ng ty TNHH Hợp Lực Cảng Việt chuy&ecirc;n cung cấp c&aacute;c loại m&oacute;c c&ocirc;ng nghiệp như m&aacute;y ph&aacute;t điện, m&aacute;y x&aacute;t gạo, m&aacute;y xới đất, m&aacute;y tuốt l&uacute;a,... Đ&acirc;y l&agrave; c&aacute;c loại m&aacute;y được ch&uacute;ng t&ocirc;i nhập khẩu ch&iacute;nh h&atilde;ng nguy&ecirc;n chiếc, gi&uacute;p cho b&agrave; con n&ocirc;ng d&acirc;n v&agrave; c&aacute;c chủ doanh nghiệp c&oacute; thể tiết kiệm c&ocirc;ng sức lao độn, n&acirc;ng cao hiệu suất c&ocirc;ng việc sản xuất.</p>\r\n', '', '', 'english version <p>C&Ocirc;NG SUẤT CAO - GI&Aacute; CỰC TỐT</p>\r\n\r\n<p>H&Agrave;NG CH&Iacute;NH H&Atilde;NG - NHẬP KHẨU NGUY&Ecirc;N CHIẾC</p>\r\n\r\n<p>Hiệu suất cao - chất lượng tốt lu&ocirc;n l&agrave; ti&ecirc;u ch&iacute; h&agrave;ng đầu khi kh&aacute;ch h&agrave;ng t&igrave;m kiếm c&aacute;c d&ograve;ng sản phẩm m&aacute;y m&oacute;c c&ocirc;ng nghiệp.</p>\r\n\r\n<p>Thấu hiểu được điều đ&oacute;, Hợp Lực Cảng tự h&agrave;o giới thiệu đến qu&yacute; kh&aacute;ch những d&ograve;ng sản phẩm h&agrave;ng đầu trong ng&agrave;nh, bao gồm m&aacute;y ph&aacute;t điện, m&aacute;y x&aacute;t gạo, m&aacute;y xới đất v&agrave; m&aacute;y tuốt l&uacute;a.</p>\r\n\r\n<p>Tất cả c&aacute;c sản phẩm v&agrave; dịch vụ m&agrave; ch&uacute;ng t&ocirc;i cung cấp đều được kiểm tra v&agrave; đảm bảo tu&acirc;n thủ c&aacute;c ti&ecirc;u chuẩn chất lượng cao nhất</p>\r\n\r\n<p>Li&ecirc;n hệ ngay để được tư vấn v&agrave; nhận th&ocirc;ng tin chi tiết về c&aacute;c sản phẩm c&ocirc;ng nghiệp h&agrave;ng đầu của ch&uacute;ng t&ocirc;i.</p>\r\n\r\n<p>Hợp lực cảng Việt - Đối t&aacute;c đ&aacute;ng tin cậy cho c&aacute;c giải ph&aacute;p c&ocirc;ng nghiệp vượt trội!</p>\r\n', '', '', '', '', '', '', '', '', '', '', '', '', '', '', '', 0, 'en-may-thai-co-9zt-06-chua-gom-dong-co', 'Máy thái cỏ 9ZT-0.6 (chưa gồm động cơ)', '', ''),
(4419, 2216, 'vn', 'Máy thái cỏ 9ZT-0.4 (chưa gồm động cơ)', '<p>C&ocirc;ng ty TNHH Hợp Lực Cảng Việt chuy&ecirc;n cung cấp c&aacute;c loại m&oacute;c c&ocirc;ng nghiệp như m&aacute;y ph&aacute;t điện, m&aacute;y x&aacute;t gạo, m&aacute;y xới đất, m&aacute;y tuốt l&uacute;a,... Đ&acirc;y l&agrave; c&aacute;c loại m&aacute;y được ch&uacute;ng t&ocirc;i nhập khẩu ch&iacute;nh h&atilde;ng nguy&ecirc;n chiếc, gi&uacute;p cho b&agrave; con n&ocirc;ng d&acirc;n v&agrave; c&aacute;c chủ doanh nghiệp c&oacute; thể tiết kiệm c&ocirc;ng sức lao độn, n&acirc;ng cao hiệu suất c&ocirc;ng việc sản xuất.</p>\r\n', '', '', '<p>C&Ocirc;NG SUẤT CAO - GI&Aacute; CỰC TỐT</p>\r\n\r\n<p>H&Agrave;NG CH&Iacute;NH H&Atilde;NG - NHẬP KHẨU NGUY&Ecirc;N CHIẾC</p>\r\n\r\n<p>Hiệu suất cao - chất lượng tốt lu&ocirc;n l&agrave; ti&ecirc;u ch&iacute; h&agrave;ng đầu khi kh&aacute;ch h&agrave;ng t&igrave;m kiếm c&aacute;c d&ograve;ng sản phẩm m&aacute;y m&oacute;c c&ocirc;ng nghiệp.</p>\r\n\r\n<p>Thấu hiểu được điều đ&oacute;, Hợp Lực Cảng tự h&agrave;o giới thiệu đến qu&yacute; kh&aacute;ch những d&ograve;ng sản phẩm h&agrave;ng đầu trong ng&agrave;nh, bao gồm m&aacute;y ph&aacute;t điện, m&aacute;y x&aacute;t gạo, m&aacute;y xới đất v&agrave; m&aacute;y tuốt l&uacute;a.</p>\r\n\r\n<p>Tất cả c&aacute;c sản phẩm v&agrave; dịch vụ m&agrave; ch&uacute;ng t&ocirc;i cung cấp đều được kiểm tra v&agrave; đảm bảo tu&acirc;n thủ c&aacute;c ti&ecirc;u chuẩn chất lượng cao nhất</p>\r\n\r\n<p>Li&ecirc;n hệ ngay để được tư vấn v&agrave; nhận th&ocirc;ng tin chi tiết về c&aacute;c sản phẩm c&ocirc;ng nghiệp h&agrave;ng đầu của ch&uacute;ng t&ocirc;i.</p>\r\n\r\n<p>Hợp lực cảng Việt - Đối t&aacute;c đ&aacute;ng tin cậy cho c&aacute;c giải ph&aacute;p c&ocirc;ng nghiệp vượt trội!</p>\r\n', '', '', '', '', '', '', '', '', '', '', '', '', '', '', '', 0, 'may-thai-co-9zt-04-chua-gom-dong-co', 'Máy thái cỏ 9ZT-0.4 (chưa gồm động cơ)', '', ''),
(4420, 2216, 'en', 'english version Máy thái cỏ 9ZT-0.4 (chưa gồm động cơ)', 'english version <p>C&ocirc;ng ty TNHH Hợp Lực Cảng Việt chuy&ecirc;n cung cấp c&aacute;c loại m&oacute;c c&ocirc;ng nghiệp như m&aacute;y ph&aacute;t điện, m&aacute;y x&aacute;t gạo, m&aacute;y xới đất, m&aacute;y tuốt l&uacute;a,... Đ&acirc;y l&agrave; c&aacute;c loại m&aacute;y được ch&uacute;ng t&ocirc;i nhập khẩu ch&iacute;nh h&atilde;ng nguy&ecirc;n chiếc, gi&uacute;p cho b&agrave; con n&ocirc;ng d&acirc;n v&agrave; c&aacute;c chủ doanh nghiệp c&oacute; thể tiết kiệm c&ocirc;ng sức lao độn, n&acirc;ng cao hiệu suất c&ocirc;ng việc sản xuất.</p>\r\n', '', '', 'english version <p>C&Ocirc;NG SUẤT CAO - GI&Aacute; CỰC TỐT</p>\r\n\r\n<p>H&Agrave;NG CH&Iacute;NH H&Atilde;NG - NHẬP KHẨU NGUY&Ecirc;N CHIẾC</p>\r\n\r\n<p>Hiệu suất cao - chất lượng tốt lu&ocirc;n l&agrave; ti&ecirc;u ch&iacute; h&agrave;ng đầu khi kh&aacute;ch h&agrave;ng t&igrave;m kiếm c&aacute;c d&ograve;ng sản phẩm m&aacute;y m&oacute;c c&ocirc;ng nghiệp.</p>\r\n\r\n<p>Thấu hiểu được điều đ&oacute;, Hợp Lực Cảng tự h&agrave;o giới thiệu đến qu&yacute; kh&aacute;ch những d&ograve;ng sản phẩm h&agrave;ng đầu trong ng&agrave;nh, bao gồm m&aacute;y ph&aacute;t điện, m&aacute;y x&aacute;t gạo, m&aacute;y xới đất v&agrave; m&aacute;y tuốt l&uacute;a.</p>\r\n\r\n<p>Tất cả c&aacute;c sản phẩm v&agrave; dịch vụ m&agrave; ch&uacute;ng t&ocirc;i cung cấp đều được kiểm tra v&agrave; đảm bảo tu&acirc;n thủ c&aacute;c ti&ecirc;u chuẩn chất lượng cao nhất</p>\r\n\r\n<p>Li&ecirc;n hệ ngay để được tư vấn v&agrave; nhận th&ocirc;ng tin chi tiết về c&aacute;c sản phẩm c&ocirc;ng nghiệp h&agrave;ng đầu của ch&uacute;ng t&ocirc;i.</p>\r\n\r\n<p>Hợp lực cảng Việt - Đối t&aacute;c đ&aacute;ng tin cậy cho c&aacute;c giải ph&aacute;p c&ocirc;ng nghiệp vượt trội!</p>\r\n', '', '', '', '', '', '', '', '', '', '', '', '', '', '', '', 0, 'en-may-thai-co-9zt-04-chua-gom-dong-co', 'Máy thái cỏ 9ZT-0.4 (chưa gồm động cơ)', '', ''),
(4421, 2217, 'vn', 'Máy thái cỏ 9Z-400 (chưa gồm động cơ)', '<p>C&ocirc;ng ty TNHH Hợp Lực Cảng Việt chuy&ecirc;n cung cấp c&aacute;c loại m&oacute;c c&ocirc;ng nghiệp như m&aacute;y ph&aacute;t điện, m&aacute;y x&aacute;t gạo, m&aacute;y xới đất, m&aacute;y tuốt l&uacute;a,... Đ&acirc;y l&agrave; c&aacute;c loại m&aacute;y được ch&uacute;ng t&ocirc;i nhập khẩu ch&iacute;nh h&atilde;ng nguy&ecirc;n chiếc, gi&uacute;p cho b&agrave; con n&ocirc;ng d&acirc;n v&agrave; c&aacute;c chủ doanh nghiệp c&oacute; thể tiết kiệm c&ocirc;ng sức lao độn, n&acirc;ng cao hiệu suất c&ocirc;ng việc sản xuất.</p>\r\n', '', '', '<p>C&Ocirc;NG SUẤT CAO - GI&Aacute; CỰC TỐT</p>\r\n\r\n<p>H&Agrave;NG CH&Iacute;NH H&Atilde;NG - NHẬP KHẨU NGUY&Ecirc;N CHIẾC</p>\r\n\r\n<p>Hiệu suất cao - chất lượng tốt lu&ocirc;n l&agrave; ti&ecirc;u ch&iacute; h&agrave;ng đầu khi kh&aacute;ch h&agrave;ng t&igrave;m kiếm c&aacute;c d&ograve;ng sản phẩm m&aacute;y m&oacute;c c&ocirc;ng nghiệp.</p>\r\n\r\n<p>Thấu hiểu được điều đ&oacute;, Hợp Lực Cảng tự h&agrave;o giới thiệu đến qu&yacute; kh&aacute;ch những d&ograve;ng sản phẩm h&agrave;ng đầu trong ng&agrave;nh, bao gồm m&aacute;y ph&aacute;t điện, m&aacute;y x&aacute;t gạo, m&aacute;y xới đất v&agrave; m&aacute;y tuốt l&uacute;a.</p>\r\n\r\n<p>Tất cả c&aacute;c sản phẩm v&agrave; dịch vụ m&agrave; ch&uacute;ng t&ocirc;i cung cấp đều được kiểm tra v&agrave; đảm bảo tu&acirc;n thủ c&aacute;c ti&ecirc;u chuẩn chất lượng cao nhất</p>\r\n\r\n<p>Li&ecirc;n hệ ngay để được tư vấn v&agrave; nhận th&ocirc;ng tin chi tiết về c&aacute;c sản phẩm c&ocirc;ng nghiệp h&agrave;ng đầu của ch&uacute;ng t&ocirc;i.</p>\r\n\r\n<p>Hợp lực cảng Việt - Đối t&aacute;c đ&aacute;ng tin cậy cho c&aacute;c giải ph&aacute;p c&ocirc;ng nghiệp vượt trội!</p>\r\n', '', '', '', '', '', '', '', '', '', '', '', '', '', '', '', 0, 'may-thai-co-9z-400-chua-gom-dong-co', 'Máy thái cỏ 9Z-400 (chưa gồm động cơ)', '', ''),
(4422, 2217, 'en', 'english version Máy thái cỏ 9Z-400 (chưa gồm động cơ)', 'english version <p>C&ocirc;ng ty TNHH Hợp Lực Cảng Việt chuy&ecirc;n cung cấp c&aacute;c loại m&oacute;c c&ocirc;ng nghiệp như m&aacute;y ph&aacute;t điện, m&aacute;y x&aacute;t gạo, m&aacute;y xới đất, m&aacute;y tuốt l&uacute;a,... Đ&acirc;y l&agrave; c&aacute;c loại m&aacute;y được ch&uacute;ng t&ocirc;i nhập khẩu ch&iacute;nh h&atilde;ng nguy&ecirc;n chiếc, gi&uacute;p cho b&agrave; con n&ocirc;ng d&acirc;n v&agrave; c&aacute;c chủ doanh nghiệp c&oacute; thể tiết kiệm c&ocirc;ng sức lao độn, n&acirc;ng cao hiệu suất c&ocirc;ng việc sản xuất.</p>\r\n', '', '', 'english version <p>C&Ocirc;NG SUẤT CAO - GI&Aacute; CỰC TỐT</p>\r\n\r\n<p>H&Agrave;NG CH&Iacute;NH H&Atilde;NG - NHẬP KHẨU NGUY&Ecirc;N CHIẾC</p>\r\n\r\n<p>Hiệu suất cao - chất lượng tốt lu&ocirc;n l&agrave; ti&ecirc;u ch&iacute; h&agrave;ng đầu khi kh&aacute;ch h&agrave;ng t&igrave;m kiếm c&aacute;c d&ograve;ng sản phẩm m&aacute;y m&oacute;c c&ocirc;ng nghiệp.</p>\r\n\r\n<p>Thấu hiểu được điều đ&oacute;, Hợp Lực Cảng tự h&agrave;o giới thiệu đến qu&yacute; kh&aacute;ch những d&ograve;ng sản phẩm h&agrave;ng đầu trong ng&agrave;nh, bao gồm m&aacute;y ph&aacute;t điện, m&aacute;y x&aacute;t gạo, m&aacute;y xới đất v&agrave; m&aacute;y tuốt l&uacute;a.</p>\r\n\r\n<p>Tất cả c&aacute;c sản phẩm v&agrave; dịch vụ m&agrave; ch&uacute;ng t&ocirc;i cung cấp đều được kiểm tra v&agrave; đảm bảo tu&acirc;n thủ c&aacute;c ti&ecirc;u chuẩn chất lượng cao nhất</p>\r\n\r\n<p>Li&ecirc;n hệ ngay để được tư vấn v&agrave; nhận th&ocirc;ng tin chi tiết về c&aacute;c sản phẩm c&ocirc;ng nghiệp h&agrave;ng đầu của ch&uacute;ng t&ocirc;i.</p>\r\n\r\n<p>Hợp lực cảng Việt - Đối t&aacute;c đ&aacute;ng tin cậy cho c&aacute;c giải ph&aacute;p c&ocirc;ng nghiệp vượt trội!</p>\r\n', '', '', '', '', '', '', '', '', '', '', '', '', '', '', '', 0, 'en-may-thai-co-9z-400-chua-gom-dong-co', 'Máy thái cỏ 9Z-400 (chưa gồm động cơ)', '', ''),
(4423, 2218, 'vn', 'Máy ép cám viên S125 (chưa gồm động cơ)', '<p>C&ocirc;ng ty TNHH Hợp Lực Cảng Việt chuy&ecirc;n cung cấp c&aacute;c loại m&oacute;c c&ocirc;ng nghiệp như m&aacute;y ph&aacute;t điện, m&aacute;y x&aacute;t gạo, m&aacute;y xới đất, m&aacute;y tuốt l&uacute;a,... Đ&acirc;y l&agrave; c&aacute;c loại m&aacute;y được ch&uacute;ng t&ocirc;i nhập khẩu ch&iacute;nh h&atilde;ng nguy&ecirc;n chiếc, gi&uacute;p cho b&agrave; con n&ocirc;ng d&acirc;n v&agrave; c&aacute;c chủ doanh nghiệp c&oacute; thể tiết kiệm c&ocirc;ng sức lao độn, n&acirc;ng cao hiệu suất c&ocirc;ng việc sản xuất.</p>\r\n', '', '', '<p>C&Ocirc;NG SUẤT CAO - GI&Aacute; CỰC TỐT</p>\r\n\r\n<p>H&Agrave;NG CH&Iacute;NH H&Atilde;NG - NHẬP KHẨU NGUY&Ecirc;N CHIẾC</p>\r\n\r\n<p>Hiệu suất cao - chất lượng tốt lu&ocirc;n l&agrave; ti&ecirc;u ch&iacute; h&agrave;ng đầu khi kh&aacute;ch h&agrave;ng t&igrave;m kiếm c&aacute;c d&ograve;ng sản phẩm m&aacute;y m&oacute;c c&ocirc;ng nghiệp.</p>\r\n\r\n<p>Thấu hiểu được điều đ&oacute;, Hợp Lực Cảng tự h&agrave;o giới thiệu đến qu&yacute; kh&aacute;ch những d&ograve;ng sản phẩm h&agrave;ng đầu trong ng&agrave;nh, bao gồm m&aacute;y ph&aacute;t điện, m&aacute;y x&aacute;t gạo, m&aacute;y xới đất v&agrave; m&aacute;y tuốt l&uacute;a.</p>\r\n\r\n<p>Tất cả c&aacute;c sản phẩm v&agrave; dịch vụ m&agrave; ch&uacute;ng t&ocirc;i cung cấp đều được kiểm tra v&agrave; đảm bảo tu&acirc;n thủ c&aacute;c ti&ecirc;u chuẩn chất lượng cao nhất</p>\r\n\r\n<p>Li&ecirc;n hệ ngay để được tư vấn v&agrave; nhận th&ocirc;ng tin chi tiết về c&aacute;c sản phẩm c&ocirc;ng nghiệp h&agrave;ng đầu của ch&uacute;ng t&ocirc;i.</p>\r\n\r\n<p>Hợp lực cảng Việt - Đối t&aacute;c đ&aacute;ng tin cậy cho c&aacute;c giải ph&aacute;p c&ocirc;ng nghiệp vượt trội!</p>\r\n', '', '', '', '', '', '', '', '', '', '', '', '', '', '', '', 0, 'may-ep-cam-vien-s125-chua-gom-dong-co', 'Máy ép cám viên S125 (chưa gồm động cơ)', '', ''),
(4424, 2218, 'en', 'english version Máy ép cám viên S125 (chưa gồm động cơ)', 'english version <p>C&ocirc;ng ty TNHH Hợp Lực Cảng Việt chuy&ecirc;n cung cấp c&aacute;c loại m&oacute;c c&ocirc;ng nghiệp như m&aacute;y ph&aacute;t điện, m&aacute;y x&aacute;t gạo, m&aacute;y xới đất, m&aacute;y tuốt l&uacute;a,... Đ&acirc;y l&agrave; c&aacute;c loại m&aacute;y được ch&uacute;ng t&ocirc;i nhập khẩu ch&iacute;nh h&atilde;ng nguy&ecirc;n chiếc, gi&uacute;p cho b&agrave; con n&ocirc;ng d&acirc;n v&agrave; c&aacute;c chủ doanh nghiệp c&oacute; thể tiết kiệm c&ocirc;ng sức lao độn, n&acirc;ng cao hiệu suất c&ocirc;ng việc sản xuất.</p>\r\n', '', '', 'english version <p>C&Ocirc;NG SUẤT CAO - GI&Aacute; CỰC TỐT</p>\r\n\r\n<p>H&Agrave;NG CH&Iacute;NH H&Atilde;NG - NHẬP KHẨU NGUY&Ecirc;N CHIẾC</p>\r\n\r\n<p>Hiệu suất cao - chất lượng tốt lu&ocirc;n l&agrave; ti&ecirc;u ch&iacute; h&agrave;ng đầu khi kh&aacute;ch h&agrave;ng t&igrave;m kiếm c&aacute;c d&ograve;ng sản phẩm m&aacute;y m&oacute;c c&ocirc;ng nghiệp.</p>\r\n\r\n<p>Thấu hiểu được điều đ&oacute;, Hợp Lực Cảng tự h&agrave;o giới thiệu đến qu&yacute; kh&aacute;ch những d&ograve;ng sản phẩm h&agrave;ng đầu trong ng&agrave;nh, bao gồm m&aacute;y ph&aacute;t điện, m&aacute;y x&aacute;t gạo, m&aacute;y xới đất v&agrave; m&aacute;y tuốt l&uacute;a.</p>\r\n\r\n<p>Tất cả c&aacute;c sản phẩm v&agrave; dịch vụ m&agrave; ch&uacute;ng t&ocirc;i cung cấp đều được kiểm tra v&agrave; đảm bảo tu&acirc;n thủ c&aacute;c ti&ecirc;u chuẩn chất lượng cao nhất</p>\r\n\r\n<p>Li&ecirc;n hệ ngay để được tư vấn v&agrave; nhận th&ocirc;ng tin chi tiết về c&aacute;c sản phẩm c&ocirc;ng nghiệp h&agrave;ng đầu của ch&uacute;ng t&ocirc;i.</p>\r\n\r\n<p>Hợp lực cảng Việt - Đối t&aacute;c đ&aacute;ng tin cậy cho c&aacute;c giải ph&aacute;p c&ocirc;ng nghiệp vượt trội!</p>\r\n', '', '', '', '', '', '', '', '', '', '', '', '', '', '', '', 0, 'en-may-ep-cam-vien-s125-chua-gom-dong-co', 'Máy ép cám viên S125 (chưa gồm động cơ)', '', '');
INSERT INTO `product_languages` (`id`, `product_id`, `languages_code`, `lang_product_name`, `lang_product_des`, `lang_product_des2`, `lang_product_des3`, `lang_product_content`, `lang_product_content2`, `lang_product_content3`, `lang_product_code`, `lang_product_original`, `lang_product_size`, `lang_product_package`, `lang_product_delivery`, `lang_product_delivery_time`, `lang_product_payment`, `lang_product_payment_type`, `lang_product_sub_info1`, `lang_product_sub_info2`, `lang_product_sub_info3`, `lang_product_sub_info4`, `lang_product_sub_info5`, `edit_state`, `friendly_url`, `title_seo`, `des_seo`, `keyword`) VALUES
(4425, 2219, 'vn', 'Máy ép cám viên S150 (chưa gồm động cơ)', '<p>C&ocirc;ng ty TNHH Hợp Lực Cảng Việt chuy&ecirc;n cung cấp c&aacute;c loại m&oacute;c c&ocirc;ng nghiệp như m&aacute;y ph&aacute;t điện, m&aacute;y x&aacute;t gạo, m&aacute;y xới đất, m&aacute;y tuốt l&uacute;a,... Đ&acirc;y l&agrave; c&aacute;c loại m&aacute;y được ch&uacute;ng t&ocirc;i nhập khẩu ch&iacute;nh h&atilde;ng nguy&ecirc;n chiếc, gi&uacute;p cho b&agrave; con n&ocirc;ng d&acirc;n v&agrave; c&aacute;c chủ doanh nghiệp c&oacute; thể tiết kiệm c&ocirc;ng sức lao độn, n&acirc;ng cao hiệu suất c&ocirc;ng việc sản xuất.</p>\r\n', '', '', '<p>C&Ocirc;NG SUẤT CAO - GI&Aacute; CỰC TỐT</p>\r\n\r\n<p>H&Agrave;NG CH&Iacute;NH H&Atilde;NG - NHẬP KHẨU NGUY&Ecirc;N CHIẾC</p>\r\n\r\n<p>Hiệu suất cao - chất lượng tốt lu&ocirc;n l&agrave; ti&ecirc;u ch&iacute; h&agrave;ng đầu khi kh&aacute;ch h&agrave;ng t&igrave;m kiếm c&aacute;c d&ograve;ng sản phẩm m&aacute;y m&oacute;c c&ocirc;ng nghiệp.</p>\r\n\r\n<p>Thấu hiểu được điều đ&oacute;, Hợp Lực Cảng tự h&agrave;o giới thiệu đến qu&yacute; kh&aacute;ch những d&ograve;ng sản phẩm h&agrave;ng đầu trong ng&agrave;nh, bao gồm m&aacute;y ph&aacute;t điện, m&aacute;y x&aacute;t gạo, m&aacute;y xới đất v&agrave; m&aacute;y tuốt l&uacute;a.</p>\r\n\r\n<p>Tất cả c&aacute;c sản phẩm v&agrave; dịch vụ m&agrave; ch&uacute;ng t&ocirc;i cung cấp đều được kiểm tra v&agrave; đảm bảo tu&acirc;n thủ c&aacute;c ti&ecirc;u chuẩn chất lượng cao nhất</p>\r\n\r\n<p>Li&ecirc;n hệ ngay để được tư vấn v&agrave; nhận th&ocirc;ng tin chi tiết về c&aacute;c sản phẩm c&ocirc;ng nghiệp h&agrave;ng đầu của ch&uacute;ng t&ocirc;i.</p>\r\n\r\n<p>Hợp lực cảng Việt - Đối t&aacute;c đ&aacute;ng tin cậy cho c&aacute;c giải ph&aacute;p c&ocirc;ng nghiệp vượt trội!</p>\r\n', '', '', '', '', '', '', '', '', '', '', '', '', '', '', '', 0, 'may-ep-cam-vien-s150-chua-gom-dong-co', 'Máy ép cám viên S150 (chưa gồm động cơ)', '', ''),
(4426, 2219, 'en', 'english version Máy ép cám viên S150 (chưa gồm động cơ)', 'english version <p>C&ocirc;ng ty TNHH Hợp Lực Cảng Việt chuy&ecirc;n cung cấp c&aacute;c loại m&oacute;c c&ocirc;ng nghiệp như m&aacute;y ph&aacute;t điện, m&aacute;y x&aacute;t gạo, m&aacute;y xới đất, m&aacute;y tuốt l&uacute;a,... Đ&acirc;y l&agrave; c&aacute;c loại m&aacute;y được ch&uacute;ng t&ocirc;i nhập khẩu ch&iacute;nh h&atilde;ng nguy&ecirc;n chiếc, gi&uacute;p cho b&agrave; con n&ocirc;ng d&acirc;n v&agrave; c&aacute;c chủ doanh nghiệp c&oacute; thể tiết kiệm c&ocirc;ng sức lao độn, n&acirc;ng cao hiệu suất c&ocirc;ng việc sản xuất.</p>\r\n', '', '', 'english version <p>C&Ocirc;NG SUẤT CAO - GI&Aacute; CỰC TỐT</p>\r\n\r\n<p>H&Agrave;NG CH&Iacute;NH H&Atilde;NG - NHẬP KHẨU NGUY&Ecirc;N CHIẾC</p>\r\n\r\n<p>Hiệu suất cao - chất lượng tốt lu&ocirc;n l&agrave; ti&ecirc;u ch&iacute; h&agrave;ng đầu khi kh&aacute;ch h&agrave;ng t&igrave;m kiếm c&aacute;c d&ograve;ng sản phẩm m&aacute;y m&oacute;c c&ocirc;ng nghiệp.</p>\r\n\r\n<p>Thấu hiểu được điều đ&oacute;, Hợp Lực Cảng tự h&agrave;o giới thiệu đến qu&yacute; kh&aacute;ch những d&ograve;ng sản phẩm h&agrave;ng đầu trong ng&agrave;nh, bao gồm m&aacute;y ph&aacute;t điện, m&aacute;y x&aacute;t gạo, m&aacute;y xới đất v&agrave; m&aacute;y tuốt l&uacute;a.</p>\r\n\r\n<p>Tất cả c&aacute;c sản phẩm v&agrave; dịch vụ m&agrave; ch&uacute;ng t&ocirc;i cung cấp đều được kiểm tra v&agrave; đảm bảo tu&acirc;n thủ c&aacute;c ti&ecirc;u chuẩn chất lượng cao nhất</p>\r\n\r\n<p>Li&ecirc;n hệ ngay để được tư vấn v&agrave; nhận th&ocirc;ng tin chi tiết về c&aacute;c sản phẩm c&ocirc;ng nghiệp h&agrave;ng đầu của ch&uacute;ng t&ocirc;i.</p>\r\n\r\n<p>Hợp lực cảng Việt - Đối t&aacute;c đ&aacute;ng tin cậy cho c&aacute;c giải ph&aacute;p c&ocirc;ng nghiệp vượt trội!</p>\r\n', '', '', '', '', '', '', '', '', '', '', '', '', '', '', '', 0, 'en-may-ep-cam-vien-s150-chua-gom-dong-co', 'Máy ép cám viên S150 (chưa gồm động cơ)', '', '');

-- --------------------------------------------------------

--
-- Cấu trúc bảng cho bảng `product_producer`
--

CREATE TABLE `product_producer` (
  `producer_id` int(11) NOT NULL,
  `producer_name` varchar(255) COLLATE utf8_unicode_ci DEFAULT NULL,
  `producer_sort_order` int(11) DEFAULT NULL,
  `producer_parent` int(11) DEFAULT NULL,
  `state` int(11) DEFAULT 1
) ENGINE=InnoDB DEFAULT CHARSET=utf8 COLLATE=utf8_unicode_ci;

--
-- Đang đổ dữ liệu cho bảng `product_producer`
--

INSERT INTO `product_producer` (`producer_id`, `producer_name`, `producer_sort_order`, `producer_parent`, `state`) VALUES
(3, 'Donaldson', 1, 0, 1),
(4, 'Komatsu', 2, 0, 1),
(5, 'Fleetguard', 3, 0, 1),
(6, 'Badwin', 4, 0, 1),
(7, 'Huyndai-Mobis', 5, 0, 1),
(8, 'Sakura', 6, 0, 1),
(9, 'Kobelco', 7, 0, 1),
(10, 'Hãng khác', 8, 0, 1);

-- --------------------------------------------------------

--
-- Cấu trúc bảng cho bảng `product_producer_languages`
--

CREATE TABLE `product_producer_languages` (
  `id` int(11) NOT NULL,
  `languages_code` varchar(255) COLLATE utf8_unicode_ci DEFAULT NULL,
  `lang_producer_name` varchar(255) COLLATE utf8_unicode_ci DEFAULT NULL,
  `producer_id` int(11) NOT NULL,
  `friendly_url` varchar(255) COLLATE utf8_unicode_ci DEFAULT NULL
) ENGINE=InnoDB DEFAULT CHARSET=utf8 COLLATE=utf8_unicode_ci;

--
-- Đang đổ dữ liệu cho bảng `product_producer_languages`
--

INSERT INTO `product_producer_languages` (`id`, `languages_code`, `lang_producer_name`, `producer_id`, `friendly_url`) VALUES
(34, 'vn', 'Donaldson', 3, 'donaldson'),
(35, 'en', 'Donaldson', 3, 'donaldson'),
(36, 'vn', 'Komatsu', 4, 'komatsu'),
(37, 'en', 'Komatsu', 4, 'komatsu'),
(38, 'vn', 'Fleetguard', 5, 'fleetguard'),
(39, 'en', 'Fleetguard', 5, 'fleetguard'),
(40, 'vn', 'Badwin', 6, 'badwin'),
(41, 'en', 'Badwin', 6, 'badwin'),
(42, 'vn', 'Huyndai-Mobis', 7, 'huyndai-mobis'),
(43, 'en', 'Huyndai-Mobis', 7, 'huyndai-mobis'),
(44, 'vn', 'Sakura', 8, 'sakura'),
(45, 'en', 'Sakura', 8, 'sakura'),
(46, 'vn', 'Kobelco', 9, 'kobelco'),
(47, 'en', 'Kobelco', 9, 'kobelco'),
(48, 'vn', 'Hãng khác', 10, 'hang-khac'),
(49, 'en', 'Hãng khác', 10, 'hang-khac');

-- --------------------------------------------------------

--
-- Cấu trúc bảng cho bảng `pro_color`
--

CREATE TABLE `pro_color` (
  `id` int(11) NOT NULL,
  `color` text COLLATE utf8_unicode_ci DEFAULT NULL,
  `id_product` int(11) NOT NULL
) ENGINE=InnoDB DEFAULT CHARSET=utf8 COLLATE=utf8_unicode_ci;

-- --------------------------------------------------------

--
-- Cấu trúc bảng cho bảng `rating`
--

CREATE TABLE `rating` (
  `id` int(11) NOT NULL,
  `product_id` int(11) NOT NULL,
  `address_ip` text CHARACTER SET utf8 COLLATE utf8_unicode_ci NOT NULL,
  `star_1` int(11) NOT NULL,
  `star_2` int(11) NOT NULL,
  `star_3` int(11) NOT NULL,
  `star_4` int(11) NOT NULL,
  `star_5` int(11) NOT NULL
) ENGINE=InnoDB DEFAULT CHARSET=latin1;

--
-- Đang đổ dữ liệu cho bảng `rating`
--

INSERT INTO `rating` (`id`, `product_id`, `address_ip`, `star_1`, `star_2`, `star_3`, `star_4`, `star_5`) VALUES
(1, 2041, '123.16.156.3', 0, 0, 0, 0, 1),
(2, 2123, '116.102.150.218', 0, 0, 0, 0, 1);

-- --------------------------------------------------------

--
-- Cấu trúc bảng cho bảng `regInfor`
--

CREATE TABLE `regInfor` (
  `regInfor_id` int(11) NOT NULL,
  `regInfor_name` varchar(255) COLLATE utf8_unicode_ci DEFAULT NULL,
  `regInfor_phone` varchar(255) COLLATE utf8_unicode_ci DEFAULT NULL,
  `regInfor_mail` varchar(255) COLLATE utf8_unicode_ci DEFAULT NULL,
  `regInfor_address` varchar(255) COLLATE utf8_unicode_ci DEFAULT NULL,
  `regInfor_wasBorn` int(11) DEFAULT NULL,
  `regInfor_code` varchar(255) COLLATE utf8_unicode_ci DEFAULT NULL,
  `regInfor_state` int(11) DEFAULT 1,
  `regInfor_createdDate` date DEFAULT NULL,
  `regInfor_answer1` int(11) DEFAULT 1,
  `regInfor_answer2` int(11) DEFAULT 1,
  `regInfor_answer3` int(11) DEFAULT 1,
  `regInfor_answer4` int(11) DEFAULT 1,
  `regInfor_answer5` int(11) DEFAULT 1,
  `regInfor_answer6` int(11) DEFAULT 1,
  `regInfor_answer7` int(11) DEFAULT 1,
  `regInfor_answer8` int(11) DEFAULT 1,
  `regInfor_answer9` int(11) DEFAULT 1,
  `regInfor_sex` varchar(255) COLLATE utf8_unicode_ci DEFAULT NULL
) ENGINE=InnoDB DEFAULT CHARSET=utf8 COLLATE=utf8_unicode_ci;

--
-- Đang đổ dữ liệu cho bảng `regInfor`
--

INSERT INTO `regInfor` (`regInfor_id`, `regInfor_name`, `regInfor_phone`, `regInfor_mail`, `regInfor_address`, `regInfor_wasBorn`, `regInfor_code`, `regInfor_state`, `regInfor_createdDate`, `regInfor_answer1`, `regInfor_answer2`, `regInfor_answer3`, `regInfor_answer4`, `regInfor_answer5`, `regInfor_answer6`, `regInfor_answer7`, `regInfor_answer8`, `regInfor_answer9`, `regInfor_sex`) VALUES
(25, 'fgsf', '0967878', NULL, NULL, 0, NULL, 1, '2017-06-21', 1, 1, 1, 1, 1, 1, 1, 1, 1, 'nam'),
(26, 'th', '0967878', NULL, NULL, 0, NULL, 1, '2017-06-21', 1, 1, 1, 1, 1, 1, 1, 1, 1, 'nam'),
(31, 'thuyhang', '0967878', NULL, NULL, 0, NULL, 1, '2017-06-21', 1, 1, 1, 1, 1, 1, 1, 1, 1, 'nam'),
(32, 'thuyhang2', '0967878', NULL, NULL, 1955, NULL, 1, '2017-06-21', 1, 1, 1, 1, 1, 1, 1, 1, 2, 'nữ'),
(34, 'thdfghgfh', 'dfasdfas', NULL, NULL, 1940, NULL, 1, '2017-06-21', 1, 1, 1, 1, 1, 1, 2, 1, 1, 'nam'),
(35, NULL, NULL, NULL, NULL, NULL, NULL, 1, NULL, 1, 1, 1, 1, 1, 1, 1, 1, 1, NULL),
(36, NULL, NULL, NULL, NULL, NULL, NULL, 1, NULL, 1, 1, 1, 1, 1, 1, 1, 1, 1, NULL),
(37, 'hh', '01669745858', NULL, NULL, 1940, NULL, 1, '2017-06-22', 1, 1, 1, 1, 1, 1, 1, 1, 1, 'nam'),
(38, '', '01669745858', NULL, NULL, 1982, NULL, 1, '2017-06-22', 1, 1, 1, 1, 1, 1, 1, 1, 1, 'nam'),
(39, 'hsdfansdf', '0967878', NULL, NULL, 1940, NULL, 1, '2017-06-22', 1, 1, 1, 1, 1, 1, 1, 1, 1, 'nam'),
(40, '', 'dsfdsfsfs', NULL, NULL, 1940, NULL, 1, '2017-06-22', 1, 1, 1, 1, 1, 1, 1, 1, 1, 'nam'),
(41, NULL, NULL, NULL, NULL, NULL, NULL, 1, NULL, 1, 1, 1, 1, 1, 1, 1, 1, 1, NULL),
(42, NULL, NULL, NULL, NULL, NULL, NULL, 1, NULL, 1, 1, 1, 1, 1, 1, 1, 1, 1, NULL),
(43, NULL, NULL, NULL, NULL, NULL, NULL, 1, NULL, 1, 1, 1, 1, 1, 1, 1, 1, 1, NULL),
(44, NULL, NULL, NULL, NULL, NULL, NULL, 1, NULL, 1, 1, 1, 1, 1, 1, 1, 1, 1, NULL),
(45, NULL, NULL, NULL, NULL, NULL, NULL, 1, NULL, 1, 1, 1, 1, 1, 1, 1, 1, 1, NULL),
(46, '', '01669745858', NULL, NULL, 1940, NULL, 1, '2017-06-27', 1, 1, 1, 1, 1, 1, 1, 1, 1, 'nam'),
(47, NULL, NULL, NULL, NULL, NULL, NULL, 1, NULL, 1, 1, 1, 1, 1, 1, 1, 1, 1, NULL),
(48, NULL, NULL, NULL, NULL, NULL, NULL, 1, NULL, 1, 1, 1, 1, 1, 1, 1, 1, 1, NULL),
(49, NULL, NULL, NULL, NULL, NULL, NULL, 1, NULL, 1, 1, 1, 1, 1, 1, 1, 1, 1, NULL),
(50, NULL, NULL, NULL, NULL, NULL, NULL, 1, NULL, 1, 1, 1, 1, 1, 1, 1, 1, 1, NULL),
(51, NULL, NULL, NULL, NULL, NULL, NULL, 1, NULL, 1, 1, 1, 1, 1, 1, 1, 1, 1, NULL),
(52, NULL, NULL, NULL, NULL, NULL, NULL, 1, NULL, 1, 1, 1, 1, 1, 1, 1, 1, 1, NULL),
(53, 'erte', '5657', NULL, NULL, 2345, NULL, 1, '2017-07-10', 1, 1, 1, 1, 1, 1, 1, 1, 1, '4'),
(54, '', '', NULL, NULL, 0, NULL, 1, '2017-07-10', 1, 1, 1, 1, 1, 1, 1, 1, 1, '0'),
(55, 'dryrs', '3426546', NULL, NULL, 25346, NULL, 1, '2017-07-10', 1, 1, 1, 1, 1, 1, 1, 1, 1, '1'),
(56, 'hangpt', '0973378669', NULL, NULL, 1989, NULL, 1, '2017-07-10', 1, 1, 1, 1, 1, 1, 1, 1, 1, '4'),
(57, 'fhgh', 'fhfhfh', NULL, NULL, 0, NULL, 1, '2017-07-15', 1, 1, 1, 1, 1, 1, 1, 1, 1, '3'),
(58, 'tgsdfg', '', NULL, NULL, 0, NULL, 1, '2017-07-16', 1, 1, 1, 1, 1, 1, 1, 1, 1, '0'),
(59, 'zxcv', 'sdf', NULL, NULL, 0, NULL, 1, '2017-07-16', 1, 1, 1, 1, 1, 1, 1, 1, 1, '0'),
(60, 'xzc', '35345', NULL, NULL, 0, NULL, 1, '2017-07-16', 1, 1, 1, 1, 1, 1, 1, 1, 1, '1');

-- --------------------------------------------------------

--
-- Cấu trúc bảng cho bảng `regMember`
--

CREATE TABLE `regMember` (
  `regMember_id` int(11) NOT NULL,
  `regMember_mail` varchar(255) COLLATE utf8_unicode_ci DEFAULT NULL,
  `regMember_createdDate` date DEFAULT NULL
) ENGINE=InnoDB DEFAULT CHARSET=utf8 COLLATE=utf8_unicode_ci;

-- --------------------------------------------------------

--
-- Cấu trúc bảng cho bảng `sale`
--

CREATE TABLE `sale` (
  `sale_id` int(11) NOT NULL,
  `sale_name` text COLLATE utf8_unicode_ci DEFAULT NULL,
  `sale_code` text COLLATE utf8_unicode_ci DEFAULT NULL,
  `sale_total_count` int(11) DEFAULT NULL,
  `sale_type` int(11) DEFAULT NULL,
  `sale_value` float DEFAULT NULL,
  `sale_apply` int(11) DEFAULT NULL,
  `productcat_id` int(11) DEFAULT NULL,
  `product_id` int(11) DEFAULT NULL,
  `sale_start_date` datetime DEFAULT NULL,
  `sale_end_date` datetime DEFAULT NULL,
  `state` int(11) NOT NULL DEFAULT 0
) ENGINE=InnoDB DEFAULT CHARSET=utf8 COLLATE=utf8_unicode_ci;

-- --------------------------------------------------------

--
-- Cấu trúc bảng cho bảng `service`
--

CREATE TABLE `service` (
  `service_id` int(11) NOT NULL,
  `service_name` varchar(255) COLLATE utf8_unicode_ci DEFAULT NULL,
  `service_des` text COLLATE utf8_unicode_ci DEFAULT NULL,
  `service_content` text COLLATE utf8_unicode_ci DEFAULT NULL,
  `service_img` varchar(255) COLLATE utf8_unicode_ci DEFAULT NULL,
  `service_views` varchar(255) COLLATE utf8_unicode_ci DEFAULT NULL,
  `servicecat_id` int(11) DEFAULT NULL,
  `service_author` varchar(255) COLLATE utf8_unicode_ci DEFAULT NULL,
  `service_create_date` date DEFAULT NULL,
  `service_update_date` date DEFAULT NULL,
  `state` int(11) DEFAULT 1,
  `service_sub_infor1` text COLLATE utf8_unicode_ci DEFAULT NULL,
  `service_sub_infor2` text COLLATE utf8_unicode_ci DEFAULT NULL,
  `service_sub_infor3` text COLLATE utf8_unicode_ci DEFAULT NULL,
  `service_sub_infor4` text COLLATE utf8_unicode_ci DEFAULT NULL,
  `service_sub_infor5` text COLLATE utf8_unicode_ci DEFAULT NULL,
  `title_seo` varchar(255) COLLATE utf8_unicode_ci DEFAULT NULL,
  `des_seo` text COLLATE utf8_unicode_ci DEFAULT NULL,
  `friendly_url` varchar(255) COLLATE utf8_unicode_ci DEFAULT NULL,
  `keyword` varchar(255) COLLATE utf8_unicode_ci DEFAULT NULL,
  `created_id` int(11) DEFAULT NULL,
  `servicetag_arr` varchar(10000) COLLATE utf8_unicode_ci DEFAULT NULL
) ENGINE=InnoDB DEFAULT CHARSET=utf8 COLLATE=utf8_unicode_ci;

--
-- Đang đổ dữ liệu cho bảng `service`
--

INSERT INTO `service` (`service_id`, `service_name`, `service_des`, `service_content`, `service_img`, `service_views`, `servicecat_id`, `service_author`, `service_create_date`, `service_update_date`, `state`, `service_sub_infor1`, `service_sub_infor2`, `service_sub_infor3`, `service_sub_infor4`, `service_sub_infor5`, `title_seo`, `des_seo`, `friendly_url`, `keyword`, `created_id`, `servicetag_arr`) VALUES
(68, 'Video 6', '', '<p><iframe frameborder=\"0\" height=\"315\" src=\"https://www.youtube.com/embed/uzdhtJNCQvk\" title=\"YouTube video player\" width=\"560\"></iframe></p>\r\n', 'Máy phát điện HY10000LE.jpg', '0', 0, '', '2023-05-19', '2023-07-01', 1, NULL, NULL, NULL, NULL, NULL, 'Video 6', '', 'video-6', '', 10, NULL),
(69, 'Tăng hiệu suất khi sử dụng', '', '<iframe src=\"https://www.facebook.com/plugins/video.php?height=317&href=https%3A%2F%2Fwww.facebook.com%2Fhuong.manhlinh%2Fvideos%2F3514109538833110%2F&show_text=false&width=560&t=0\" width=\"560\" height=\"317\" style=\"border:none;overflow:hidden\" scrolling=\"no\" frameborder=\"0\" allowfullscreen=\"true\" allow=\"autoplay; clipboard-write; encrypted-media; picture-in-picture; web-share\" allowFullScreen=\"true\"></iframe>', 'Thiết kế chưa có tên (4).png', '0', 0, '', '2023-05-19', '2023-07-19', 1, '', '', '', '', '', 'Tăng hiệu suất khi sử dụng', '0', 'tang-hieu-suat-khi-su-dung', '0', 10, ''),
(70, 'Máy mang lại sự tiên lợi', '', '<iframe src=\"https://www.facebook.com/plugins/video.php?height=476&href=https%3A%2F%2Fwww.facebook.com%2Fhuong.manhlinh%2Fvideos%2F1676788199148893%2F&show_text=false&width=269&t=0\" width=\"269\" height=\"476\" style=\"border:none;overflow:hidden\" scrolling=\"no\" frameborder=\"0\" allowfullscreen=\"true\" allow=\"autoplay; clipboard-write; encrypted-media; picture-in-picture; web-share\" allowFullScreen=\"true\"></iframe>', 'Thiết kế chưa có tên (3).png', '0', 0, '', '2023-05-19', '2023-07-19', 1, '', '', '', '', '', 'Máy mang lại sự tiên lợi', '0', 'may-mang-lai-su-tien-loi', '0', 10, ''),
(71, 'Hoạt động bền bỉ với thời gian', '', '<iframe src=\"https://www.facebook.com/plugins/video.php?height=476&href=https%3A%2F%2Fwww.facebook.com%2Fhuong.manhlinh%2Fvideos%2F197950656450914%2F&show_text=false&width=273&t=0\" width=\"273\" height=\"476\" style=\"border:none;overflow:hidden\" scrolling=\"no\" frameborder=\"0\" allowfullscreen=\"true\" allow=\"autoplay; clipboard-write; encrypted-media; picture-in-picture; web-share\" allowFullScreen=\"true\"></iframe>', 'Thiết kế chưa có tên (5).png', '0', 0, '', '2023-05-19', '2023-07-19', 1, '', '', '', '', '', 'Hoạt động bền bỉ với thời gian', '0', 'hoat-dong-ben-bi-voi-thoi-gian', '0', 10, ''),
(72, 'Máy nhập khẩu chất lượng cao', '', '<iframe src=\"https://www.facebook.com/plugins/video.php?height=476&href=https%3A%2F%2Fwww.facebook.com%2Fhuong.manhlinh%2Fvideos%2F4033633816862415%2F&show_text=false&width=267&t=0\" width=\"267\" height=\"476\" style=\"border:none;overflow:hidden\" scrolling=\"no\" frameborder=\"0\" allowfullscreen=\"true\" allow=\"autoplay; clipboard-write; encrypted-media; picture-in-picture; web-share\" allowFullScreen=\"true\"></iframe>', 'Thiết kế chưa có tên (1).png', '0', 0, '', '2023-05-19', '2023-07-19', 1, '', '', '', '', '', 'Máy nhập khẩu chất lượng cao', '0', 'may-nhap-khau-chat-luong-cao', '0', 10, ''),
(73, 'Chất lượng hàng đầu - Năng xuất nâng cao', '', '<iframe src=\"https://www.facebook.com/plugins/video.php?height=476&href=https%3A%2F%2Fwww.facebook.com%2Fhuong.manhlinh%2Fvideos%2F1842577675903277%2F&show_text=false&width=273&t=0\" width=\"273\" height=\"476\" style=\"border:none;overflow:hidden\" scrolling=\"no\" frameborder=\"0\" allowfullscreen=\"true\" allow=\"autoplay; clipboard-write; encrypted-media; picture-in-picture; web-share\" allowFullScreen=\"true\"></iframe>', 'Máy xát gạo TL-26B Inox đảo chiều.0.png', '0', 0, '', '2023-05-19', '2023-07-19', 1, '', '', '', '', '', 'Chất lượng hàng đầu - Năng xuất nâng cao', '0', 'chat-luong-hang-dau-nang-xuat-nang-cao', '0', 10, '');

-- --------------------------------------------------------

--
-- Cấu trúc bảng cho bảng `servicecat`
--

CREATE TABLE `servicecat` (
  `servicecat_id` int(11) NOT NULL,
  `servicecat_name` varchar(255) COLLATE utf8_unicode_ci DEFAULT NULL,
  `servicecat_des` text COLLATE utf8_unicode_ci DEFAULT NULL,
  `servicecat_content` text COLLATE utf8_unicode_ci DEFAULT NULL,
  `servicecat_parent` int(11) DEFAULT NULL,
  `servicecat_sort_order` int(11) DEFAULT NULL,
  `servicecat_created_date` date DEFAULT NULL,
  `servicecat_update_date` date DEFAULT NULL,
  `state` int(11) DEFAULT 1,
  `servicecat_img` varchar(255) COLLATE utf8_unicode_ci DEFAULT NULL,
  `servicecat_sub_infor1` text COLLATE utf8_unicode_ci DEFAULT NULL,
  `servicecat_sub_infor2` text COLLATE utf8_unicode_ci DEFAULT NULL,
  `servicecat_sub_infor3` text COLLATE utf8_unicode_ci DEFAULT NULL,
  `servicecat_sub_infor4` text COLLATE utf8_unicode_ci DEFAULT NULL,
  `servicecat_sub_infor5` text COLLATE utf8_unicode_ci DEFAULT NULL,
  `title_seo` varchar(255) COLLATE utf8_unicode_ci DEFAULT NULL,
  `des_seo` text COLLATE utf8_unicode_ci DEFAULT NULL,
  `friendly_url` varchar(255) COLLATE utf8_unicode_ci DEFAULT NULL,
  `keyword` varchar(255) COLLATE utf8_unicode_ci DEFAULT NULL,
  `created_id` int(11) DEFAULT NULL
) ENGINE=InnoDB DEFAULT CHARSET=utf8 COLLATE=utf8_unicode_ci;

-- --------------------------------------------------------

--
-- Cấu trúc bảng cho bảng `servicecat_languages`
--

CREATE TABLE `servicecat_languages` (
  `id` int(11) NOT NULL,
  `lang_servicecat_name` varchar(255) COLLATE utf8_unicode_ci DEFAULT NULL,
  `lang_servicecat_des` text COLLATE utf8_unicode_ci DEFAULT NULL,
  `lang_servicecat_content` text COLLATE utf8_unicode_ci DEFAULT NULL,
  `state` int(11) DEFAULT 1,
  `lang_servicecat_sub_infor1` text COLLATE utf8_unicode_ci DEFAULT NULL,
  `lang_servicecat_sub_infor2` text COLLATE utf8_unicode_ci DEFAULT NULL,
  `lang_servicecat_sub_infor3` text COLLATE utf8_unicode_ci DEFAULT NULL,
  `lang_servicecat_sub_infor4` text COLLATE utf8_unicode_ci DEFAULT NULL,
  `lang_servicecat_sub_infor5` text COLLATE utf8_unicode_ci DEFAULT NULL,
  `title_seo` varchar(255) COLLATE utf8_unicode_ci DEFAULT NULL,
  `des_seo` text COLLATE utf8_unicode_ci DEFAULT NULL,
  `friendly_url` varchar(255) COLLATE utf8_unicode_ci DEFAULT NULL,
  `keyword` varchar(255) COLLATE utf8_unicode_ci DEFAULT NULL,
  `created_id` int(11) DEFAULT NULL,
  `languages_code` varchar(255) COLLATE utf8_unicode_ci DEFAULT NULL,
  `servicecat_id` int(11) DEFAULT NULL
) ENGINE=InnoDB DEFAULT CHARSET=utf8 COLLATE=utf8_unicode_ci;

-- --------------------------------------------------------

--
-- Cấu trúc bảng cho bảng `servicetag`
--

CREATE TABLE `servicetag` (
  `servicetag_id` int(11) NOT NULL,
  `servicetag_name` varchar(225) CHARACTER SET utf8 COLLATE utf8_unicode_ci NOT NULL,
  `servicetag_des` text CHARACTER SET utf8 COLLATE utf8_unicode_ci NOT NULL,
  `servicetag_content` text CHARACTER SET utf8 COLLATE utf8_unicode_ci NOT NULL,
  `servicetag_sort_order` int(11) NOT NULL,
  `servicetag_created_date` datetime NOT NULL,
  `servicetag_update_date` datetime NOT NULL,
  `state` int(11) NOT NULL,
  `servicetag_img` varchar(225) CHARACTER SET utf8 COLLATE utf8_unicode_ci NOT NULL,
  `servicetag_sub_info1` text CHARACTER SET utf8 COLLATE utf8_unicode_ci NOT NULL,
  `servicetag_sub_info2` text CHARACTER SET utf8 COLLATE utf8_unicode_ci NOT NULL,
  `servicttag_sub_info3` text CHARACTER SET utf8 COLLATE utf8_unicode_ci NOT NULL,
  `servicetag_sub_info4` text CHARACTER SET utf8 COLLATE utf8_unicode_ci NOT NULL,
  `servicetag_sub_info5` text CHARACTER SET utf8 COLLATE utf8_unicode_ci NOT NULL,
  `title_seo` varchar(225) CHARACTER SET utf8 COLLATE utf8_unicode_ci NOT NULL,
  `des_seo` text CHARACTER SET utf8 COLLATE utf8_unicode_ci NOT NULL,
  `friendly_url` varchar(225) CHARACTER SET utf8 COLLATE utf8_unicode_ci NOT NULL,
  `keyword` varchar(225) CHARACTER SET utf8 COLLATE utf8_unicode_ci NOT NULL,
  `created_id` int(11) NOT NULL
) ENGINE=InnoDB DEFAULT CHARSET=latin1;

--
-- Đang đổ dữ liệu cho bảng `servicetag`
--

INSERT INTO `servicetag` (`servicetag_id`, `servicetag_name`, `servicetag_des`, `servicetag_content`, `servicetag_sort_order`, `servicetag_created_date`, `servicetag_update_date`, `state`, `servicetag_img`, `servicetag_sub_info1`, `servicetag_sub_info2`, `servicttag_sub_info3`, `servicetag_sub_info4`, `servicetag_sub_info5`, `title_seo`, `des_seo`, `friendly_url`, `keyword`, `created_id`) VALUES
(4, 'hot', '', '', 0, '2017-12-13 15:12:00', '2017-12-13 15:12:00', 1, '', '', '', '', '', '', 'hot', '', 'hot', '', 1),
(5, 'sale', '', '', 0, '2017-12-13 15:12:12', '2017-12-13 15:12:12', 1, '', '', '', '', '', '', 'sale', '', 'sale', '', 1);

-- --------------------------------------------------------

--
-- Cấu trúc bảng cho bảng `servicetag_languages`
--

CREATE TABLE `servicetag_languages` (
  `id` int(11) NOT NULL,
  `servicetag_id` int(11) NOT NULL,
  `languages_code` varchar(225) CHARACTER SET utf8 COLLATE utf8_unicode_ci NOT NULL,
  `lang_servicetag_name` varchar(225) CHARACTER SET utf8 COLLATE utf8_unicode_ci NOT NULL,
  `lang_servicetag_des` text CHARACTER SET utf8 COLLATE utf8_unicode_ci NOT NULL,
  `lang_servicetag_content` text CHARACTER SET utf8 COLLATE utf8_unicode_ci NOT NULL,
  `lang_servicetag_sub_info1` text CHARACTER SET utf8 COLLATE utf8_unicode_ci NOT NULL,
  `lang_servicetag_sub_info2` text CHARACTER SET utf8 COLLATE utf8_unicode_ci NOT NULL,
  `lang_servicetag_sub_info3` text CHARACTER SET utf8 COLLATE utf8_unicode_ci NOT NULL,
  `lang_servicetag_sub_info4` text CHARACTER SET utf8 COLLATE utf8_unicode_ci NOT NULL,
  `lang_servicetag_sub_info5` text CHARACTER SET utf8 COLLATE utf8_unicode_ci NOT NULL,
  `title_seo` varchar(225) CHARACTER SET utf8 COLLATE utf8_unicode_ci NOT NULL,
  `des_seo` text CHARACTER SET utf8 COLLATE utf8_unicode_ci NOT NULL,
  `keyword` varchar(225) CHARACTER SET utf8 COLLATE utf8_unicode_ci NOT NULL,
  `friendly_url` varchar(225) CHARACTER SET utf8 COLLATE utf8_unicode_ci NOT NULL,
  `state` int(11) NOT NULL
) ENGINE=InnoDB DEFAULT CHARSET=latin1;

--
-- Đang đổ dữ liệu cho bảng `servicetag_languages`
--

INSERT INTO `servicetag_languages` (`id`, `servicetag_id`, `languages_code`, `lang_servicetag_name`, `lang_servicetag_des`, `lang_servicetag_content`, `lang_servicetag_sub_info1`, `lang_servicetag_sub_info2`, `lang_servicetag_sub_info3`, `lang_servicetag_sub_info4`, `lang_servicetag_sub_info5`, `title_seo`, `des_seo`, `keyword`, `friendly_url`, `state`) VALUES
(4, 4, 'vn', 'hot', '', '', '', '', '', '', '', 'hot', '', 'keyword', 'hot', 1),
(5, 4, 'en', 'hot', '', '', '', '', '', '', '', 'hot', '', 'keyword', 'hot', 1),
(6, 5, 'vn', 'sale', '<p>1</p>\r\n', '', '', '', '', '', '', 'sale', '', 'keyword', 'sale', 1),
(7, 5, 'en', 'sale', '<p>2</p>\r\n', '', '', '', '', '', '', 'sale', '', 'keyword', 'sale', 1);

-- --------------------------------------------------------

--
-- Cấu trúc bảng cho bảng `service_languages`
--

CREATE TABLE `service_languages` (
  `id` int(11) NOT NULL,
  `languages_code` varchar(255) COLLATE utf8_unicode_ci DEFAULT NULL,
  `lang_service_name` varchar(255) COLLATE utf8_unicode_ci DEFAULT NULL,
  `lang_service_des` text COLLATE utf8_unicode_ci DEFAULT NULL,
  `lang_service_content` text COLLATE utf8_unicode_ci DEFAULT NULL,
  `lang_service_author` varchar(255) COLLATE utf8_unicode_ci DEFAULT NULL,
  `state` int(11) DEFAULT 1,
  `service_sub_infor1` text COLLATE utf8_unicode_ci DEFAULT NULL,
  `service_sub_infor2` text COLLATE utf8_unicode_ci DEFAULT NULL,
  `service_sub_infor3` text COLLATE utf8_unicode_ci DEFAULT NULL,
  `service_sub_infor4` text COLLATE utf8_unicode_ci DEFAULT NULL,
  `service_sub_infor5` text COLLATE utf8_unicode_ci DEFAULT NULL,
  `title_seo` varchar(255) COLLATE utf8_unicode_ci DEFAULT NULL,
  `des_seo` text COLLATE utf8_unicode_ci DEFAULT NULL,
  `friendly_url` varchar(255) COLLATE utf8_unicode_ci DEFAULT NULL,
  `keyword` varchar(255) COLLATE utf8_unicode_ci DEFAULT NULL,
  `created_id` int(11) DEFAULT NULL,
  `service_id` int(11) DEFAULT NULL
) ENGINE=InnoDB DEFAULT CHARSET=utf8 COLLATE=utf8_unicode_ci;

--
-- Đang đổ dữ liệu cho bảng `service_languages`
--

INSERT INTO `service_languages` (`id`, `languages_code`, `lang_service_name`, `lang_service_des`, `lang_service_content`, `lang_service_author`, `state`, `service_sub_infor1`, `service_sub_infor2`, `service_sub_infor3`, `service_sub_infor4`, `service_sub_infor5`, `title_seo`, `des_seo`, `friendly_url`, `keyword`, `created_id`, `service_id`) VALUES
(91, 'vn', 'Video 6', '', '<p><iframe frameborder=\"0\" height=\"315\" src=\"https://www.youtube.com/embed/uzdhtJNCQvk\" title=\"YouTube video player\" width=\"560\"></iframe></p>\r\n', NULL, 1, NULL, NULL, NULL, NULL, NULL, 'Video 6', '', 'video-6', '', NULL, 68),
(92, 'en', 'english version Dây Chuyền Co Màng Cắt Màng Tự Động', 'english version ', 'english version <p>&lt;iframe width=&quot;560&quot; height=&quot;315&quot; src=&quot;https://www.youtube.com/embed/uzdhtJNCQvk&quot; title=&quot;YouTube video player&quot; frameborder=&quot;0&quot; allow=&quot;accelerometer; autoplay; clipboard-write; encrypted-media; gyroscope; picture-in-picture; web-share&quot; allowfullscreen&gt;&lt;/iframe&gt;</p>\r\n', NULL, 1, NULL, NULL, NULL, NULL, NULL, 'Dây Chuyền Co Màng Cắt Màng Tự Động', '', 'en-day-chuyen-co-mang-cat-mang-tu-dong', '', NULL, 68),
(93, 'vn', 'Tăng hiệu suất khi sử dụng', '', '<iframe src=\"https://www.facebook.com/plugins/video.php?height=317&href=https%3A%2F%2Fwww.facebook.com%2Fhuong.manhlinh%2Fvideos%2F3514109538833110%2F&show_text=false&width=560&t=0\" width=\"560\" height=\"317\" style=\"border:none;overflow:hidden\" scrolling=\"no\" frameborder=\"0\" allowfullscreen=\"true\" allow=\"autoplay; clipboard-write; encrypted-media; picture-in-picture; web-share\" allowFullScreen=\"true\"></iframe>', '0', 1, '0', '0', '0', '0', '0', 'Tăng hiệu suất khi sử dụng', '0', 'tang-hieu-suat-khi-su-dung', '0', 0, 69),
(94, 'en', 'english version Dây Chuyền Co Màng Cắt Màng Tự Động', 'english version ', 'english version <p>&lt;iframe width=&quot;560&quot; height=&quot;315&quot; src=&quot;https://www.youtube.com/embed/uzdhtJNCQvk&quot; title=&quot;YouTube video player&quot; frameborder=&quot;0&quot; allow=&quot;accelerometer; autoplay; clipboard-write; encrypted-media; gyroscope; picture-in-picture; web-share&quot; allowfullscreen&gt;&lt;/iframe&gt;</p>\r\n', '0', 1, '0', '0', '0', '0', '0', 'Dây Chuyền Co Màng Cắt Màng Tự Động', '0', 'day-chuyen-co-mang-cat-mang-tu-dong-69', '0', 0, 69),
(95, 'vn', 'Máy mang lại sự tiên lợi', '', '<iframe src=\"https://www.facebook.com/plugins/video.php?height=476&href=https%3A%2F%2Fwww.facebook.com%2Fhuong.manhlinh%2Fvideos%2F1676788199148893%2F&show_text=false&width=269&t=0\" width=\"269\" height=\"476\" style=\"border:none;overflow:hidden\" scrolling=\"no\" frameborder=\"0\" allowfullscreen=\"true\" allow=\"autoplay; clipboard-write; encrypted-media; picture-in-picture; web-share\" allowFullScreen=\"true\"></iframe>', '0', 1, '0', '0', '0', '0', '0', 'Máy mang lại sự tiên lợi', '0', 'may-mang-lai-su-tien-loi', '0', 0, 70),
(96, 'en', 'english version Dây Chuyền Co Màng Cắt Màng Tự Động', 'english version ', 'english version <p>&lt;iframe width=&quot;560&quot; height=&quot;315&quot; src=&quot;https://www.youtube.com/embed/uzdhtJNCQvk&quot; title=&quot;YouTube video player&quot; frameborder=&quot;0&quot; allow=&quot;accelerometer; autoplay; clipboard-write; encrypted-media; gyroscope; picture-in-picture; web-share&quot; allowfullscreen&gt;&lt;/iframe&gt;</p>\r\n', '0', 1, '0', '0', '0', '0', '0', 'Dây Chuyền Co Màng Cắt Màng Tự Động', '0', 'day-chuyen-co-mang-cat-mang-tu-dong-70', '0', 0, 70),
(97, 'vn', 'Hoạt động bền bỉ với thời gian', '', '<iframe src=\"https://www.facebook.com/plugins/video.php?height=476&href=https%3A%2F%2Fwww.facebook.com%2Fhuong.manhlinh%2Fvideos%2F197950656450914%2F&show_text=false&width=273&t=0\" width=\"273\" height=\"476\" style=\"border:none;overflow:hidden\" scrolling=\"no\" frameborder=\"0\" allowfullscreen=\"true\" allow=\"autoplay; clipboard-write; encrypted-media; picture-in-picture; web-share\" allowFullScreen=\"true\"></iframe>', '0', 1, '0', '0', '0', '0', '0', 'Hoạt động bền bỉ với thời gian', '0', 'hoat-dong-ben-bi-voi-thoi-gian', '0', 0, 71),
(98, 'en', 'english version Dây Chuyền Co Màng Cắt Màng Tự Động', 'english version ', 'english version <p>&lt;iframe width=&quot;560&quot; height=&quot;315&quot; src=&quot;https://www.youtube.com/embed/uzdhtJNCQvk&quot; title=&quot;YouTube video player&quot; frameborder=&quot;0&quot; allow=&quot;accelerometer; autoplay; clipboard-write; encrypted-media; gyroscope; picture-in-picture; web-share&quot; allowfullscreen&gt;&lt;/iframe&gt;</p>\r\n', '0', 1, '0', '0', '0', '0', '0', 'Dây Chuyền Co Màng Cắt Màng Tự Động', '0', 'day-chuyen-co-mang-cat-mang-tu-dong-71', '0', 0, 71),
(99, 'vn', 'Máy nhập khẩu chất lượng cao', '', '<iframe src=\"https://www.facebook.com/plugins/video.php?height=476&href=https%3A%2F%2Fwww.facebook.com%2Fhuong.manhlinh%2Fvideos%2F4033633816862415%2F&show_text=false&width=267&t=0\" width=\"267\" height=\"476\" style=\"border:none;overflow:hidden\" scrolling=\"no\" frameborder=\"0\" allowfullscreen=\"true\" allow=\"autoplay; clipboard-write; encrypted-media; picture-in-picture; web-share\" allowFullScreen=\"true\"></iframe>', '0', 1, '0', '0', '0', '0', '0', 'Máy nhập khẩu chất lượng cao', '0', 'may-nhap-khau-chat-luong-cao', '0', 0, 72),
(100, 'en', 'english version Dây Chuyền Co Màng Cắt Màng Tự Động', 'english version ', 'english version <p>&lt;iframe width=&quot;560&quot; height=&quot;315&quot; src=&quot;https://www.youtube.com/embed/uzdhtJNCQvk&quot; title=&quot;YouTube video player&quot; frameborder=&quot;0&quot; allow=&quot;accelerometer; autoplay; clipboard-write; encrypted-media; gyroscope; picture-in-picture; web-share&quot; allowfullscreen&gt;&lt;/iframe&gt;</p>\r\n', '0', 1, '0', '0', '0', '0', '0', 'Dây Chuyền Co Màng Cắt Màng Tự Động', '0', 'day-chuyen-co-mang-cat-mang-tu-dong-72', '0', 0, 72),
(101, 'vn', 'Chất lượng hàng đầu - Năng xuất nâng cao', '', '<iframe src=\"https://www.facebook.com/plugins/video.php?height=476&href=https%3A%2F%2Fwww.facebook.com%2Fhuong.manhlinh%2Fvideos%2F1842577675903277%2F&show_text=false&width=273&t=0\" width=\"273\" height=\"476\" style=\"border:none;overflow:hidden\" scrolling=\"no\" frameborder=\"0\" allowfullscreen=\"true\" allow=\"autoplay; clipboard-write; encrypted-media; picture-in-picture; web-share\" allowFullScreen=\"true\"></iframe>', '0', 1, '0', '0', '0', '0', '0', 'Chất lượng hàng đầu - Năng xuất nâng cao', '0', 'chat-luong-hang-dau-nang-xuat-nang-cao', '0', 0, 73),
(102, 'en', 'english version Dây Chuyền Co Màng Cắt Màng Tự Động', 'english version ', 'english version <p>&lt;iframe width=&quot;560&quot; height=&quot;315&quot; src=&quot;https://www.youtube.com/embed/uzdhtJNCQvk&quot; title=&quot;YouTube video player&quot; frameborder=&quot;0&quot; allow=&quot;accelerometer; autoplay; clipboard-write; encrypted-media; gyroscope; picture-in-picture; web-share&quot; allowfullscreen&gt;&lt;/iframe&gt;</p>\r\n', '0', 1, '0', '0', '0', '0', '0', 'Dây Chuyền Co Màng Cắt Màng Tự Động', '0', 'day-chuyen-co-mang-cat-mang-tu-dong-73', '0', 0, 73);

-- --------------------------------------------------------

--
-- Cấu trúc bảng cho bảng `size`
--

CREATE TABLE `size` (
  `size_id` bigint(20) NOT NULL,
  `size_name` varchar(255) COLLATE utf8_unicode_ci DEFAULT NULL,
  `size_stock` int(11) DEFAULT NULL,
  `size_price` double DEFAULT NULL,
  `color_id` bigint(20) DEFAULT NULL,
  `product_id` int(11) DEFAULT NULL
) ENGINE=InnoDB DEFAULT CHARSET=utf8 COLLATE=utf8_unicode_ci;

-- --------------------------------------------------------

--
-- Cấu trúc bảng cho bảng `thuong_hieu`
--

CREATE TABLE `thuong_hieu` (
  `id` int(11) NOT NULL,
  `name` text COLLATE utf8_unicode_ci DEFAULT NULL
) ENGINE=InnoDB DEFAULT CHARSET=utf8 COLLATE=utf8_unicode_ci;

-- --------------------------------------------------------

--
-- Cấu trúc bảng cho bảng `trademark`
--

CREATE TABLE `trademark` (
  `id` int(11) NOT NULL,
  `name` varchar(300) CHARACTER SET utf8 COLLATE utf8_unicode_ci NOT NULL,
  `image` varchar(500) CHARACTER SET utf8 COLLATE utf8_unicode_ci NOT NULL,
  `note` text CHARACTER SET utf8 COLLATE utf8_unicode_ci NOT NULL
) ENGINE=InnoDB DEFAULT CHARSET=latin1;

--
-- Đang đổ dữ liệu cho bảng `trademark`
--

INSERT INTO `trademark` (`id`, `name`, `image`, `note`) VALUES
(103, 'Trung Quốc', 'pari-logo.png', ''),
(104, 'Đài Loan', 'NosefridaLOGO.jpg', ''),
(105, 'Nhật Bản', 'heine-bez.png', ''),
(106, 'Hàn Quốc', '', '');

-- --------------------------------------------------------

--
-- Cấu trúc bảng cho bảng `user`
--

CREATE TABLE `user` (
  `user_id` int(11) NOT NULL,
  `user_name` varchar(255) COLLATE utf8_unicode_ci DEFAULT NULL,
  `user_email` varchar(255) COLLATE utf8_unicode_ci DEFAULT NULL,
  `user_phone` varchar(255) COLLATE utf8_unicode_ci DEFAULT NULL,
  `user_address` text COLLATE utf8_unicode_ci DEFAULT NULL,
  `user_password` text COLLATE utf8_unicode_ci DEFAULT NULL,
  `created_date` datetime DEFAULT NULL,
  `state` int(11) DEFAULT 1,
  `time` date NOT NULL,
  `ask` text COLLATE utf8_unicode_ci NOT NULL,
  `remember_me_identify` text COLLATE utf8_unicode_ci NOT NULL,
  `remember_me_token` text COLLATE utf8_unicode_ci NOT NULL
) ENGINE=InnoDB DEFAULT CHARSET=utf8 COLLATE=utf8_unicode_ci;

--
-- Đang đổ dữ liệu cho bảng `user`
--

INSERT INTO `user` (`user_id`, `user_name`, `user_email`, `user_phone`, `user_address`, `user_password`, `created_date`, `state`, `time`, `ask`, `remember_me_identify`, `remember_me_token`) VALUES
(10, 'hung', 'hung71483@gmail.com', NULL, NULL, '$2y$10$K1pWsDER5UHre0zaC5IYyOZFnYSXYA34OO7M7Yu3wG/LzFaiXaN6O', NULL, 1, '0000-00-00', '$2y$10$agH2TActbd84Z7FltVwgYuuls12k7kwo4nIKTwYTF9NwaoD/B6Z8a', 'Ub9dhdrbOub9AnPESARe', 'zcZMIcNMkrAeVbLqbPIueU4x0JS3Q5'),
(11, 'Việt Hưng', 'viethung95cute@gmail.com', NULL, NULL, '$2y$10$H/oRwht13lj1/tnj.VEIVO58qvIvEIjfTDt4HByWikd/e15e0CD2G', NULL, 1, '0000-00-00', '$2y$10$nEdTTn2WO1lwvkii8gfgpuwf9TRz72.ypUNmDUUGlVJvuR2ZC.idy', '', '');

-- --------------------------------------------------------

--
-- Cấu trúc bảng cho bảng `user_online`
--

CREATE TABLE `user_online` (
  `tgtmp` int(15) NOT NULL DEFAULT 0,
  `ip` varchar(50) COLLATE utf8_unicode_ci NOT NULL,
  `local` varchar(100) COLLATE utf8_unicode_ci NOT NULL
) ENGINE=InnoDB DEFAULT CHARSET=utf8 COLLATE=utf8_unicode_ci;

-- --------------------------------------------------------

--
-- Cấu trúc bảng cho bảng `wishlist`
--

CREATE TABLE `wishlist` (
  `wishlist_id` int(11) NOT NULL,
  `user_id` int(11) DEFAULT NULL,
  `product_id` int(11) DEFAULT NULL,
  `wishlist_created_date` datetime DEFAULT NULL,
  `product_name` text COLLATE utf8_unicode_ci DEFAULT NULL,
  `state` int(11) NOT NULL DEFAULT 0
) ENGINE=InnoDB DEFAULT CHARSET=utf8 COLLATE=utf8_unicode_ci;

--
-- Chỉ mục cho các bảng đã đổ
--

--
-- Chỉ mục cho bảng `admin`
--
ALTER TABLE `admin`
  ADD PRIMARY KEY (`admin_id`),
  ADD KEY `admin_role` (`admin_role`),
  ADD KEY `admin_state` (`admin_state`);

--
-- Chỉ mục cho bảng `admin_role`
--
ALTER TABLE `admin_role`
  ADD PRIMARY KEY (`admin_role_id`);

--
-- Chỉ mục cho bảng `cart`
--
ALTER TABLE `cart`
  ADD PRIMARY KEY (`id_cart`);

--
-- Chỉ mục cho bảng `cartdetail`
--
ALTER TABLE `cartdetail`
  ADD PRIMARY KEY (`id_cartDetail`),
  ADD KEY `id_cart` (`id_cart`);

--
-- Chỉ mục cho bảng `color`
--
ALTER TABLE `color`
  ADD PRIMARY KEY (`color_id`),
  ADD KEY `product_id` (`product_id`);

--
-- Chỉ mục cho bảng `config`
--
ALTER TABLE `config`
  ADD PRIMARY KEY (`config_id`);

--
-- Chỉ mục cho bảng `config_languages`
--
ALTER TABLE `config_languages`
  ADD PRIMARY KEY (`id`),
  ADD KEY `config_id` (`config_id`);

--
-- Chỉ mục cho bảng `currency`
--
ALTER TABLE `currency`
  ADD PRIMARY KEY (`currency_id`),
  ADD UNIQUE KEY `currency_code` (`currency_code`);

--
-- Chỉ mục cho bảng `khoang_gia`
--
ALTER TABLE `khoang_gia`
  ADD PRIMARY KEY (`id`);

--
-- Chỉ mục cho bảng `languages`
--
ALTER TABLE `languages`
  ADD PRIMARY KEY (`languages_id`);

--
-- Chỉ mục cho bảng `lien_he`
--
ALTER TABLE `lien_he`
  ADD PRIMARY KEY (`id`);

--
-- Chỉ mục cho bảng `menu`
--
ALTER TABLE `menu`
  ADD PRIMARY KEY (`menu_id`),
  ADD KEY `menu_type_id` (`menu_type_id`),
  ADD KEY `product_id` (`product_id`),
  ADD KEY `page_id` (`page_id`),
  ADD KEY `news_id` (`news_id`),
  ADD KEY `state` (`state`),
  ADD KEY `menu_parent` (`menu_parent`),
  ADD KEY `productcat_id` (`productcat_id`),
  ADD KEY `newscat_id` (`newscat_id`);

--
-- Chỉ mục cho bảng `menu_languages`
--
ALTER TABLE `menu_languages`
  ADD PRIMARY KEY (`id`),
  ADD KEY `menu_id` (`menu_id`);

--
-- Chỉ mục cho bảng `menu_type`
--
ALTER TABLE `menu_type`
  ADD PRIMARY KEY (`menu_type_id`);

--
-- Chỉ mục cho bảng `menu_type_languages`
--
ALTER TABLE `menu_type_languages`
  ADD PRIMARY KEY (`id`),
  ADD KEY `fk_menu_type` (`menu_type_id`);

--
-- Chỉ mục cho bảng `news`
--
ALTER TABLE `news`
  ADD PRIMARY KEY (`news_id`),
  ADD KEY `created_id` (`created_id`);

--
-- Chỉ mục cho bảng `newscat`
--
ALTER TABLE `newscat`
  ADD PRIMARY KEY (`newscat_id`),
  ADD KEY `created_id` (`created_id`);

--
-- Chỉ mục cho bảng `newscat_languages`
--
ALTER TABLE `newscat_languages`
  ADD PRIMARY KEY (`id`),
  ADD KEY `newscat_id` (`newscat_id`),
  ADD KEY `languages_id` (`languages_code`),
  ADD KEY `edit_state` (`edit_state`);

--
-- Chỉ mục cho bảng `newstag`
--
ALTER TABLE `newstag`
  ADD PRIMARY KEY (`newstag_id`);

--
-- Chỉ mục cho bảng `newstag_languages`
--
ALTER TABLE `newstag_languages`
  ADD PRIMARY KEY (`id`);

--
-- Chỉ mục cho bảng `news_languages`
--
ALTER TABLE `news_languages`
  ADD PRIMARY KEY (`id`),
  ADD KEY `news_id` (`news_id`),
  ADD KEY `languages_id` (`languages_code`),
  ADD KEY `edit_state` (`edit_state`);

--
-- Chỉ mục cho bảng `nhan_khuyen_mai`
--
ALTER TABLE `nhan_khuyen_mai`
  ADD PRIMARY KEY (`id`);

--
-- Chỉ mục cho bảng `nhan_tin`
--
ALTER TABLE `nhan_tin`
  ADD PRIMARY KEY (`id`);

--
-- Chỉ mục cho bảng `optionsQ1`
--
ALTER TABLE `optionsQ1`
  ADD PRIMARY KEY (`optionsQ1_id`);

--
-- Chỉ mục cho bảng `optionsQ2`
--
ALTER TABLE `optionsQ2`
  ADD PRIMARY KEY (`optionsQ2_id`);

--
-- Chỉ mục cho bảng `optionsQ3`
--
ALTER TABLE `optionsQ3`
  ADD PRIMARY KEY (`optionsQ3_id`);

--
-- Chỉ mục cho bảng `optionsQ4`
--
ALTER TABLE `optionsQ4`
  ADD PRIMARY KEY (`optionsQ4_id`);

--
-- Chỉ mục cho bảng `optionsQ5`
--
ALTER TABLE `optionsQ5`
  ADD PRIMARY KEY (`optionsQ5_id`);

--
-- Chỉ mục cho bảng `optionsQ6`
--
ALTER TABLE `optionsQ6`
  ADD PRIMARY KEY (`optionsQ6_id`);

--
-- Chỉ mục cho bảng `optionsQ7`
--
ALTER TABLE `optionsQ7`
  ADD PRIMARY KEY (`optionsQ7_id`);

--
-- Chỉ mục cho bảng `optionsQ8`
--
ALTER TABLE `optionsQ8`
  ADD PRIMARY KEY (`optionsQ8_id`);

--
-- Chỉ mục cho bảng `optionsQ9`
--
ALTER TABLE `optionsQ9`
  ADD PRIMARY KEY (`optionsQ9_id`);

--
-- Chỉ mục cho bảng `orders`
--
ALTER TABLE `orders`
  ADD PRIMARY KEY (`orders_id`),
  ADD KEY `users_id` (`users_id`),
  ADD KEY `orders_state` (`orders_state`),
  ADD KEY `currency_id` (`currency_id`);

--
-- Chỉ mục cho bảng `order_detail`
--
ALTER TABLE `order_detail`
  ADD PRIMARY KEY (`order_detail_id`),
  ADD KEY `order_id` (`order_id`),
  ADD KEY `product_id` (`product_id`),
  ADD KEY `currency_id` (`currency_id`);

--
-- Chỉ mục cho bảng `order_state`
--
ALTER TABLE `order_state`
  ADD PRIMARY KEY (`order_state_id`),
  ADD KEY `state` (`state`);

--
-- Chỉ mục cho bảng `page`
--
ALTER TABLE `page`
  ADD PRIMARY KEY (`page_id`),
  ADD KEY `created_id` (`created_id`);

--
-- Chỉ mục cho bảng `page_languages`
--
ALTER TABLE `page_languages`
  ADD PRIMARY KEY (`id`),
  ADD KEY `page_id` (`page_id`),
  ADD KEY `languages_id` (`languages_code`),
  ADD KEY `edit_state` (`edit_state`);

--
-- Chỉ mục cho bảng `price_percent`
--
ALTER TABLE `price_percent`
  ADD PRIMARY KEY (`id`);

--
-- Chỉ mục cho bảng `product`
--
ALTER TABLE `product`
  ADD PRIMARY KEY (`product_id`),
  ADD KEY `product_cat_id` (`productcat_id`),
  ADD KEY `product_hot` (`product_hot`),
  ADD KEY `state` (`state`),
  ADD KEY `product_sale` (`product_sale`),
  ADD KEY `product_new` (`product_new`),
  ADD KEY `created_id` (`created_id`);

--
-- Chỉ mục cho bảng `productcat`
--
ALTER TABLE `productcat`
  ADD PRIMARY KEY (`productcat_id`),
  ADD KEY `productcat_sort_order` (`productcat_sort_order`),
  ADD KEY `productcat_parent` (`productcat_parent`),
  ADD KEY `created_id` (`created_id`);

--
-- Chỉ mục cho bảng `productcat_languages`
--
ALTER TABLE `productcat_languages`
  ADD PRIMARY KEY (`id`),
  ADD KEY `product_cat_id` (`productcat_id`),
  ADD KEY `edit_state` (`edit_state`);

--
-- Chỉ mục cho bảng `producttag`
--
ALTER TABLE `producttag`
  ADD PRIMARY KEY (`producttag_id`);

--
-- Chỉ mục cho bảng `producttag_languages`
--
ALTER TABLE `producttag_languages`
  ADD PRIMARY KEY (`id`);

--
-- Chỉ mục cho bảng `product_color`
--
ALTER TABLE `product_color`
  ADD PRIMARY KEY (`id`),
  ADD KEY `product_id` (`product_id`);

--
-- Chỉ mục cho bảng `product_languages`
--
ALTER TABLE `product_languages`
  ADD PRIMARY KEY (`id`),
  ADD KEY `product_id` (`product_id`),
  ADD KEY `edit_state` (`edit_state`);

--
-- Chỉ mục cho bảng `product_producer`
--
ALTER TABLE `product_producer`
  ADD PRIMARY KEY (`producer_id`);

--
-- Chỉ mục cho bảng `product_producer_languages`
--
ALTER TABLE `product_producer_languages`
  ADD PRIMARY KEY (`id`),
  ADD KEY `producer_id` (`producer_id`);

--
-- Chỉ mục cho bảng `pro_color`
--
ALTER TABLE `pro_color`
  ADD PRIMARY KEY (`id`),
  ADD KEY `id_product` (`id_product`);

--
-- Chỉ mục cho bảng `rating`
--
ALTER TABLE `rating`
  ADD PRIMARY KEY (`id`);

--
-- Chỉ mục cho bảng `regInfor`
--
ALTER TABLE `regInfor`
  ADD PRIMARY KEY (`regInfor_id`);

--
-- Chỉ mục cho bảng `regMember`
--
ALTER TABLE `regMember`
  ADD PRIMARY KEY (`regMember_id`);

--
-- Chỉ mục cho bảng `sale`
--
ALTER TABLE `sale`
  ADD PRIMARY KEY (`sale_id`);

--
-- Chỉ mục cho bảng `service`
--
ALTER TABLE `service`
  ADD PRIMARY KEY (`service_id`);

--
-- Chỉ mục cho bảng `servicecat`
--
ALTER TABLE `servicecat`
  ADD PRIMARY KEY (`servicecat_id`);

--
-- Chỉ mục cho bảng `servicecat_languages`
--
ALTER TABLE `servicecat_languages`
  ADD PRIMARY KEY (`id`),
  ADD KEY `fk_servicecat` (`servicecat_id`);

--
-- Chỉ mục cho bảng `servicetag`
--
ALTER TABLE `servicetag`
  ADD PRIMARY KEY (`servicetag_id`);

--
-- Chỉ mục cho bảng `servicetag_languages`
--
ALTER TABLE `servicetag_languages`
  ADD PRIMARY KEY (`id`);

--
-- Chỉ mục cho bảng `service_languages`
--
ALTER TABLE `service_languages`
  ADD PRIMARY KEY (`id`),
  ADD KEY `fk_service` (`service_id`);

--
-- Chỉ mục cho bảng `size`
--
ALTER TABLE `size`
  ADD PRIMARY KEY (`size_id`),
  ADD KEY `color_id` (`color_id`),
  ADD KEY `product_id` (`product_id`);

--
-- Chỉ mục cho bảng `thuong_hieu`
--
ALTER TABLE `thuong_hieu`
  ADD PRIMARY KEY (`id`);

--
-- Chỉ mục cho bảng `trademark`
--
ALTER TABLE `trademark`
  ADD PRIMARY KEY (`id`);

--
-- Chỉ mục cho bảng `user`
--
ALTER TABLE `user`
  ADD PRIMARY KEY (`user_id`);

--
-- Chỉ mục cho bảng `user_online`
--
ALTER TABLE `user_online`
  ADD PRIMARY KEY (`tgtmp`),
  ADD KEY `ip` (`ip`),
  ADD KEY `local` (`local`);

--
-- Chỉ mục cho bảng `wishlist`
--
ALTER TABLE `wishlist`
  ADD PRIMARY KEY (`wishlist_id`),
  ADD KEY `user_id` (`user_id`),
  ADD KEY `product_id` (`product_id`);

--
-- AUTO_INCREMENT cho các bảng đã đổ
--

--
-- AUTO_INCREMENT cho bảng `admin`
--
ALTER TABLE `admin`
  MODIFY `admin_id` int(11) NOT NULL AUTO_INCREMENT, AUTO_INCREMENT=16;

--
-- AUTO_INCREMENT cho bảng `admin_role`
--
ALTER TABLE `admin_role`
  MODIFY `admin_role_id` int(11) NOT NULL AUTO_INCREMENT, AUTO_INCREMENT=3;

--
-- AUTO_INCREMENT cho bảng `cart`
--
ALTER TABLE `cart`
  MODIFY `id_cart` int(11) NOT NULL AUTO_INCREMENT, AUTO_INCREMENT=4;

--
-- AUTO_INCREMENT cho bảng `cartdetail`
--
ALTER TABLE `cartdetail`
  MODIFY `id_cartDetail` int(11) NOT NULL AUTO_INCREMENT, AUTO_INCREMENT=4;

--
-- AUTO_INCREMENT cho bảng `color`
--
ALTER TABLE `color`
  MODIFY `color_id` bigint(20) NOT NULL AUTO_INCREMENT;

--
-- AUTO_INCREMENT cho bảng `config`
--
ALTER TABLE `config`
  MODIFY `config_id` int(11) NOT NULL AUTO_INCREMENT, AUTO_INCREMENT=2;

--
-- AUTO_INCREMENT cho bảng `config_languages`
--
ALTER TABLE `config_languages`
  MODIFY `id` int(11) NOT NULL AUTO_INCREMENT, AUTO_INCREMENT=3;

--
-- AUTO_INCREMENT cho bảng `currency`
--
ALTER TABLE `currency`
  MODIFY `currency_id` int(11) NOT NULL AUTO_INCREMENT;

--
-- AUTO_INCREMENT cho bảng `khoang_gia`
--
ALTER TABLE `khoang_gia`
  MODIFY `id` int(11) NOT NULL AUTO_INCREMENT;

--
-- AUTO_INCREMENT cho bảng `languages`
--
ALTER TABLE `languages`
  MODIFY `languages_id` int(11) NOT NULL AUTO_INCREMENT, AUTO_INCREMENT=3;

--
-- AUTO_INCREMENT cho bảng `lien_he`
--
ALTER TABLE `lien_he`
  MODIFY `id` int(11) NOT NULL AUTO_INCREMENT, AUTO_INCREMENT=20;

--
-- AUTO_INCREMENT cho bảng `menu`
--
ALTER TABLE `menu`
  MODIFY `menu_id` int(11) NOT NULL AUTO_INCREMENT, AUTO_INCREMENT=245;

--
-- AUTO_INCREMENT cho bảng `menu_languages`
--
ALTER TABLE `menu_languages`
  MODIFY `id` bigint(20) NOT NULL AUTO_INCREMENT, AUTO_INCREMENT=467;

--
-- AUTO_INCREMENT cho bảng `menu_type`
--
ALTER TABLE `menu_type`
  MODIFY `menu_type_id` int(11) NOT NULL AUTO_INCREMENT, AUTO_INCREMENT=16;

--
-- AUTO_INCREMENT cho bảng `menu_type_languages`
--
ALTER TABLE `menu_type_languages`
  MODIFY `id` int(11) NOT NULL AUTO_INCREMENT, AUTO_INCREMENT=31;

--
-- AUTO_INCREMENT cho bảng `news`
--
ALTER TABLE `news`
  MODIFY `news_id` int(11) NOT NULL AUTO_INCREMENT, AUTO_INCREMENT=12;

--
-- AUTO_INCREMENT cho bảng `newscat`
--
ALTER TABLE `newscat`
  MODIFY `newscat_id` int(11) NOT NULL AUTO_INCREMENT, AUTO_INCREMENT=11;

--
-- AUTO_INCREMENT cho bảng `newscat_languages`
--
ALTER TABLE `newscat_languages`
  MODIFY `id` int(11) NOT NULL AUTO_INCREMENT, AUTO_INCREMENT=21;

--
-- AUTO_INCREMENT cho bảng `newstag`
--
ALTER TABLE `newstag`
  MODIFY `newstag_id` int(11) NOT NULL AUTO_INCREMENT, AUTO_INCREMENT=5;

--
-- AUTO_INCREMENT cho bảng `newstag_languages`
--
ALTER TABLE `newstag_languages`
  MODIFY `id` int(11) NOT NULL AUTO_INCREMENT, AUTO_INCREMENT=9;

--
-- AUTO_INCREMENT cho bảng `news_languages`
--
ALTER TABLE `news_languages`
  MODIFY `id` bigint(20) NOT NULL AUTO_INCREMENT, AUTO_INCREMENT=23;

--
-- AUTO_INCREMENT cho bảng `nhan_khuyen_mai`
--
ALTER TABLE `nhan_khuyen_mai`
  MODIFY `id` int(11) NOT NULL AUTO_INCREMENT, AUTO_INCREMENT=2;

--
-- AUTO_INCREMENT cho bảng `nhan_tin`
--
ALTER TABLE `nhan_tin`
  MODIFY `id` int(11) NOT NULL AUTO_INCREMENT;

--
-- AUTO_INCREMENT cho bảng `optionsQ1`
--
ALTER TABLE `optionsQ1`
  MODIFY `optionsQ1_id` int(11) NOT NULL AUTO_INCREMENT, AUTO_INCREMENT=6;

--
-- AUTO_INCREMENT cho bảng `optionsQ2`
--
ALTER TABLE `optionsQ2`
  MODIFY `optionsQ2_id` int(11) NOT NULL AUTO_INCREMENT, AUTO_INCREMENT=3;

--
-- AUTO_INCREMENT cho bảng `optionsQ3`
--
ALTER TABLE `optionsQ3`
  MODIFY `optionsQ3_id` int(11) NOT NULL AUTO_INCREMENT, AUTO_INCREMENT=4;

--
-- AUTO_INCREMENT cho bảng `optionsQ4`
--
ALTER TABLE `optionsQ4`
  MODIFY `optionsQ4_id` int(11) NOT NULL AUTO_INCREMENT, AUTO_INCREMENT=5;

--
-- AUTO_INCREMENT cho bảng `optionsQ5`
--
ALTER TABLE `optionsQ5`
  MODIFY `optionsQ5_id` int(11) NOT NULL AUTO_INCREMENT, AUTO_INCREMENT=5;

--
-- AUTO_INCREMENT cho bảng `optionsQ6`
--
ALTER TABLE `optionsQ6`
  MODIFY `optionsQ6_id` int(11) NOT NULL AUTO_INCREMENT, AUTO_INCREMENT=5;

--
-- AUTO_INCREMENT cho bảng `optionsQ7`
--
ALTER TABLE `optionsQ7`
  MODIFY `optionsQ7_id` int(11) NOT NULL AUTO_INCREMENT, AUTO_INCREMENT=3;

--
-- AUTO_INCREMENT cho bảng `optionsQ8`
--
ALTER TABLE `optionsQ8`
  MODIFY `optionsQ8_id` int(11) NOT NULL AUTO_INCREMENT, AUTO_INCREMENT=4;

--
-- AUTO_INCREMENT cho bảng `optionsQ9`
--
ALTER TABLE `optionsQ9`
  MODIFY `optionsQ9_id` int(11) NOT NULL AUTO_INCREMENT, AUTO_INCREMENT=4;

--
-- AUTO_INCREMENT cho bảng `orders`
--
ALTER TABLE `orders`
  MODIFY `orders_id` int(11) NOT NULL AUTO_INCREMENT;

--
-- AUTO_INCREMENT cho bảng `order_detail`
--
ALTER TABLE `order_detail`
  MODIFY `order_detail_id` int(11) NOT NULL AUTO_INCREMENT;

--
-- AUTO_INCREMENT cho bảng `order_state`
--
ALTER TABLE `order_state`
  MODIFY `order_state_id` int(11) NOT NULL AUTO_INCREMENT, AUTO_INCREMENT=8;

--
-- AUTO_INCREMENT cho bảng `page`
--
ALTER TABLE `page`
  MODIFY `page_id` int(11) NOT NULL AUTO_INCREMENT, AUTO_INCREMENT=71;

--
-- AUTO_INCREMENT cho bảng `page_languages`
--
ALTER TABLE `page_languages`
  MODIFY `id` bigint(20) NOT NULL AUTO_INCREMENT, AUTO_INCREMENT=107;

--
-- AUTO_INCREMENT cho bảng `price_percent`
--
ALTER TABLE `price_percent`
  MODIFY `id` int(11) NOT NULL AUTO_INCREMENT, AUTO_INCREMENT=11;

--
-- AUTO_INCREMENT cho bảng `product`
--
ALTER TABLE `product`
  MODIFY `product_id` int(11) NOT NULL AUTO_INCREMENT, AUTO_INCREMENT=2220;

--
-- AUTO_INCREMENT cho bảng `productcat`
--
ALTER TABLE `productcat`
  MODIFY `productcat_id` int(11) NOT NULL AUTO_INCREMENT, AUTO_INCREMENT=110;

--
-- AUTO_INCREMENT cho bảng `productcat_languages`
--
ALTER TABLE `productcat_languages`
  MODIFY `id` bigint(20) NOT NULL AUTO_INCREMENT, AUTO_INCREMENT=1097;

--
-- AUTO_INCREMENT cho bảng `producttag`
--
ALTER TABLE `producttag`
  MODIFY `producttag_id` int(11) NOT NULL AUTO_INCREMENT, AUTO_INCREMENT=9;

--
-- AUTO_INCREMENT cho bảng `producttag_languages`
--
ALTER TABLE `producttag_languages`
  MODIFY `id` int(11) NOT NULL AUTO_INCREMENT, AUTO_INCREMENT=10;

--
-- AUTO_INCREMENT cho bảng `product_color`
--
ALTER TABLE `product_color`
  MODIFY `id` bigint(20) NOT NULL AUTO_INCREMENT;

--
-- AUTO_INCREMENT cho bảng `product_languages`
--
ALTER TABLE `product_languages`
  MODIFY `id` bigint(20) NOT NULL AUTO_INCREMENT, AUTO_INCREMENT=4427;

--
-- AUTO_INCREMENT cho bảng `product_producer`
--
ALTER TABLE `product_producer`
  MODIFY `producer_id` int(11) NOT NULL AUTO_INCREMENT, AUTO_INCREMENT=11;

--
-- AUTO_INCREMENT cho bảng `product_producer_languages`
--
ALTER TABLE `product_producer_languages`
  MODIFY `id` int(11) NOT NULL AUTO_INCREMENT, AUTO_INCREMENT=50;

--
-- AUTO_INCREMENT cho bảng `pro_color`
--
ALTER TABLE `pro_color`
  MODIFY `id` int(11) NOT NULL AUTO_INCREMENT;

--
-- AUTO_INCREMENT cho bảng `rating`
--
ALTER TABLE `rating`
  MODIFY `id` int(11) NOT NULL AUTO_INCREMENT, AUTO_INCREMENT=3;

--
-- AUTO_INCREMENT cho bảng `regInfor`
--
ALTER TABLE `regInfor`
  MODIFY `regInfor_id` int(11) NOT NULL AUTO_INCREMENT, AUTO_INCREMENT=61;

--
-- AUTO_INCREMENT cho bảng `regMember`
--
ALTER TABLE `regMember`
  MODIFY `regMember_id` int(11) NOT NULL AUTO_INCREMENT, AUTO_INCREMENT=127;

--
-- AUTO_INCREMENT cho bảng `sale`
--
ALTER TABLE `sale`
  MODIFY `sale_id` int(11) NOT NULL AUTO_INCREMENT;

--
-- AUTO_INCREMENT cho bảng `service`
--
ALTER TABLE `service`
  MODIFY `service_id` int(11) NOT NULL AUTO_INCREMENT, AUTO_INCREMENT=74;

--
-- AUTO_INCREMENT cho bảng `servicecat`
--
ALTER TABLE `servicecat`
  MODIFY `servicecat_id` int(11) NOT NULL AUTO_INCREMENT, AUTO_INCREMENT=4;

--
-- AUTO_INCREMENT cho bảng `servicecat_languages`
--
ALTER TABLE `servicecat_languages`
  MODIFY `id` int(11) NOT NULL AUTO_INCREMENT, AUTO_INCREMENT=7;

--
-- AUTO_INCREMENT cho bảng `servicetag`
--
ALTER TABLE `servicetag`
  MODIFY `servicetag_id` int(11) NOT NULL AUTO_INCREMENT, AUTO_INCREMENT=6;

--
-- AUTO_INCREMENT cho bảng `servicetag_languages`
--
ALTER TABLE `servicetag_languages`
  MODIFY `id` int(11) NOT NULL AUTO_INCREMENT, AUTO_INCREMENT=8;

--
-- AUTO_INCREMENT cho bảng `service_languages`
--
ALTER TABLE `service_languages`
  MODIFY `id` int(11) NOT NULL AUTO_INCREMENT, AUTO_INCREMENT=103;

--
-- AUTO_INCREMENT cho bảng `size`
--
ALTER TABLE `size`
  MODIFY `size_id` bigint(20) NOT NULL AUTO_INCREMENT;

--
-- AUTO_INCREMENT cho bảng `thuong_hieu`
--
ALTER TABLE `thuong_hieu`
  MODIFY `id` int(11) NOT NULL AUTO_INCREMENT;

--
-- AUTO_INCREMENT cho bảng `trademark`
--
ALTER TABLE `trademark`
  MODIFY `id` int(11) NOT NULL AUTO_INCREMENT, AUTO_INCREMENT=107;

--
-- AUTO_INCREMENT cho bảng `user`
--
ALTER TABLE `user`
  MODIFY `user_id` int(11) NOT NULL AUTO_INCREMENT, AUTO_INCREMENT=12;

--
-- AUTO_INCREMENT cho bảng `wishlist`
--
ALTER TABLE `wishlist`
  MODIFY `wishlist_id` int(11) NOT NULL AUTO_INCREMENT;

--
-- Các ràng buộc cho các bảng đã đổ
--

--
-- Các ràng buộc cho bảng `cartdetail`
--
ALTER TABLE `cartdetail`
  ADD CONSTRAINT `cartdetail_ibfk_1` FOREIGN KEY (`id_cart`) REFERENCES `cart` (`id_cart`) ON DELETE CASCADE;

--
-- Các ràng buộc cho bảng `color`
--
ALTER TABLE `color`
  ADD CONSTRAINT `color_ibfk_1` FOREIGN KEY (`product_id`) REFERENCES `product` (`product_id`) ON DELETE CASCADE ON UPDATE CASCADE;

--
-- Các ràng buộc cho bảng `menu_languages`
--
ALTER TABLE `menu_languages`
  ADD CONSTRAINT `menu_languages_ibfk_1` FOREIGN KEY (`menu_id`) REFERENCES `menu` (`menu_id`) ON DELETE CASCADE;

--
-- Các ràng buộc cho bảng `menu_type_languages`
--
ALTER TABLE `menu_type_languages`
  ADD CONSTRAINT `menu_type_languages_ibfk_1` FOREIGN KEY (`menu_type_id`) REFERENCES `menu_type` (`menu_type_id`) ON DELETE CASCADE;

--
-- Các ràng buộc cho bảng `newscat_languages`
--
ALTER TABLE `newscat_languages`
  ADD CONSTRAINT `newscat_languages_ibfk_1` FOREIGN KEY (`newscat_id`) REFERENCES `newscat` (`newscat_id`) ON DELETE CASCADE ON UPDATE CASCADE;

--
-- Các ràng buộc cho bảng `news_languages`
--
ALTER TABLE `news_languages`
  ADD CONSTRAINT `news_languages_ibfk_1` FOREIGN KEY (`news_id`) REFERENCES `news` (`news_id`) ON DELETE CASCADE ON UPDATE CASCADE;

--
-- Các ràng buộc cho bảng `order_detail`
--
ALTER TABLE `order_detail`
  ADD CONSTRAINT `order_detail_ibfk_1` FOREIGN KEY (`order_id`) REFERENCES `orders` (`orders_id`) ON DELETE CASCADE ON UPDATE CASCADE;

--
-- Các ràng buộc cho bảng `page_languages`
--
ALTER TABLE `page_languages`
  ADD CONSTRAINT `page_languages_ibfk_1` FOREIGN KEY (`page_id`) REFERENCES `page` (`page_id`) ON DELETE CASCADE ON UPDATE CASCADE;

--
-- Các ràng buộc cho bảng `productcat_languages`
--
ALTER TABLE `productcat_languages`
  ADD CONSTRAINT `productcat_languages_ibfk_1` FOREIGN KEY (`productcat_id`) REFERENCES `productcat` (`productcat_id`) ON DELETE CASCADE ON UPDATE CASCADE;

--
-- Các ràng buộc cho bảng `product_languages`
--
ALTER TABLE `product_languages`
  ADD CONSTRAINT `product_languages_ibfk_1` FOREIGN KEY (`product_id`) REFERENCES `product` (`product_id`) ON DELETE CASCADE ON UPDATE CASCADE;

--
-- Các ràng buộc cho bảng `product_producer_languages`
--
ALTER TABLE `product_producer_languages`
  ADD CONSTRAINT `product_producer_languages_ibfk_1` FOREIGN KEY (`producer_id`) REFERENCES `product_producer` (`producer_id`) ON DELETE CASCADE;

--
-- Các ràng buộc cho bảng `pro_color`
--
ALTER TABLE `pro_color`
  ADD CONSTRAINT `pro_color_ibfk_1` FOREIGN KEY (`id_product`) REFERENCES `product` (`product_id`) ON DELETE CASCADE;

--
-- Các ràng buộc cho bảng `servicecat_languages`
--
ALTER TABLE `servicecat_languages`
  ADD CONSTRAINT `servicecat_languages_ibfk_1` FOREIGN KEY (`servicecat_id`) REFERENCES `servicecat` (`servicecat_id`) ON DELETE CASCADE;

--
-- Các ràng buộc cho bảng `service_languages`
--
ALTER TABLE `service_languages`
  ADD CONSTRAINT `service_languages_ibfk_1` FOREIGN KEY (`service_id`) REFERENCES `service` (`service_id`) ON DELETE CASCADE;

--
-- Các ràng buộc cho bảng `size`
--
ALTER TABLE `size`
  ADD CONSTRAINT `size_ibfk_1` FOREIGN KEY (`color_id`) REFERENCES `color` (`color_id`) ON DELETE CASCADE ON UPDATE CASCADE;
COMMIT;

/*!40101 SET CHARACTER_SET_CLIENT=@OLD_CHARACTER_SET_CLIENT */;
/*!40101 SET CHARACTER_SET_RESULTS=@OLD_CHARACTER_SET_RESULTS */;
/*!40101 SET COLLATION_CONNECTION=@OLD_COLLATION_CONNECTION */;
